id,objet,montant,categorie,procedure,offres_recues,acheteur_nom,titulaire_siret,date,prix_ref_moyen,prix_ref_max,unites_estimees_prix_moyen,unites_estimees_prix_max,suspicion_score,raisons_alerte
20230030100,FOURN. MATERIELS-LOGICIELS INFO ET CONSOLES JEUX - MATERIELS - LOGICIELS INFORMATIQUE,3000000.0,logiciels,Appel d'offres ouvert,,,42978416800065,2023-12-31,500,10000,6000,300,1,"Montant eleve (3,000,000 > seuil 500,000)"
202424NA10C100,FRUITS ET LEGUMES,50000.0,alimentaire_restauration,Appel d'offres ouvert,,,82867642900032,2023-12-31,8,20,6250,2500,0,
2023AO18100,PRESTATION DE SERVICES DE TÉLÉCOMMUNICATION - TÉLÉPHONIE FIXE ET TRUNK SIP,120000.0,telephonie,Appel d'offres ouvert,,,39748093003498,2023-12-31,500,5000,240,24,0,
2023AO18200,PRESTATION DE SERVICES DE TÉLÉCOMMUNICATION - TÉLÉPHONIE MOBILE,100000.0,telephonie,Appel d'offres ouvert,,,39748093003498,2023-12-31,500,5000,200,20,0,
2023091414MVG00,FOURNITURE DE MOBILIER MEDIATHEQUES,100000.0,mobilier_bureau,Appel d'offres ouvert,,,38365393800027,2023-12-30,400,2000,250,50,0,
2023091414MVG00,FOURNITURE DE MOBILIER MEDIATHEQUES,900000.0,mobilier_bureau,Appel d'offres ouvert,,,38365393800027,2023-12-30,400,2000,2250,450,1,"Montant eleve (900,000 > seuil 500,000)"
20242317100,FOURNITURES DE BUREAU DE LIBRAIRIE SCOLAIRES ET MOBILIERS ADMINISTRATIFS SCOLAIRES DES COLLECTIVITES LOCALES  LOT 6 - L01 LIVRES SCOLAIRES,40000.0,mobilier_bureau,Appel d'offres ouvert,,,65950183700010,2023-12-29,400,2000,100,20,0,
2023M2400006800,FRE ET LIV REPAS CHAUD ACTIVITES ALSH ET MJ CCAS - LOT 1,191100.0,alimentaire_restauration,Appel d'offres ouvert,,,44931731200030,2023-12-29,8,20,23888,9555,0,
20242316800,FOURNITURES DE BUREAU DE LIBRAIRIE SCOLAIRES ET MOBILIERS ADMINISTRATIFS SCOLAIRES DES COLLECTIVITES LOCALES  LOT 2 - F02 FOURNITURES DE BUREAU,66000.0,mobilier_bureau,Appel d'offres ouvert,,,65950183700010,2023-12-29,400,2000,165,33,0,
2023IMENAGE00,Matériel de Nettoyage,43401.5,nettoyage_produits,Procédure adaptée,,,53257857200028,2023-12-29,20,100,2170,434,0,
2023276310002,"23_2763_1_00 Evolution, maintenance et prestations associées du logiciel de la suite Scribe",165600.64,logiciels,Procédure négociée avec mise en concurrence préala,,,35028626600050,2023-12-29,500,10000,331,17,0,
2023SPEDF15-0100,Lot no01 : Approvisionnement de carburant par cartes accréditives des véhicules de la CCPCP,612000.0,vehicules,Appel d'offres ouvert,,,52824980800031,2023-12-29,30000,120000,20,5,0,
2024RLV230500300,Achat de matériel pour les services techniques - lot 3 : Quincaillerie,50000.0,materiel_construction,Procédure adaptée,,,32968134000017,2023-12-29,500,10000,100,5,0,
202325-00300,Lot 3 : Produits surgelés,40000.0,alimentaire_restauration,Procédure adaptée,,,31680701501340,2023-12-29,8,20,5000,2000,0,
2024000101,UNIHA - FOURNITURES DE CONSOMMABLES POUR IMPRIMANTES,167379.52,imprimantes,Appel d'offres ouvert,,,75377852100066,2023-12-29,800,5000,209,33,0,
202398755000,"Construction de 40 logements collectifs et d'une salle commune à Aulnoye Aymeries, rue Henri Barbusse: Lot 2 : Réseaux secs",35510.0,reseau,Procédure adaptée,,,30713280300049,2023-12-29,2000,20000,18,2,0,
2023M2400006900,FRE ET LIV REPAS FROID ACTIVITES ALSH ET MJ CCAS - LOT 2,63700.0,alimentaire_restauration,Appel d'offres ouvert,,,44931731200030,2023-12-29,8,20,7962,3185,0,
20242317200,FOURNITURES DE BUREAU DE LIBRAIRIE SCOALIRES ET MOBILIERS ADMINISTRATIFS SCOLAIRES DES COLLECTIVITES LOCALES  LOT 7 - L02 LIVRES NON SCOLAIRES A DESTI,40000.0,mobilier_bureau,Appel d'offres ouvert,,,65950183700010,2023-12-29,400,2000,100,20,0,
2023362L600,FRUITS ET LEGUMES,49000.0,alimentaire_restauration,Procédure adaptée,,,55204499202861,2023-12-29,8,20,6125,2450,0,
20242316700,FOURNITURES DE BUREAU DE LIBRAIRIE SCOLAIRES ET MOBILIERS ADMINISTRATIFS SCOLAIRES DES COLLECTIVITES LOCALES  LOT 1 - F01 PAPIER TOUTES IMPRESSIONS (R,44000.0,imprimantes,Appel d'offres ouvert,,,65950183700010,2023-12-29,800,5000,55,9,0,
2023L01200,TRAVAUX REALISATION ESPACE SANTE SIMONE VEIL LOT 3 COURANTS FORT ET FAIBLES - SSI,66458.14,chauffage_clim,Procédure adaptée,,,81800844300033,2023-12-29,15000,100000,4,1,0,
2023IMENAGE01,Matériel de Nettoyage,43401.5,nettoyage_produits,Procédure adaptée,,,53257857200028,2023-12-29,20,100,2170,434,0,
202423000650100,FOURNITURE & POSE DE MOBILIER D'AMENAGEMENT CONSERVATOIRE KB,115357.21,mobilier_bureau,Procédure adaptée,,,39952875100049,2023-12-29,400,2000,288,58,0,
202322N0823-0000,DP-FOURNITURES ET POSE DE COMPTEURS VELOS ET DE TOTEMS D'AFFICHAGE,480000.0,ecrans_moniteurs,Appel d'offres ouvert,,,47762777200023,2023-12-29,250,800,1920,600,1,"Montant eleve (480,000 > seuil 200,000)"
20232319010000,"TRVX RENOUVELLEMENT RESEAUX EAUX POTABLE, USEES, PLUVIALES",1090439.2,mobilier_bureau,Procédure adaptée,,,42134004300072,2023-12-28,400,2000,2726,545,1,"Montant eleve (1,090,439 > seuil 500,000)"
2023TX0011-100,PITHIVIERS_LOT 01 EAU POTABLE_REQUALIFICATION RUE CAPITAINE GIRY,96126.2,mobilier_bureau,Procédure adaptée,,,32933888305004,2023-12-28,400,2000,240,48,0,
2023-007 LOT 100,IMPRESSION  DES SUPPORTS DE COMMUNICATIONS,152000.0,imprimantes,Procédure adaptée,,,78735021400039,2023-12-28,800,5000,190,30,0,
2023AOO00162,Fourniture et livraison d'équipements pédagogiques pour la formation automobile de la Chambre de métiers et de l'artisanat Hauts-de-France: Lot 2: Out,720000.0,telephonie,Appel d'offres ouvert,6.0,,58558103600019,2023-12-28,500,5000,1440,144,1,"Montant eleve (720,000 > seuil 300,000)"
20232024F0003200,"Fournitures de denrées alimentaires et fournitures diverses pour la commune de Theix-Noyalo - Produits jetables, essuyage, hygiène du personnel, cuisi",7000.0,mobilier_bureau,Appel d'offres ouvert,,,50315165600033,2023-12-28,400,2000,18,4,0,
20242024010100,MOBILIER SCOLAIRE,60000.0,mobilier_bureau,Procédure adaptée,,,84966150900026,2023-12-28,400,2000,150,30,0,
2023A13L300,PEINTURE REVETEMENTS DE SOLS ET CONNEXE,360000.0,materiel_construction,Appel d'offres ouvert,,,30628930703402,2023-12-28,500,10000,720,36,0,
241000008,"DEVELOPPEMENT, MISE A DISPOSITION ET ACCOMPAGNEMENT DANS L'UTILISATION D'UN LOGICIEL ERP ("" ENTERPRISE RESOURCE PLANNING "") DANS LE DOMAINE DES ENERGI",150000.0,logiciels,Procédure adaptée,3.0,,89140307300010,2023-12-28,500,10000,300,15,0,
20232024F0000100,Fourniture de services internet du siège et des sites distants - Accès internet du siège de Golfe du Morbihan - Vannes agglomération en fibre optique,88000.0,mobilier_bureau,Procédure adaptée,,,47889051000017,2023-12-28,400,2000,220,44,0,
2023091414MVE00,FOURNITURE ET POSE TABLEAUX VITRINES,331200.0,mobilier_bureau,Appel d'offres ouvert,,,40267356000023,2023-12-28,400,2000,828,166,0,
2023A13L400,QUINCAILLERIE ET CONNEXE,360000.0,materiel_construction,Appel d'offres ouvert,,,40309296800029,2023-12-28,500,10000,720,36,0,
20232023F0007700,"Acquisition, transport et mise en service d'une station de carburant container",59990.0,carburant,Procédure adaptée,,,39500831100056,2023-12-28,1.6,1.8,37494,33328,0,
2023ST03500,ACQUISITION DE VEHICULES LEGERS - MAPA - 3 VÉHICULES LÉGERS HYBRIDE,68229.87,vehicules,Procédure adaptée,,,42814876100029,2023-12-28,30000,120000,2,1,0,
2023A13L700,BOIS ET DERIVES,200000.0,materiel_construction,Appel d'offres ouvert,,,30322778900052,2023-12-28,500,10000,400,20,0,
2023C3F09101AU00,LOT 01 VIANDES SURGELEES,600000.0,alimentaire_restauration,Appel d'offres ouvert,,,31680701501340,2023-12-28,8,20,75000,30000,0,
20232024F0003400,"Fournitures de denrées alimentaires et fournitures diverses pour la commune de Theix-Noyalo - Produits jetables, essuyage, hygiène du personnel, cuisi",7000.0,mobilier_bureau,Appel d'offres ouvert,,,44031947300268,2023-12-28,400,2000,18,4,0,
20232024F0003300,"Fournitures de denrées alimentaires et fournitures diverses pour la commune de Theix-Noyalo - Produits jetables, essuyage, hygiène du personnel, cuisi",7000.0,mobilier_bureau,Appel d'offres ouvert,,,44030355000154,2023-12-28,400,2000,18,4,0,
2023500401,Aménagement d'un square communal au 7 rue Simonnot - 93310 Le Pré Saint-Gervais: Lot 4: ÉCLAIRAGE PUBLIC,47348.0,eclairage,Procédure adaptée,,,48816890700035,2023-12-28,100,1000,473,47,0,
2023AOO00163,Fourniture et livraison d'équipements pédagogiques pour la formation automobile de la Chambre de métiers et de l'artisanat Hauts-de-France: Lot 3: Ser,80000.0,telephonie,Appel d'offres ouvert,6.0,,58558103600019,2023-12-28,500,5000,160,16,0,
20235500,"Location, installation et maintenance copieur GS 4",40000.0,imprimantes,Marché négocié sans publicité ni mise en concurren,,,63201751303320,2023-12-27,800,5000,50,8,2,Sans mise en concurrence
2023V3F35910AU00,LOT 10 FRUITS ET LEGUMES FRAIS 1ERE 4EME ET 5EME GAMME,1680000.0,alimentaire_restauration,Appel d'offres ouvert,,,30819895100052,2023-12-27,8,20,210000,84000,0,
2023M11800,"UTILISATION, MAINTENANCE ET ASSISTANCE DU LOGICIEL ADEQUACY CORPORATE",96656.0,logiciels,Marché négocié sans publicité ni mise en concurren,,,44811688900024,2023-12-27,500,10000,193,10,2,Sans mise en concurrence
202320700,Marché subséquent n° 2 - fourniture de consommables pour solutions de copie et d'impression: Accord cadre,10000.0,imprimantes,Procédure adaptée,2.0,,33365921700041,2023-12-27,800,5000,12,2,0,
2023O4667A04,"Acquisition maintenance serveurs Windows-Linux-Equipements actifs de réseaux, sécurité, téléphonie sur IP et prestations associées-Lot 1- Acquisition ",8000000.0,serveurs,Appel d'offres ouvert,,,81193436300441,2023-12-27,8000,50000,1000,160,1,"Montant eleve (8,000,000 > seuil 5,000,000)"
2023F03250400,LOT4 PEINTURE AQUEUSE,600000.0,materiel_construction,Appel d'offres ouvert,,,50934949400062,2023-12-27,500,10000,1200,60,0,
20232023AP211500,EPICERIES ET BOISSONS,90000.0,vetements_travail,Appel d'offres ouvert,,,47698032100303,2023-12-27,50,200,1800,450,0,
2023V3F35912AU00,LOT 12 FRUITS ET LEGUMES A HAUTE VALEUR ENVIRONNEMENTALE,480000.0,alimentaire_restauration,Appel d'offres ouvert,,,30819895100052,2023-12-27,8,20,60000,24000,0,
202323231M07100,FOURNITURE ET POSE DE BATIMENTS MODULAIRES A USAGE DE BUREAUX ET VESTIAIRES,176584.23,mobilier_bureau,Procédure adaptée,,,89229832400013,2023-12-27,400,2000,441,88,0,
2023F03250200,LOT2 PEINTURE BI COMPOSANT BLANCHE PULVERISEES,200000.0,materiel_construction,Appel d'offres ouvert,,,38376579900143,2023-12-27,500,10000,400,20,0,
2023C3F09102AU00,LOT 02 VIANDE FRAICHE BOEUF VEAU AGNEAU,920000.0,alimentaire_restauration,Appel d'offres ouvert,,,40238454900026,2023-12-27,8,20,115000,46000,0,
202423VH01800100,CAMION POLYBENNE 3.5T,65340.0,vehicules,Procédure adaptée,,,82368781900107,2023-12-27,30000,120000,2,1,0,
2024A60800,Marché de concession des droits d'utilisation d'une licence site pour les logiciels ESRI et prestations associées,350150.0,logiciels,Marché négocié sans publicité ni mise en concurren,,,34849974000028,2023-12-27,500,10000,700,35,2,Sans mise en concurrence
2023C3F09110AU00,LOT 10 FRUITS ET LEGUMES FRAIS 1ERE 4EME ET 5EME GAMME  VILLE /CCAS,640000.0,alimentaire_restauration,Appel d'offres ouvert,,,30819895100052,2023-12-27,8,20,80000,32000,0,
202336820230100,MIGRATION SAAS DE SEDIT RH,62848.0,logiciels,Procédure adaptée,,,75580064600373,2023-12-27,500,10000,126,6,0,
2023C3F09109AU00,LOT 9 FRUITS ET LEGUMES SURGELES VILLE/CCAS,400000.0,alimentaire_restauration,Appel d'offres ouvert,,,55204499202382,2023-12-27,8,20,50000,20000,0,
2023O4668A00,"Acquisition maintenance serveurs Windows-Linux - Equipements actifs de réseaux, sécurité, téléphonie sur IP et prestations associées-Lot 2- acquisitio",5000000.0,serveurs,Appel d'offres ouvert,,,33156643000384,2023-12-27,8000,50000,625,100,0,
2023F03250300,LOT3 PEINTURE SOLVANTEE ET SOLVANTEE VNTP SANS SOLVANT NOCIF,600000.0,materiel_construction,Appel d'offres ouvert,,,38376579900143,2023-12-27,500,10000,1200,60,0,
2023C3F09112AU00,LOT 13 PRÉPARATION SURGELÉES SALÉES SUCRÉES ET GLACES,480000.0,alimentaire_restauration,Appel d'offres ouvert,,,55204499202382,2023-12-27,8,20,60000,24000,0,
20232023F0005700,"Fourniture, livraison et pose de mobiliers pour le hall d'accueil de la piscine de la Guerche de Bretagne",5211.81,mobilier_bureau,Procédure adaptée,,,42133938300091,2023-12-27,400,2000,13,3,0,
2023V3F35902AU00,LOT 02 VIANDE FRAICHE DE BOEUF VEAU ET AGNEAU,1480000.0,alimentaire_restauration,Appel d'offres ouvert,,,40238454900026,2023-12-27,8,20,185000,74000,0,
20232023A0070600,"Affaire 2023-11 - acquisition d'un camion 19 t de ptac, remorqueur, carrossé transports fermés: Accord cadre",136365.0,vehicules,Appel d'offres ouvert,,,30327375900017,2023-12-27,30000,120000,5,1,0,
2024IECOLELOT500,Construction de l'École Élémentaire de la Grande Garennes - LOT 5 : CVC PLOMBERIE,220000.0,chauffage_clim,Procédure adaptée,,,53386930100028,2023-12-27,15000,100000,15,2,0,
2023V3F35906AU00,LOT 06 VIANDE FRAICHE VOLAILLE ET LAPIN,480000.0,alimentaire_restauration,Appel d'offres ouvert,,,30819895100052,2023-12-27,8,20,60000,24000,0,
2023V3F35911AU00,LOT 11 FRUITS ET LEGUMES BIO,960000.0,alimentaire_restauration,Appel d'offres ouvert,,,30819895100052,2023-12-27,8,20,120000,48000,0,
20232023AP210900,"FRUITS, LEGUMES 1ERE, 4EME ET 5EME GAMME, ET POMMES DE TERRE",155000.0,alimentaire_restauration,Appel d'offres ouvert,,,55204499202648,2023-12-27,8,20,19375,7750,0,
2023-F-1100,REMPLACEMENT DES AUTOMATES ET INTEGRATION DE LA SUPERVISION DES STATIONS D?EPURATION DE LA CC7V,277100.0,materiel_labo,Appel d'offres ouvert,,,41482925900061,2023-12-26,5000,50000,55,6,0,
2023M23-075AGG01,M23-075AGG MOBILIER D ARCHIVAGE POUR L ANCIENNE BANQUE DE FRANCE,189224.0,mobilier_bureau,Procédure adaptée,,,33110243400056,2023-12-26,400,2000,473,95,0,
2023M11600,LOGICIEL PRINEO- MAINTENANCE ET ACHAT DE MODULES ET PRESTATIONS COMPLEMENTAIRES,91751.6,logiciels,Marché négocié sans publicité ni mise en concurren,,,41177545500040,2023-12-26,500,10000,184,9,2,Sans mise en concurrence
20231200,Acquisition de droits d'utilisation et installation d'un logiciel auprès du service finances pour le traitement de la gestion financière de la commune,88840.0,logiciels,Procédure adaptée,,,30516304000119,2023-12-26,500,10000,178,9,0,
2024M-2023-08900,LOT 9 - CHAUFFAGE VENTILATION RAFRAICHISSEMENT SANITAIRES,640052.39,chauffage_clim,Procédure adaptée,,,34400116900020,2023-12-26,15000,100000,43,6,0,
202320230940000,LOCATION ET ENTRETIEN DE 3 VÉHICULES FRIGORIFIQUES 23CAS03,107460.0,vehicules,Procédure adaptée,,,30057104900018,2023-12-26,30000,120000,4,1,0,
202314A00,TX aménagement OTI HOURTIN LOT1 Mobilier,57685.52,mobilier_bureau,Procédure adaptée,,,31688131700028,2023-12-26,400,2000,144,29,0,
202300200,Gestion de la restauration scolaire et municipale,480997.16,alimentaire_restauration,Appel d'offres ouvert,,,47718101000729,2023-12-26,8,20,60125,24050,0,
20232024F0000100,"GROUPEMENT DE COMMANDES - FOURNITURE DE PAPIER, MATERIELS ET CONSOMMABLES DE BUREAU ET FOURNITURES SCOLAIRES - RAMETTE DE PAPIER",240000.0,mobilier_bureau,Appel d'offres ouvert,,,44455346500014,2023-12-26,400,2000,600,120,0,
2373100,Hp 1523/1522 et#8211; la gorgue et#8211; rehabilitation energetique et travaux de forage  - 20 logements collectifs et 17 logements individuels: Lot 3,816893.0,chauffage_clim,Procédure adaptée,2.0,,51069673500032,2023-12-26,15000,100000,54,8,0,
23020200,Achat de véhicules de service urbains écologiques,99500.0,vehicules,Marché passé sans publicité ni mise en concurrence,1.0,,88750249000014,2023-12-26,30000,120000,3,1,4,Sans mise en concurrence | Fournisseur unique (1.0 offre)
202323A06700100,ACQUISITION DE VAISSSELLE ET ARTICLES POUR LA CUISINE ET LA TABLE,60000.0,mobilier_bureau,Procédure adaptée,,,42446088900019,2023-12-26,400,2000,150,30,0,
24988763,"Acquisition, intégration et maintenance d'une solution logicielle de rapprochement de l'offre et de la demande de logements locatifs",241350.0,logiciels,Appel d'offres ouvert,4.0,,75336986700035,2023-12-25,500,10000,483,24,0,
2024M-2023-0500,"LOCATION, INSTALLATION et MAINTENANCE DE COPIEURS MULTIFONCTIONS CONNECTES",41666.66,imprimantes,Procédure adaptée,,,33332163600586,2023-12-24,800,5000,52,8,0,
20232023088-100,"Maintenance BPU bornes escamotable,des barrières levantes et des poutres levantes motorisées",110000.0,reseau,Procédure adaptée,,,57207890500021,2023-12-23,2000,20000,55,6,0,
20232023F0006000,"Achat de pièces de rechange VL-VU et achat de pièces de rechange et/ou réparations pour camions, tracteurs, débrousailleuses, porte-outils, chargeuses",160000.0,vehicules,Appel d'offres ouvert,,,33212303300018,2023-12-22,30000,120000,5,1,0,
202412TU00,202312 ACQUISITION CAMION ORDURES MENAGERES D'OCCASION,110000.0,vehicules,Procédure adaptée,,,43359903200045,2023-12-22,30000,120000,4,1,0,
2023C3F09104AU00,LOT 4 VIANDE FRAICHE DE PORC SAUCISSERIE ET JAMBON,240000.0,alimentaire_restauration,Appel d'offres ouvert,,,33159575100032,2023-12-22,8,20,30000,12000,0,
202430397900,Fourniture et pose de matériel de réseau informatique pour les parkings et bornes escamotables,298000.0,reseau,Appel d'offres ouvert,,,88968240700024,2023-12-22,2000,20000,149,15,0,
249983051,Acquisition de 5 véhicules pour les besoins de la CIVIS.: Lot 1: Acquisition de véhicule de type Crossover/SUV hybr,42437.0,vehicules,Procédure adaptée,5.0,,39958274100027,2023-12-22,30000,120000,1,0,0,
2023190100,VIANDE PORCINE FRAICHE,200000.0,alimentaire_restauration,Appel d'offres ouvert,,,44986705000022,2023-12-22,8,20,25000,10000,0,
2023170100,"Acquisition de deux automates de déshydratation , avec prestation d?installation, de mise en service et de formation",214999.0,materiel_labo,Appel d'offres ouvert,,,34282043800030,2023-12-22,5000,50000,43,4,0,
20232023F0004900,"Achat de pièces de rechange VL-VU et achat de pièces de rechange et/ou réparations pour camions, tracteurs, débrousailleuses, porte-outils, chargeuses",32000.0,vehicules,Appel d'offres ouvert,,,32662082000240,2023-12-22,30000,120000,1,0,0,
2023-11-050700,Menuiseries intérieures bois,203830.99,materiel_construction,Procédure adaptée,,,43587191800023,2023-12-22,500,10000,408,20,0,
2024000023M02400,GSI MAINTENANCE DES PEROPHERIQUES D IMPRESSION SHARP ET DES SOLUTIONS LOGICIELLES ASSOCIEES,120000.0,imprimantes,Procédure adaptée,,,33332163600586,2023-12-22,800,5000,150,24,0,
2023FC04800,INFRASTRUCTURE VIRTUALISEE SYSTEME ALARME SGA/SGO,85425.0,securite,Procédure adaptée,,,39449277100057,2023-12-22,2000,20000,43,4,0,
2022222497-1B00,Lot 1B - Recyclerie - Réemploi de matériaux de 2nd uvre,69334.0,materiel_construction,Procédure adaptée,,,88054032300024,2023-12-22,500,10000,139,7,0,
20232023F0006400,"001_Fourniture, installation et maintenance de bornes de recharge pour véhicules électriques dans les locaux  SemBreizh de Rennes, Saint-Brieuc, Lorie",76677.16,reseau,Procédure adaptée,,,38145982500026,2023-12-22,2000,20000,38,4,0,
2023190500,VIANDE BOVINE FRAICHE,320000.0,alimentaire_restauration,Appel d'offres ouvert,,,44986705000022,2023-12-22,8,20,40000,16000,0,
2024CAMION00,CAMION MULTIFONCTION,215880.0,imprimantes,Appel d'offres ouvert,,,79688047400013,2023-12-22,800,5000,270,43,0,
20232023F0004800,"Achat de pièces de rechange VL-VU et achat de pièces de rechange et/ou réparations pour camions, tracteurs, débrousailleuses, porte-outils, chargeuses",540000.0,vehicules,Appel d'offres ouvert,,,32662082000240,2023-12-22,30000,120000,18,4,0,
202398748400,Travaux de mise en accessibilité de l'école jules ferry à la montagne: Lot 8 : Revêtements de sols-Peinture-Nettoyage,38814.0,vetements_travail,Procédure adaptée,,,49443293300039,2023-12-22,50,200,776,194,0,
20232023F0008100,Système d'acquisition dynamique pour l'achat de véhicules d'occasion : véhicules particuliers et véhicules légers utilitaires - Marché spécifique n°22,18613.53,vehicules,Appel d'offres ouvert,,,48494055600018,2023-12-22,30000,120000,1,0,0,
20232023F0005900,"Achat de pièces de rechange VL-VU et achat de pièces de rechange et/ou réparations pour camions, tracteurs, débrousailleuses, porte-outils, chargeuses",180000.0,mobilier_bureau,Appel d'offres ouvert,,,88531862600011,2023-12-22,400,2000,450,90,0,
20232023F0005700,"Achat de pièces de rechange VL-VU et achat de pièces de rechange et/ou réparations pour camions, tracteurs, débrousailleuses, porte-outils, chargeuses",16000.0,vehicules,Appel d'offres ouvert,,,51042442700027,2023-12-22,30000,120000,1,0,0,
2023S013000,COLLECTE TRAITEMENT BIODECHETS ALIMENTAIRES ISSUS POINTS DE RESTAURATION DE LA COLLECTIVITE,40000.0,alimentaire_restauration,Procédure adaptée,,,90792793300024,2023-12-22,8,20,5000,2000,0,
249906992,Travaux de rénovation de l'église: Lot 2: Le lot 2 concerne la rénovation des peintures.,24000.0,materiel_construction,Procédure adaptée,3.0,,51414714900017,2023-12-22,500,10000,48,2,0,
2023V23579RT00,V23579RT - FOURNITURE ET LIVRAISON DE FOURNITURES SCOLAIRES ET LOISIRS CREATIFS (HORS PAPIER BLANC D'IMPRESSION ET DE REPROGRAPHIE),1166666.64,imprimantes,Appel d'offres ouvert,,,80458482900027,2023-12-22,800,5000,1458,233,1,"Montant eleve (1,166,667 > seuil 1,000,000)"
202323M005100,FOURNITURE DE VAISSELLE JETABLE,100000.0,mobilier_bureau,Appel d'offres ouvert,,,32796302100040,2023-12-22,400,2000,250,50,0,
2023922500,ACHAT ET LIVRAISON DE FOURNITURES ELECTRIQUES POUR LES LUMINAIRES DES LOCAUX ADMINISTRATIFS ET DU PATRIMOINE RATTACHES AUX DP DE HDSH - OPH  (2 LOTS) ,200000.0,mobilier_bureau,Appel d'offres ouvert,,,30930461605851,2023-12-22,400,2000,500,100,0,
2023SMG07A00,MOBILIERS D HEBERGEMENT POUR SALAVAS,145833.33,mobilier_bureau,Appel d'offres ouvert,,,37852953100030,2023-12-22,400,2000,365,73,0,
2023-130400,Lot no 04 ? Couverture bac acier toiture,53753.11,materiel_construction,Procédure adaptée,,,49963604100018,2023-12-22,500,10000,108,5,0,
2023V3F35904AU00,LOT 4 VIANDE FRAICHE DE PORC SAUCISSERIE,160000.0,alimentaire_restauration,Appel d'offres ouvert,,,33159575100032,2023-12-22,8,20,20000,8000,0,
202323-0023900,ACQUISITION D'UNE LUDOMOBILE,89900.0,telephonie,Procédure adaptée,,,78890516400034,2023-12-22,500,5000,180,18,0,
20232023F0005600,"Achat de pièces de rechange VL-VU et achat de pièces de rechange et/ou réparations pour camions, tracteurs, débrousailleuses, porte-outils, chargeuses",600000.0,vehicules,Appel d'offres ouvert,,,32221367900036,2023-12-22,30000,120000,20,5,0,
2023V23F0070300,FRN ELECT LT3 EP AMPOULES ET ACCESSOIRES,66666.68,eclairage,Appel d'offres ouvert,,,30930461601033,2023-12-22,100,1000,667,67,0,
2023C3F09120AU00,LOT 20 BOISSONS NON ALCOOLISEES,280000.0,materiel_construction,Appel d'offres ouvert,,,38500623400160,2023-12-22,500,10000,560,28,0,
2023SMG07B00,MOBILIERS ET MATERIELS POUR SALAVAS,41666.67,mobilier_bureau,Appel d'offres ouvert,,,37852953100030,2023-12-22,400,2000,104,21,0,
20232023F0007600,"Prestations de chaudronnerie industrielle, de métallerie et réseaux",34630.0,reseau,Procédure adaptée,,,42279704300011,2023-12-22,2000,20000,17,2,0,
249983062,Acquisition de 5 véhicules pour les besoins de la CIVIS.: Lot 2: Acquisition d'automobiles de segment B essence,34861.0,telephonie,Procédure adaptée,5.0,,39958274100027,2023-12-22,500,5000,70,7,0,
2023V3F35920AU00,LOT 20 BOISSONS NON ALCOOLISEES,260000.0,materiel_construction,Appel d'offres ouvert,,,38500623400160,2023-12-22,500,10000,520,26,0,
202420240300,FRUITS ET LEGUMES 01032024 AU 28022026,50000.0,alimentaire_restauration,Appel d'offres ouvert,,,55204499202242,2023-12-22,8,20,6250,2500,0,
202423PF3302000,EPICERIE BIO,90000.0,vetements_travail,Appel d'offres ouvert,,,44236533400048,2023-12-21,50,200,1800,450,0,
2023010100760100,FOURNITURE D'UNE REMORQUE D'OCCASION POUR LE TRANSPORT ET LE REMPLISSAGE DE BENNES A USAGE DE DECHETERIE MOBILE,130000.0,telephonie,Procédure adaptée,,,20006635500013,2023-12-21,500,5000,260,26,0,
2023MAG233600100,EPI - VETEMENTS DE TRAVAIL,120000.0,vetements_travail,Appel d'offres ouvert,,,77559508500041,2023-12-21,50,200,2400,600,0,
2023MA23350100,CHANGEMENT DES EQUIPEMENTS CENTRAUX ET LOGICIEL DU SYSTEME D,206847.0,logiciels,Procédure adaptée,,,77566487303479,2023-12-21,500,10000,414,21,0,
20232023T450000,PROGICIEL ORPHÉE DE GESTION DU RESEAU DES MEDIATHEQUES,180000.0,logiciels,Marché négocié sans publicité ni mise en concurren,,,35384941700111,2023-12-21,500,10000,360,18,2,Sans mise en concurrence
2024-20200,Repas crèche,60000.0,alimentaire_restauration,Appel d'offres ouvert,,,51425596700044,2023-12-21,8,20,7500,3000,0,
202309_23L0900,Lot 09 - Viande de volaille fraiche,72000.0,alimentaire_restauration,Marché négocié sans publicité ni mise en concurren,,,44133059400017,2023-12-21,8,20,9000,3600,2,Sans mise en concurrence
249983073,Acquisition de 5 véhicules pour les besoins de la CIVIS.: Lot 3: Acquisition d'automobiles de segment B électriques,58341.0,telephonie,Procédure adaptée,1.0,,47967345100023,2023-12-21,500,5000,117,12,2,Fournisseur unique (1.0 offre)
20242023F2700100,DENREES ALIMENTAIRES SAUCISSERIE,40000.0,alimentaire_restauration,Procédure adaptée,,,34770600400038,2023-12-21,8,20,5000,2000,0,
202323020400600,MS1 - LOT 5 - borne ultra-rapide supérieur à 100kW en courant continu (DC) et inférieur à 350kW,1200000.0,reseau,Appel d'offres ouvert,,,38422916700042,2023-12-21,2000,20000,600,60,0,
20232023F0000100,"Exploitation et maintenance des installations de chauffage, ECS, traitement de l’air et des systèmes de domotique KNX associés des bâtiments communaux",200000.0,chauffage_clim,Procédure adaptée,,,85480074500937,2023-12-21,15000,100000,13,2,0,
2024-20100,Repas écoles - centres de loisirs,340000.0,alimentaire_restauration,Appel d'offres ouvert,,,33180458300010,2023-12-21,8,20,42500,17000,0,
20242024611L500,Gestion des déchets verre et papiers,51821.6,fournitures_bureau,Procédure adaptée,,,81934733700019,2023-12-21,30,200,1727,259,0,
202323PF3301900,EPICERIE,120000.0,vetements_travail,Appel d'offres ouvert,,,47698032100303,2023-12-21,50,200,2400,600,0,
202323PF330300,VIANDE BOVINE FRAICHE,75000.0,alimentaire_restauration,Appel d'offres ouvert,,,77622146700058,2023-12-21,8,20,9375,3750,0,
2023C3F09122AU00,LOT 22 BOISSONS ALCOOLISEES (HORS VINS),80000.0,materiel_construction,Appel d'offres ouvert,,,45132133500023,2023-12-21,500,10000,160,8,0,
2023082023100,FRE LIVRAISON ET INSTALLATION DEGRILLEUR COMPACTEUR ENSACHEUR STEP VILLENEUVE/YONNE,80601.0,chauffage_clim,Procédure adaptée,,,40406394300066,2023-12-21,15000,100000,5,1,0,
2023MAG233600600,PIECES AUTOMOBILES,60000.0,telephonie,Appel d'offres ouvert,,,37823354800031,2023-12-21,500,5000,120,12,0,
2023L01000,TRAVAUX REALISATION ESPACE SANTE SIMONE VEIL LOT 1 LOT 1 CLOISONS DOUBLAGE FX PLAFOND MENUISERIE INT FAIENCE PEINTURE SOL,125534.0,chauffage_clim,Procédure adaptée,,,39487075200034,2023-12-21,15000,100000,8,1,0,
2023190200,VIANDE PORCINE FRAICHE BIO,80000.0,alimentaire_restauration,Appel d'offres ouvert,,,39342235700011,2023-12-21,8,20,10000,4000,0,
2023MAG233600200,QUINCAILLERIE SERRURERIE VISSERIE,300000.0,materiel_construction,Appel d'offres ouvert,,,56382048900182,2023-12-21,500,10000,600,30,0,
202323PF3301000,VIANDE DE VOLAILLE BIO,50000.0,alimentaire_restauration,Appel d'offres ouvert,,,95580451300021,2023-12-21,8,20,6250,2500,0,
202323PF3302000,EPICERIE BIO,90000.0,vetements_travail,Appel d'offres ouvert,,,44236533400048,2023-12-21,50,200,1800,450,0,
2023MAG233600300,PLOMBERIE SANITAIRES CHAUFFAGE,100000.0,chauffage_clim,Appel d'offres ouvert,,,56382048900182,2023-12-21,15000,100000,7,1,0,
202423PF3302100,FRUITS ET LEGUMES,180000.0,alimentaire_restauration,Appel d'offres ouvert,,,37806090900017,2023-12-21,8,20,22500,9000,0,
2024F23085L000,SQY FOURNITURES DE BUREAU POUR LES SERVICES,40000.0,mobilier_bureau,Procédure adaptée,,,44455346500014,2023-12-21,400,2000,100,20,0,
202319200,Trouville/mer - quartier de la croix sonnet - travaux de construction de 16 logements individuels et 14 logements intermédiaires: Lot 10 : Peinture,95000.0,materiel_construction,Procédure adaptée,,,81527811400039,2023-12-21,500,10000,190,10,0,
202319300,Trouville/mer - quartier de la croix sonnet - travaux de construction de 16 logements individuels et 14 logements intermédiaires: Lot 11 : Chauffage e,364571.0,chauffage_clim,Procédure adaptée,,,50465499700023,2023-12-21,15000,100000,24,4,0,
2023MAG233600400,PEINTURE REVETEMENT MURAUX,40000.0,materiel_construction,Appel d'offres ouvert,,,30446564400017,2023-12-21,500,10000,80,4,0,
2023F0312MMNOC00,ACBC PIECES DETACHEES MULTI MARQUES POUR VEHICULES AUTOMOBILES SDEA,58715.65,telephonie,Procédure négociée avec mise en concurrence préala,,,59850104700016,2023-12-21,500,5000,117,12,0,
202423PF3301000,VIANDE DE VOLAILLE BIO,50000.0,alimentaire_restauration,Appel d'offres ouvert,,,95580451300021,2023-12-21,8,20,6250,2500,0,
2023V23F0070400,FRN ELECT LT4 EP MATS ET LUMINAIRES,133333.32,eclairage,Appel d'offres ouvert,,,51512576300018,2023-12-21,100,1000,1333,133,0,
202423PF3301900,EPICERIE,120000.0,vetements_travail,Appel d'offres ouvert,,,47698032100303,2023-12-21,50,200,2400,600,0,
202423PF330300,VIANDE BOVINE FRAICHE,75000.0,alimentaire_restauration,Appel d'offres ouvert,,,77622146700058,2023-12-21,8,20,9375,3750,0,
2023O5136A00,"Fourniture de lanternes, projecteurs et accessoires pour l'amélioration du parc - lot 9 : fourniture de luminaires et pièces détachées adaptables à pl",1200000.0,mobilier_bureau,Appel d'offres ouvert,,,82448465300012,2023-12-21,400,2000,3000,600,1,"Montant eleve (1,200,000 > seuil 500,000)"
20232305500,FOURNITURE DE MOBILIER ET MATERIEL DE BUREAU ERGONOMIQUES POUR TRAVAILLEUR EN SITUATION DE HANDICAP ET/OU DE RESTRICTION TEMPORAIRE D&#8217;APTITUDE,30000.0,mobilier_bureau,Marché négocié sans publicité ni mise en concurren,,,81823826300011,2023-12-21,400,2000,75,15,2,Sans mise en concurrence
20242024611L200,Gestion des déchets verts et du bois,93890.11,materiel_construction,Procédure adaptée,,,38015787500010,2023-12-21,500,10000,188,9,0,
2023179,Mise à disposition et maintenance d'une solution de gestion d'immobilier d'entreprise,95000.0,mobilier_bureau,Procédure adaptée,2.0,,81485322200010,2023-12-21,400,2000,238,48,0,
202423015400,LOCATION DE VOITURES A TARIF SOCIAL,195000.0,vehicules,Procédure adaptée,,,42213614300084,2023-12-21,30000,120000,6,2,0,
2024F23085L001,SQY FOURNITURES DE BUREAU POUR LES SERVICES,40000.0,mobilier_bureau,Procédure adaptée,,,44455346500014,2023-12-21,400,2000,100,20,0,
2023191500,FRUITS ET LEGUMES FRAIS,280000.0,alimentaire_restauration,Appel d'offres ouvert,,,58080235300038,2023-12-21,8,20,35000,14000,0,
202398605200,"Achat d'un véhicule mini compacteur ""châssis 3,5T équipé d'une benne trémie basse""",88959.0,vehicules,Procédure adaptée,,,48183313500017,2023-12-21,30000,120000,3,1,0,
202306090827P00,TVX CONSTRUCTION MAISON HABITAT  LOT 16 MENUISERIE INTERIEURE EN BOIS,89225.19,materiel_construction,Appel d'offres ouvert,,,49499585500033,2023-12-21,500,10000,178,9,0,
20230155800,LETTRE DE COMMANDE UGAP - ACQUISITION DE 2 SAUTEUSES MULTIFONCTION IVARIO L - 100 L POUR LE LYCEE MA,43859.59,imprimantes,Procédure adaptée,,,77605646700843,2023-12-21,800,5000,55,9,0,
202323PF3302100,FRUITS ET LEGUMES,180000.0,alimentaire_restauration,Appel d'offres ouvert,,,37806090900017,2023-12-21,8,20,22500,9000,0,
20242023700MOB00,Acquisition de mobiliers pour le pole enfance jeunesse,54660.31,mobilier_bureau,Procédure adaptée,,,77855948400044,2023-12-21,400,2000,137,27,0,
2023191600,FRUITS ET LEGUMES 4E ET 5E GAMME,240000.0,alimentaire_restauration,Appel d'offres ouvert,,,58080235300038,2023-12-21,8,20,30000,12000,0,
2023190800,VIANDES CUITES SOUS VIDE,68000.0,alimentaire_restauration,Appel d'offres ouvert,,,34339778200016,2023-12-21,8,20,8500,3400,0,
2023SA02C00,ACQUISITION CARTES ACCREDITIVES DISTRIBUTION DE CARBURANTS POUR LE DPT07,1400000.0,carburant,Appel d'offres ouvert,,,81442098000025,2023-12-20,1.6,1.8,875000,777778,0,
2023ACESS00,CARBURANTS PAR CARTES ACCREDITIVES RESEAU NATIONAL,600000.0,carburant,Appel d'offres ouvert,,,81442098000025,2023-12-20,1.6,1.8,375000,333333,0,
202309_23L4700,"Lot 47 - Boisson ""eau""",112000.0,materiel_construction,Appel d'offres ouvert,,,39038469100049,2023-12-20,500,10000,224,11,0,
20232100,ACHAT D'UN CAMION POLYBENNE,43000.0,vehicules,Procédure adaptée,,,38751618000024,2023-12-20,30000,120000,1,0,0,
2023941-100,"Fourniture, livraison et installation de mobilier  Lot 1 Fourniture, livraison et installation de mobilier scolaire, de cent",400000.0,mobilier_bureau,Appel d'offres ouvert,,,84966150900026,2023-12-20,400,2000,1000,200,0,
2023000000032500,ASSIST MAINT PRESTAT ACHAT MODULES PROGICIELS SOLIS SOLATIS,1500000.0,logiciels,Marché négocié sans publicité ni mise en concurren,,,38251931200088,2023-12-20,500,10000,3000,150,3,"Sans mise en concurrence | Montant eleve (1,500,000 > seuil 500,000)"
2023941-200,FOURNITURE LIVRAISON ET INSTALLATION DE MOBILIER A DESTINATION DES ETABLISSEMENTS SCOLAIRES DES CENTRES DE LOISIRS DES REFECTOIRES DE LA PETITE ENFANC,200000.0,mobilier_bureau,Appel d'offres ouvert,,,53142571800016,2023-12-20,400,2000,500,100,0,
2023TE02900,CARBURANTS PAR CARTES ACCREDITIVES RESEAU NATIONAL,600000.0,carburant,Appel d'offres ouvert,,,53168044500024,2023-12-20,1.6,1.8,375000,333333,0,
2023CA23M0500,LOT 4 MATÉRIAUX FONTE DE VOIRIE,166666.64,materiel_construction,Appel d'offres ouvert,,,90572051200011,2023-12-20,500,10000,333,17,0,
2023-010-300,lot 3 Charpente bois,135033.08,materiel_construction,Procédure adaptée,,,49698019400021,2023-12-20,500,10000,270,14,0,
202323DGS030100,FOURNITURES DE BUREAU,360000.0,mobilier_bureau,Appel d'offres ouvert,,,57172266900264,2023-12-20,400,2000,900,180,0,
2023S0375MMNOC00,MAINTENANCE DU LOGICIEL DE GESTION DE L INFORMATION DU LABORATOIRE,90000.0,logiciels,Marché négocié sans publicité ni mise en concurren,,,79440613200017,2023-12-20,500,10000,180,9,2,Sans mise en concurrence
202309_23L2800,Lot 28 - Viandes bovines surgelées,184000.0,alimentaire_restauration,Appel d'offres ouvert,,,39038469100049,2023-12-20,8,20,23000,9200,0,
2023941-200,"Fourniture, livraison et installation de mobilier  Lot 2 Fourniture, livraison et installation de mobilier petite enfance",200000.0,mobilier_bureau,Appel d'offres ouvert,,,53142571800016,2023-12-20,400,2000,500,100,0,
2023SA02B00,ACQUISITION CARTES ACCREDITIVES DISTRIBUTION DE CARBURANTS POUR LE DPT07,1400000.0,carburant,Appel d'offres ouvert,,,78013017514688,2023-12-20,1.6,1.8,875000,777778,0,
249911032,"Achat de revêtements de sols et produits de mise en oeuvre: Lot 2 : achat d'outillage, accessoire et produits de mise en ?uvre",36000.0,vetements_travail,Procédure adaptée,2.0,,30628930703402,2023-12-20,50,200,720,180,0,
243197,"Maintenance des réseaux et des installations de fluides médicaux, mise à disposition et acquisition de groupes de vide: Lots 03 et 04",221127.0,reseau,Marché passé sans publicité ni mise en concurrence,4.0,,38188680300042,2023-12-20,2000,20000,111,11,2,Sans mise en concurrence
20232312400,Fourniture de licences pour la manipulation sur écran tactile et prestations associées,800000.0,ecrans_moniteurs,Appel d'offres ouvert,,,79509378000042,2023-12-20,250,800,3200,1000,1,"Montant eleve (800,000 > seuil 200,000)"
2023941-300,"Fourniture, livraison et installation de mobilier  Lot 3 Fourniture, livraison et installation de mobilier de bureau",200000.0,mobilier_bureau,Appel d'offres ouvert,,,37945754200015,2023-12-20,400,2000,500,100,0,
2023SA02A00,ACQUISITION CARTES ACCREDITIVES DISTRIBUTION DE CARBURANTS POUR LE DPT07,1400000.0,carburant,Appel d'offres ouvert,,,53168044500024,2023-12-20,1.6,1.8,875000,777778,0,
2023192900,VIANDES SURGELEES BIO,52000.0,alimentaire_restauration,Appel d'offres ouvert,,,31680701501340,2023-12-20,8,20,6500,2600,0,
20232023F0006400,Approvisionnement d'environ 70 établissements d'enseignement d’Ille-et-Vilaine - membres du groupement de commandes des établissements publics d'ensei,242031.64,mobilier_bureau,Appel d'offres ouvert,,,57172266900264,2023-12-20,400,2000,605,121,0,
2023193500,BOISSONS,120000.0,materiel_construction,Appel d'offres ouvert,,,47698032100360,2023-12-20,500,10000,240,12,0,
2023941-300,FOURNITURE LIVRAISON ET INSTALLATION DE MOBILIER A DESTINATION DES ETABLISSEMENTS SCOLAIRES DES CENTRES DE LOISIRS DES REFECTOIRES DE LA PETITE ENFANC,200000.0,mobilier_bureau,Appel d'offres ouvert,,,37945754200015,2023-12-20,400,2000,500,100,0,
243198,"Maintenance des réseaux et des installations de fluides médicaux, mise à disposition et acquisition de groupes de vide: Lot 06",395817.0,reseau,Appel d'offres ouvert,4.0,,34141531300228,2023-12-20,2000,20000,198,20,0,
202309_23L3500,"Lot 35 - Pâtisserie, viennoiserie surgelées",416000.0,alimentaire_restauration,Appel d'offres ouvert,,,39038469100049,2023-12-20,8,20,52000,20800,0,
20232023F0006500,Approvisionnement d'environ 70 établissements d'enseignement d’Ille-et-Vilaine - membres du groupement de commandes des établissements publics d'ensei,554994.33,mobilier_bureau,Appel d'offres ouvert,,,52946084200022,2023-12-20,400,2000,1387,277,1,"Montant eleve (554,994 > seuil 500,000)"
2023190600,VIANDE BOVINE FRAICHE BIO,68000.0,alimentaire_restauration,Appel d'offres ouvert,,,32785259600029,2023-12-20,8,20,8500,3400,0,
20232023F0000900,Acquisition d'un véhicule de collecte des ordures ménagères - Benne d'environ 16 m3 avec lève-conteneurs.,109657.0,vehicules,Appel d'offres ouvert,,,77557300977557,2023-12-20,30000,120000,4,1,0,
202321900,Travaux SSI base plein air GUERLEDAN,54010.2,eclairage,Procédure adaptée,,,57220154900704,2023-12-20,100,1000,540,54,0,
2023193200,EPICERIE,672000.0,vetements_travail,Appel d'offres ouvert,,,47698032100360,2023-12-20,50,200,13440,3360,1,"Montant eleve (672,000 > seuil 500,000)"
2023941-100,FOURNITURE LIVRAISON ET INSTALLATION DE MOBILIER A DESTINATION DES ETABLISSEMENTS SCOLAIRES DES CENTRES DE LOISIRS DES REFECTOIRES DE LA PETITE ENFANC,400000.0,mobilier_bureau,Appel d'offres ouvert,,,84966150900026,2023-12-20,400,2000,1000,200,0,
20232023F0000800,Acquisition d'un véhicule de collecte des ordures ménagères - Porteur PTAC 19 tonnes.,113391.76,vehicules,Appel d'offres ouvert,,,32662082000232,2023-12-20,30000,120000,4,1,0,
2023192800,VIANDES SURGELEES,100000.0,alimentaire_restauration,Appel d'offres ouvert,,,55204499202382,2023-12-20,8,20,12500,5000,0,
20232023F0006300,Approvisionnement d'environ 50 établissements publics d'enseignement d’Ille-et-Vilaine Sud appartenant au groupement de commandes des établissements p,176838.63,eclairage,Procédure adaptée,,,30930461603005,2023-12-20,100,1000,1768,177,0,
2023CA23M0700,LOT 6 PEINTURE ET MARQUAGE ROUTIER,500000.0,materiel_construction,Appel d'offres ouvert,,,50934949400047,2023-12-20,500,10000,1000,50,0,
2023M24-006 L100,"M24-006 L1 Fournitures de bureau, enveloppes, agendas, calendriers, papiers pour reprographie au détail, consommables informatiques et de sauvegarde",100000.0,imprimantes,Appel d'offres ouvert,,,57172266900264,2023-12-19,800,5000,125,20,0,
2024MS10100,FOURNITURES COURANTES DE BUREAU ET DE SERVICES,3000000.0,mobilier_bureau,Appel d'offres ouvert,,,57172266900264,2023-12-19,400,2000,7500,1500,1,"Montant eleve (3,000,000 > seuil 500,000)"
202400300,LOT N°3 : PAPIERS POUR REPROGRAPHIE COMMANDES EN GROS DU A4 A SRA3 (32*45),6000000.0,imprimantes,Appel d'offres ouvert,,,33044098300055,2023-12-19,800,5000,7500,1200,1,"Montant eleve (6,000,000 > seuil 1,000,000)"
2023M24-006L100,"M24-006 L1 Fournitures de bureau, enveloppes, agendas, calendriers, papiers pour reprographie au détail, consommables informatiques et de sauvegarde",100000.0,imprimantes,Appel d'offres ouvert,,,57172266900264,2023-12-19,800,5000,125,20,0,
2023080000,CGA Acquisition et maintenance de tablette de communication à commande oculaire,99999.0,tablettes,Marché négocié sans publicité ni mise en concurren,,,83914375700012,2023-12-19,600,1500,167,67,2,Sans mise en concurrence
202302100,Réfection des réseaux EU EP et AEP rues notre dame des anges et de verdun,252795.0,reseau,Procédure adaptée,,,33732001400034,2023-12-19,2000,20000,126,13,0,
20232023F0000200,"Fourniture, livraison et installation de mobiliers et d’équipements pour l’établissement d’accueil de jeunes enfants - Lot n°1-Fourniture, livraison e",15000.0,mobilier_bureau,Procédure adaptée,,,77672947700021,2023-12-19,400,2000,38,8,0,
20232023803L0100,BENNE COMPACTRICE DE 9M3,94500.0,chauffage_clim,Appel d'offres ouvert,,,77557300900047,2023-12-19,15000,100000,6,1,0,
202400400,LOT N°4 : AUTRES PAPIERS COMMANDES EN GROS (SRA3 32*45) ET FORMATS SUPERIEURS,2000000.0,fournitures_bureau,Appel d'offres ouvert,,,33044098300055,2023-12-19,30,200,66667,10000,1,"Montant eleve (2,000,000 > seuil 500,000)"
2023I84700,TRAVAUX DE PEINTURE ET TRAITEMENT DES FACADES POUR REHABILITATION DE LA MEDIATHEQUE,57130.0,materiel_construction,Marché négocié sans publicité ni mise en concurren,,,44780675300011,2023-12-19,500,10000,114,6,2,Sans mise en concurrence
202302300,Réfection des réseaux EU EP et AEP rues notre dame des anges et de verdun,221425.0,reseau,Procédure adaptée,,,33732001400034,2023-12-19,2000,20000,111,11,0,
20232315200,LOT3 - CUVES RECUPERATEURS D'EAU DE PLUIE : MOYENNES CAPACITES,1920000.0,chauffage_clim,Appel d'offres ouvert,,,42493293700081,2023-12-19,15000,100000,128,19,0,
20242401010000,FOURNITURES DE BUREAU,3000000.0,mobilier_bureau,Procédure négociée avec mise en concurrence préala,,,57172266900264,2023-12-19,400,2000,7500,1500,1,"Montant eleve (3,000,000 > seuil 500,000)"
2023AC2024-00300,Papiers pour reprographie commandés en gros du A4 à SRA3 (32*45) blanc et couleur,6000000.0,imprimantes,Appel d'offres ouvert,,,33044098300055,2023-12-19,800,5000,7500,1200,1,"Montant eleve (6,000,000 > seuil 1,000,000)"
202400100,FOURNITURES DE BUREAU FOURNITURES SCOLAIRES ET DE LOISIRS CREATIFS ET PAPIER LOT 1 FOURNITURES DE BUREAU ENVELOPPES AGENDAS CALENDRIERS PAPIERS POUR R,3000000.0,imprimantes,Appel d'offres ouvert,,,57172266900264,2023-12-19,800,5000,3750,600,1,"Montant eleve (3,000,000 > seuil 1,000,000)"
202398623600,ACQUISITION D'UN SYSTEME D'INFORMATION VOYAGEURS (MATERIELS ET LOGICIELS) ET PRESTATIONS DE FONCTIONNEMENT ASSOCIES,1300000.0,logiciels,Procédure avec négociation,,,34326939500046,2023-12-19,500,10000,2600,130,1,"Montant eleve (1,300,000 > seuil 500,000)"
20232023F0000300,"Fourniture, livraison et installation de mobiliers et d’équipements pour l’établissement d’accueil de jeunes enfants - Lot n°2-Fourniture, livraison e",5000.0,mobilier_bureau,Procédure adaptée,,,40267356000023,2023-12-19,400,2000,12,2,0,
2023AC2024-00100,"Fournitures e bureau, enveloppes, agendas, calendriers, papiers pour reprographie au détail, consommables informatiques et de sauvegarde",12000000.0,imprimantes,Appel d'offres ouvert,,,57172266900264,2023-12-19,800,5000,15000,2400,1,"Montant eleve (12,000,000 > seuil 1,000,000)"
202400300,FOURNITURES DE BUREAU FOURNITURES SCOLAIRES ET LOISIRS EDUCATIFS ET PAPIER LOT 3 PAPIERS POUR REPROGRAPHIE COMMANDES EN GROS DU A4 AU SRA3 BLANC ET CO,1500000.0,imprimantes,Appel d'offres ouvert,,,33044098300055,2023-12-19,800,5000,1875,300,1,"Montant eleve (1,500,000 > seuil 1,000,000)"
20232315400,LOT5 - CUVES RECUPERATEURS D'EAU DE PLUIE : GRANDES CAPACITES,2080000.0,chauffage_clim,Appel d'offres ouvert,,,42493293700081,2023-12-19,15000,100000,139,21,1,"Montant eleve (2,080,000 > seuil 2,000,000)"
2023V23597CRT00,PAPIERS POUR REPROGRAPHIE COMMANDES EN GROS DU A4 AU SRA3 BLANC ET COULEUR,6000000.0,imprimantes,Appel d'offres ouvert,,,33044098300055,2023-12-19,800,5000,7500,1200,1,"Montant eleve (6,000,000 > seuil 1,000,000)"
202302200,Réfection des réseaux EU EP et AEP rues notre dame des anges et de verdun,144730.0,reseau,Procédure adaptée,,,33652023400012,2023-12-19,2000,20000,72,7,0,
202330100,ACQUISITION DE MOBILIER DE BUREAU ET SIEGES POUR LA C.A.S.A-,70000.0,mobilier_bureau,Procédure adaptée,,,34493800600055,2023-12-19,400,2000,175,35,0,
202324502CA00,ACQUISITION 6 AUTOBUS SAFRA HYCITY 12 M,4524215.36,vehicules,Marché négocié sans publicité ni mise en concurren,,,77605646700587,2023-12-19,30000,120000,151,38,2,Sans mise en concurrence
202400200,FOURNUTURE DE BUREAU FOURNITURES SCOLAIRES ET DE LOISIRS CREATIFS ET PAPIER LOT 2 FOURNITURES SCOLAIRES PETITS MATERIELS PEDAGOGIQUES ET LOISIRS CREAT,12000000.0,mobilier_bureau,Appel d'offres ouvert,,,70372020100028,2023-12-19,400,2000,30000,6000,1,"Montant eleve (12,000,000 > seuil 500,000)"
2023M24-006L200,M24-006  L2 Papiers pour reprographie commandés en gros du A4 à SRA3 (32x45) blanc et couleur,100000.0,imprimantes,Appel d'offres ouvert,,,33044098300055,2023-12-19,800,5000,125,20,0,
2023M23597CRT00,"M23597CRT - APPROLYS - LOT3 - FOURNITURE DE BUREAU, FOURNITURES SCOLAIRES ET DE LOISIRS CREATIFS, ET PAPIERS",6000000.0,mobilier_bureau,Appel d'offres ouvert,,,33044098300055,2023-12-19,400,2000,15000,3000,1,"Montant eleve (6,000,000 > seuil 500,000)"
202330507500,TRAVAUX SUR LES SITES ET ITINERAIRES DES ESPACES NATURELS SENSIBLES DU DEPARTEMENT DE LA REUNION_RELANCE   LOT 03 : Travaux fabrication et pose d&#821,821420.02,mobilier_bureau,Appel d'offres ouvert,,,49497625100012,2023-12-18,400,2000,2054,411,1,"Montant eleve (821,420 > seuil 500,000)"
2023TE02000,FOURNITURE DE BUREAU ET PETITS MATERIELS,75000.0,mobilier_bureau,Appel d'offres ouvert,,,52492002200018,2023-12-18,400,2000,188,38,0,
2023OCC03900,ACCORD-CADRE A BONS DE COMMANDE DE FOURNITURES DE BUREAU ET DE PAPIER: Lot 12: Fournitures de bureau et de papier d\'impression - CMA du Tarn,100000.0,imprimantes,Appel d'offres ouvert,4.0,,57172266900264,2023-12-18,800,5000,125,20,0,
2023V23596CRT00,"V23596CRT - APPROLYS - LOT 1 - FOURNITURES DE BUREAU, ENVELOPPES, AGENDAS, CALENDRIERS, PAPIERS POUR REPROGRAPHIE AU DETAIL, CONSOMMABLES INFORMATIQUE",320000.0,imprimantes,Appel d'offres ouvert,,,57172266900264,2023-12-18,800,5000,400,64,0,
202398449900,"Acquisition, maintenance et fourniture de consommables de systèmes d'impression et multifonctions: Lot 2: Reprise d'un parc existant d'imprimantes en ",6854.0,imprimantes,Procédure adaptée,,,39089573800180,2023-12-18,800,5000,9,1,0,
202401-0300,LOT 3 : FOURNITURE ET LIVRAISON DE REPAS ALSH BONNETABLE SCOLAREST DEBUT 01 07 2024,113225.28,mobilier_bureau,Procédure adaptée,,,63204104266251,2023-12-18,400,2000,283,57,0,
2024DA1500,Fruits et légumes frais,335138.08,alimentaire_restauration,Procédure adaptée,,,55204499202648,2023-12-18,8,20,41892,16757,0,
2023RLV230450200,Achat de livres et documents de bibliothèques pour les bibliothèques du réseau de lecture publique de Riom Limagne et Volcans - Lot 2 : Documentaires,123900.0,reseau,Appel d'offres ouvert,,,80259399600035,2023-12-18,2000,20000,62,6,0,
2024DA4400,Légumes circuit court,62523.8,alimentaire_restauration,Procédure adaptée,,,51111892900039,2023-12-18,8,20,7815,3126,0,
20230340001,CAMION EQUIPE D UN BRAS ARTICULE TYPE AMPLIROLL,99500.0,vehicules,Procédure adaptée,,,39791428400096,2023-12-18,30000,120000,3,1,0,
2024DA0200,Boissons,72972.92,materiel_construction,Procédure adaptée,,,31345620400020,2023-12-18,500,10000,146,7,0,
2023OCC03900,ACCORD-CADRE A BONS DE COMMANDE DE FOURNITURES DE BUREAU ET DE PAPIER: Lot 14: Fournitures de bureau et de papier d\'impression pour le Siège de la CM,28000.0,imprimantes,Appel d'offres ouvert,4.0,,30954348600075,2023-12-18,800,5000,35,6,0,
20242023-001-200,Travaux de renforcement du réseau d'eau potable de Perpezoux et distribution de la ZI de Chavanon - lot 2 : Construction d'un réservoir,600000.0,reseau,Procédure adaptée,,,88565056400028,2023-12-18,2000,20000,300,30,0,
2023OCC03900,ACCORD-CADRE A BONS DE COMMANDE DE FOURNITURES DE BUREAU ET DE PAPIER: Lot 9: Fournitures de bureau et de papier d\'impression - CMA de la Lozère,22400.0,imprimantes,Appel d'offres ouvert,4.0,,95551002900718,2023-12-18,800,5000,28,4,0,
202398542900,"Fourniture, installation et maintenance d'un logiciel de gestion de la redevance incitative.",90400.0,logiciels,Procédure adaptée,,,42050508300030,2023-12-18,500,10000,181,9,0,
202350230100,LOCATION ET MAINTENANCE DE PHOTOCOPIEURS VILLE CCAS - LOT 1 - COPIEURS COULEUR ET NOIR ET BLANC VILLE,81554.12,imprimantes,Appel d'offres ouvert,,,99774951000043,2023-12-18,800,5000,102,16,0,
2023OCC03900,ACCORD-CADRE A BONS DE COMMANDE DE FOURNITURES DE BUREAU ET DE PAPIER: Lot 3: Fournitures de bureau et de papier d\'impression - CMA de l\'Aveyron,52000.0,imprimantes,Appel d'offres ouvert,4.0,,30954348600075,2023-12-18,800,5000,65,10,0,
202400100,LOT N°1 : FOURNITURES DE BUREAU ENVELOPPES AGENDAS CALENDRIERS PAPIERS CONSOMMABLES INFORMATIQUES...,12000000.0,mobilier_bureau,Appel d'offres ouvert,,,57172266900264,2023-12-18,400,2000,30000,6000,1,"Montant eleve (12,000,000 > seuil 500,000)"
2024DA0800,Epicerie,502593.48,vetements_travail,Procédure adaptée,,,47698032100303,2023-12-18,50,200,10052,2513,1,"Montant eleve (502,593 > seuil 500,000)"
2024DA2400,Pommes de terre surgelées,84207.68,alimentaire_restauration,Procédure adaptée,,,31680701501340,2023-12-18,8,20,10526,4210,0,
20232403FR100,FOURNITURE DE PAPIER POUR REPROGRAPHIE,50000.0,imprimantes,Procédure adaptée,,,33044098300055,2023-12-18,800,5000,62,10,0,
2024DA1400,Légumes surgelés issus de l'agriculture biologique,139547.2,alimentaire_restauration,Procédure adaptée,,,31680701501340,2023-12-18,8,20,17443,6977,0,
2024DA4300,Légumes issus de l'agriculture biologique,54662.0,alimentaire_restauration,Procédure adaptée,,,55204499202648,2023-12-18,8,20,6833,2733,0,
2023020500,FOURNITURE MOBILIERS BOIS 4 LOTS ANNEE 2023,80000.0,mobilier_bureau,Appel d'offres ouvert,,,32626114600020,2023-12-18,400,2000,200,40,0,
2023OCC03900,ACCORD-CADRE A BONS DE COMMANDE DE FOURNITURES DE BUREAU ET DE PAPIER: Lot 11: Fournitures de bureau et de papier d\'impression - CMA des Pyrénées-Ori,88000.0,imprimantes,Appel d'offres ouvert,5.0,,30954348600075,2023-12-18,800,5000,110,18,0,
2024DA1700,Légumes surgelés CE2 ou HVE,154018.92,alimentaire_restauration,Procédure adaptée,,,43433709300026,2023-12-18,8,20,19252,7701,0,
202398449800,"Acquisition, maintenance et fourniture de consommables de systèmes d'impression et multifonctions: Lot 1: Acquisition, maintenance d'imprimantes et co",42439.0,imprimantes,Procédure adaptée,,,39089573800180,2023-12-18,800,5000,53,8,0,
2023149A2300,QUINCAILLERIE ET ACCESSOIRES LOT 3,350000.0,materiel_construction,Appel d'offres ouvert,,,39347227900016,2023-12-18,500,10000,700,35,0,
2024DA4000,Viandes fraiches labélisées,330171.2,alimentaire_restauration,Procédure adaptée,,,38480603000035,2023-12-18,8,20,41271,16509,0,
2024DA3600,Viandes et abats 5e gamme,57288.48,alimentaire_restauration,Procédure adaptée,,,34339778200016,2023-12-18,8,20,7161,2864,0,
2024DOJOLOT800,Réhabilitation de la Patinoire en DOJO Salle Multisports Lot No8 CVC/PB,109043.65,chauffage_clim,Procédure adaptée,,,33180225600015,2023-12-18,15000,100000,7,1,0,
202420230030500,CONSOMMABLES IMPRIMANTE,500000.0,imprimantes,Appel d'offres ouvert,,,43985313600075,2023-12-18,800,5000,625,100,0,
202330507800,TRAVAUX SUR LES SITES ET ITINERAIRES DES ESPACES NATURELS SENSIBLES DU DEPARTEMENT DE LA REUNION_RELANCE   LOT 03 : Travaux fabrication et pose d&#821,935450.0,mobilier_bureau,Appel d'offres ouvert,,,89308480600015,2023-12-18,400,2000,2339,468,1,"Montant eleve (935,450 > seuil 500,000)"
2023000000036900,FOURNITURE DE MOBILIERS DE CONFORT POUR LES ESPACES NATURELS COMMUNAUTAIRES,250000.0,mobilier_bureau,Appel d'offres ouvert,,,33960966100147,2023-12-18,400,2000,625,125,0,
2023OCC03900,ACCORD-CADRE A BONS DE COMMANDE DE FOURNITURES DE BUREAU ET DE PAPIER: Lot 10: Fournitures de bureau et de papier d\'impression - CMA des Hautes-Pyrén,80000.0,imprimantes,Appel d'offres ouvert,5.0,,50178259300013,2023-12-18,800,5000,100,16,0,
20232023123L0100,CHAUFFAGE - VENTILATION - CLIMATISATION - TELEGESTION,70094.0,chauffage_clim,Procédure adaptée,,,44060336300027,2023-12-18,15000,100000,5,1,0,
2023000000036800,FOURNITURE DE MOBILIERS DE CONFORT POUR LES ESPACES NATURELS COMMUNAUTAIRES,200000.0,mobilier_bureau,Appel d'offres ouvert,,,40370406700038,2023-12-18,400,2000,500,100,0,
2023OCC03900,ACCORD-CADRE A BONS DE COMMANDE DE FOURNITURES DE BUREAU ET DE PAPIER: Lot 13: Fournitures de bureau et de papier d\'impression - CMA du Tarn-et-Garon,16800.0,imprimantes,Appel d'offres ouvert,4.0,,95551002900718,2023-12-18,800,5000,21,3,0,
2024DA3500,Viandes et abats surgelés,187902.48,alimentaire_restauration,Procédure adaptée,,,31680701501340,2023-12-18,8,20,23488,9395,0,
20232023F0000200,"ACCORD CADRE A BONS DE COMMANDE POUR L'EMISSION, LA LIVRAISON ET LA GESTION DES TITRES RESTAURANT DEMATERIALISES OU SOUS FORME PAPIER POUR LES AGENTS ",100000.0,fournitures_bureau,Procédure adaptée,,,64204436600242,2023-12-18,30,200,3333,500,0,
2023OCC03900,ACCORD-CADRE A BONS DE COMMANDE DE FOURNITURES DE BUREAU ET DE PAPIER: Lot 1: Fournitures de bureau et de papier d\'impression - CMA de l\'Ariège,36000.0,imprimantes,Appel d'offres ouvert,4.0,,95551002900718,2023-12-18,800,5000,45,7,0,
202330508000,TRAVAUX SUR LES SITES ET ITINERAIRES DES ESPACES NATURELS SENSIBLES DU DEPARTEMENT DE LA REUNION_RELANCE   LOT 06 : Travaux fabrication et pose d&#821,935450.0,mobilier_bureau,Appel d'offres ouvert,,,89308480600015,2023-12-18,400,2000,2339,468,1,"Montant eleve (935,450 > seuil 500,000)"
2024DA3000,Produits traiteurs surgelés,508875.08,alimentaire_restauration,Procédure adaptée,,,55204499200808,2023-12-18,8,20,63609,25444,0,
2024DA2700,Produits de la mer surgelés,541591.04,alimentaire_restauration,Procédure adaptée,,,31680701501340,2023-12-18,8,20,67699,27080,0,
2023OCC03900,ACCORD-CADRE A BONS DE COMMANDE DE FOURNITURES DE BUREAU ET DE PAPIER: Lot 8: Fournitures de bureau et de papier d\'impression - CMA du Lot,80000.0,imprimantes,Appel d'offres ouvert,4.0,,30954348600075,2023-12-18,800,5000,100,16,0,
2023OCC03900,ACCORD-CADRE A BONS DE COMMANDE DE FOURNITURES DE BUREAU ET DE PAPIER: Lot 5: Fournitures de bureau et de papier d\'impression - CMA de la Haute-Garon,144000.0,imprimantes,Appel d'offres ouvert,4.0,,30954348600075,2023-12-18,800,5000,180,29,0,
202401-0100,LOT 1: FOURNITURE ET LIVRAISON DE REPAS MULTI BONNETABLE API DEBUT 01 01 2024,45622.8,mobilier_bureau,Procédure adaptée,,,47718101000729,2023-12-18,400,2000,114,23,0,
2024DOJOLOT100,Réhabilitation de la Patinoire en DOJO Salle Multisports Lot No1 Démol/GO/réseaux,40425.0,reseau,Procédure adaptée,,,33974129000037,2023-12-18,2000,20000,20,2,0,
2023000001320600,LYCEE GRANDMONT A TOURS RECONFIGURATION ESPACE SELF REFECTOIRE R+2,214557.37,chauffage_clim,Procédure adaptée,,,45156854700132,2023-12-18,15000,100000,14,2,0,
2024DA0700,Tartes et feuilletés surgelés,54128.76,alimentaire_restauration,Procédure adaptée,,,31680701501340,2023-12-18,8,20,6766,2706,0,
2024DA4200,Fruits issus de l'agriculture HVE,138260.4,alimentaire_restauration,Procédure adaptée,,,55204499202648,2023-12-18,8,20,17283,6913,0,
20242401FR100,FOURNITURES DE BUREAU,50000.0,mobilier_bureau,Procédure adaptée,,,57172266900264,2023-12-18,400,2000,125,25,0,
2023OCC03900,ACCORD-CADRE A BONS DE COMMANDE DE FOURNITURES DE BUREAU ET DE PAPIER: Lot 6: Fournitures de bureau et de papier d\'impression - CMA du Gers,84000.0,imprimantes,Appel d'offres ouvert,4.0,,30954348600075,2023-12-18,800,5000,105,17,0,
2024DA4100,Fruits issus de l'agriculture biologique,288140.28,alimentaire_restauration,Procédure adaptée,,,55204499202648,2023-12-18,8,20,36018,14407,0,
2024CCAS0020500,CONSOMMABLES IMPRIMANTE,500000.0,imprimantes,Appel d'offres ouvert,,,43985313600075,2023-12-18,800,5000,625,100,0,
2024DA0900,Légumes 4e gamme,295544.0,alimentaire_restauration,Procédure adaptée,,,55204499202648,2023-12-18,8,20,36943,14777,0,
2024DA2300,Pâtisseries surgelées,108533.88,alimentaire_restauration,Procédure adaptée,,,31680701501340,2023-12-18,8,20,13567,5427,0,
2023OCC03900,ACCORD-CADRE A BONS DE COMMANDE DE FOURNITURES DE BUREAU ET DE PAPIER: Lot 15: Fournitures de bureau et de papier d\'impression pour l\'antenne du Siè,28000.0,imprimantes,Appel d'offres ouvert,4.0,,95551002900718,2023-12-18,800,5000,35,6,0,
2024DA3900,Volailles surgelées,107490.64,alimentaire_restauration,Procédure adaptée,,,55204499200808,2023-12-18,8,20,13436,5375,0,
2024DA2000,Ovoproduits surgelés,59909.6,alimentaire_restauration,Procédure adaptée,,,31680701501340,2023-12-18,8,20,7489,2995,0,
2023OCC03900,ACCORD-CADRE A BONS DE COMMANDE DE FOURNITURES DE BUREAU ET DE PAPIER: Lot 2: Fournitures de bureau et de papier d\'impression - CMA de l\'Aude,96000.0,imprimantes,Appel d'offres ouvert,5.0,,95551002900718,2023-12-18,800,5000,120,19,0,
2024DA3400,Viandes et abats frais,538610.28,alimentaire_restauration,Procédure adaptée,,,38480603000035,2023-12-18,8,20,67326,26931,0,
2023054700,UNIHA - FOURNITURES DE BUREAU ET AUTRES ARTICLES ASSOCIES,468414.0,mobilier_bureau,Appel d'offres ouvert,,,57172266900264,2023-12-18,400,2000,1171,234,0,
20232315400100,ACQUISITION LIVRAISON FOURNITURES ADMINISTRATIVES CONSOMMABLES IMPRIMANTE,120000.0,imprimantes,Appel d'offres ouvert,,,43985313600075,2023-12-18,800,5000,150,24,0,
2023M23596CRT00,"M23596CRT - APPROLYS - LOT 1 - FOURNITURES DE BUREAU, ENVELOPPES, AGENDAS, CALENDRIERS, PAPIERS POUR REPROGRAPHIE AU DETAIL, CONSOMMABLES INFORMATIQUE",600000.0,imprimantes,Appel d'offres ouvert,,,57172266900264,2023-12-18,800,5000,750,120,0,
2024DA1600,Fruits et légumes surgelés,240836.68,alimentaire_restauration,Procédure adaptée,,,31680701501340,2023-12-18,8,20,30105,12042,0,
2023OCC03900,ACCORD-CADRE A BONS DE COMMANDE DE FOURNITURES DE BUREAU ET DE PAPIER: Lot 7: Fournitures de bureau et de papier d\'impression - CMA de l\'Hérault,64000.0,imprimantes,Appel d'offres ouvert,5.0,,30954348600075,2023-12-18,800,5000,80,13,0,
2023V3D0040AI00,"PRESTATION D'INSTALLATION DE MAINTENANCE D'ALARMES DANS LES BÂTIMENTS COMMUNAUX ET DE MAINTENANCE DES ÉQUIPEMENTS D'ALARMES INTRUSION,CONTRÔLE D&#8217",576822.14,securite,Procédure adaptée,,,77605646700587,2023-12-16,2000,20000,288,29,1,"Montant eleve (576,822 > seuil 500,000)"
2024-RENOUVELT00,RENOUVELLEMENT LUMINAIRES VETUSTES SUR LE TERRITOIRE DU SIECE-,150000.0,eclairage,Procédure adaptée,,,32977810400011,2023-12-16,100,1000,1500,150,0,
20232306700,Location et entretien des vêtements de travail de la cuisine centrale,46344.0,vetements_travail,Procédure adaptée,,,97150357800538,2023-12-15,50,200,927,232,0,
2023147 FS00,Pièces véhicules lourds,600000.0,vehicules,Marché négocié sans publicité ni mise en concurren,,,89129465400068,2023-12-15,30000,120000,20,5,2,Sans mise en concurrence
20232023180000,FOURNITURE BORNES ESCAMOTABLES,1200000.0,reseau,Appel d'offres ouvert,,,53170199300036,2023-12-15,2000,20000,600,60,0,
2023942-700,RESTRUCTURATION BATIMENTS ECOLE JAURES LOT 7 EQUIPEMENT DES OFFICES DE SELF,65958.0,logiciels,Procédure adaptée,,,82044278800015,2023-12-15,500,10000,132,7,0,
202398506800,Aménagement de la Crèche intercommunale de Moustiers-Sainte-Marie: Lot 7: Menuiseries bois,36073.0,materiel_construction,Procédure adaptée,,,94851422900012,2023-12-15,500,10000,72,4,0,
2023A237119M0600,Acquisition de mobilier d'accueil,46119.99,mobilier_bureau,Procédure adaptée,,,38218321800066,2023-12-15,400,2000,115,23,0,
2023000000002000,ACQUISITION ET MAINTENANCE COPIEURS,162000.0,imprimantes,Procédure adaptée,,,30954348600075,2023-12-15,800,5000,202,32,0,
202318400,"ACHAT DE PRODUITS ET MATERIEL D'ENTRETIEN ET DE NETTOYAGE ET DROGUERIE: Lot 1 : Produits et matériel det#8217,entretien et de nettoyage et droguerie",180000.0,nettoyage_produits,Procédure adaptée,,,44031947300268,2023-12-15,20,100,9000,1800,0,
2023202347800,2023-M478 EXTINCTEURS,100000.0,securite,Procédure adaptée,,,47986009000030,2023-12-15,2000,20000,50,5,0,
2023018400,AUTOMATE SE 2023 - INNOVATIVE,160000.0,materiel_labo,Procédure concurrentielle avec négociation,,,47812321900022,2023-12-15,5000,50000,32,3,0,
2024000023SF0400,GSI - ACQUISITION MAINTENANCE PRESTATIONS ET EVOLUTIONS AUTOUR DE GIMA OFFICE SUITE ET GIMA DIGITAL SUITE,220000.0,logiciels,Marché négocié sans publicité ni mise en concurren,,,34054699300668,2023-12-15,500,10000,440,22,2,Sans mise en concurrence
2024202321100,MULTIFONCTIONS LIBRE SERVICE ADMINISTRATIFS,90000.0,imprimantes,Appel d'offres ouvert,,,34331185800041,2023-12-15,800,5000,112,18,0,
20230900,LOCATION MAINTENANCE PHOTOCOPIEURS IMPRIMANTES,500000.0,imprimantes,Appel d'offres ouvert,,,38122838600102,2023-12-15,800,5000,625,100,0,
20232023F0003300,Accords-cadres pour l'acquisition de matériel informatique et de copieurs multifonctions - Accord-cadre pour l'acquisition de copieurs multifonctions,4282.91,imprimantes,Appel d'offres ouvert,,,33762184100093,2023-12-15,800,5000,5,1,0,
2320230510000,RENOVATION DE L'ÉCLAIRAGE DE L'HOTEL DE VILLE,144744.0,eclairage,Procédure adaptée,7.0,,44218550000042,2023-12-15,100,1000,1447,145,0,
20232023125L0400,LOT 4 - CHAUFFAGE - VENTILATION - CLIMATISATION,255266.39,chauffage_clim,Procédure adaptée,,,42698003300085,2023-12-15,15000,100000,17,3,0,
20231900,Marché global de performance énergétique éclairage public,1600000.0,eclairage,Procédure adaptée,,,40985159900244,2023-12-15,100,1000,16000,1600,1,"Montant eleve (1,600,000 > seuil 500,000)"
202318400,"ACHAT DE PRODUITS ET MATERIEL D'ENTRETIEN ET DE NETTOYAGE ET DROGUERIE: Lot 2 : Accessoires det#8217,entretien et de nettoyage (lot réservé)",22500.0,nettoyage_produits,Procédure adaptée,,,51024658000011,2023-12-15,20,100,1125,225,0,
2023F0500,Acquisition de véhicules pour la police municipale de Gonesse,200000.0,vehicules,Procédure adaptée,,,44216571800028,2023-12-14,30000,120000,7,2,0,
202398753600,Réaménagement de l'Hôtel Communautaire à Maizières-lès-Metz: Lot 10: Peinture - Sols souples,35709.0,materiel_construction,Procédure adaptée,,,47912511400054,2023-12-14,500,10000,71,4,0,
202398753400,Réaménagement de l'Hôtel Communautaire à Maizières-lès-Metz: Lot 8: Chauffage - Ventilation - Sanitaires,68125.0,chauffage_clim,Procédure adaptée,,,41773641000040,2023-12-14,15000,100000,5,1,0,
202398507200,Aménagement de la Crèche intercommunale de Moustiers-Sainte-Marie: Lot 10: Peinture,14499.0,materiel_construction,Procédure adaptée,,,50393320200023,2023-12-14,500,10000,29,1,0,
20232300240200,Acquisition de véhicules utilitaires légers: Lot 02 - Véhicule utilitaire léger diesel,50000.0,vehicules,Procédure adaptée,,,49350358500058,2023-12-14,30000,120000,2,0,0,
2023020700,FOURNITURE MOBILIERS BOIS 4 LOTS ANNEE 2023,200000.0,mobilier_bureau,Appel d'offres ouvert,,,48018007400027,2023-12-14,400,2000,500,100,0,
2023011-TV00,LOT 11 CHAUFFAGE - VENTILATION - PLOMBERIE SANITAIRES,43012.87,chauffage_clim,Procédure adaptée,,,30586851500043,2023-12-14,15000,100000,3,0,0,
2023290100,VEHICULE ESSENCE - VERSION PM - EQUIPEMENT CYNOPHILE,42234.77,carburant,Procédure adaptée,,,44216571800028,2023-12-14,1.6,1.8,26397,23464,0,
202324M0000400,MOBILIERS DE STATIONNEMENT VELOS,1200000.0,mobilier_bureau,Appel d'offres ouvert,,,49179542300038,2023-12-14,400,2000,3000,600,1,"Montant eleve (1,200,000 > seuil 500,000)"
2023232000,FORNITURE BORNE ARRET MINUTE,140000.0,reseau,Appel d'offres ouvert,,,50864225300019,2023-12-14,2000,20000,70,7,0,
20232023S0015100,"Lot 1 - Commercialisation, exploitation et supervision du réseau IRVE",1600000.0,reseau,Appel d'offres ouvert,,,81861122000018,2023-12-14,2000,20000,800,80,0,
20232023TI100100,MDM (MOBILE DEVICE MANAGEMENT),60000.0,telephonie,Procédure adaptée,,,32410382900721,2023-12-14,500,5000,120,12,0,
202323FCS1200100,FOURNITURES DE PAINS OFFICES REST SCO - PERISCO - CDL - SMAD,600000.0,logiciels,Appel d'offres ouvert,,,61365069600214,2023-12-14,500,10000,1200,60,1,"Montant eleve (600,000 > seuil 500,000)"
20232024F0000200,FOURNITURE ET POSE D’ABRIS VOYAGEURS DESTINÉS A ÉQUIPER LES ARRETS DE BUS DU RÉSEAU DE TRANSPORT COLLECTIF DE SAINT-MALO AGGLOMÉRATION ET DE MOBILIERS,150000.0,reseau,Appel d'offres ouvert,,,40856868100048,2023-12-14,2000,20000,75,8,0,
2023000000040500,FABRICATION FOURNITURE POSE DE MOBILIER SIGNALETIQUE TOP DEPART CYCLISTES DANS LE CADRE RESEAU POINTS NOEUDS,200000.0,mobilier_bureau,Procédure adaptée,,,84091096200017,2023-12-14,400,2000,500,100,0,
2023000000031600,ACQUISITION ET SUPPORT SOLUTIONS LOGICIELLES POUR LA GESTION DES PARCS NUMERIQUES,900000.0,logiciels,Appel d'offres ouvert,,,84484409200164,2023-12-14,500,10000,1800,90,1,"Montant eleve (900,000 > seuil 500,000)"
2023020200,FOURNITURE MOBILIERS BOIS 4 LOTS ANNEE 2023,80000.0,mobilier_bureau,Appel d'offres ouvert,,,39282364700053,2023-12-14,400,2000,200,40,0,
2023RLV230450300,Achat de livres et documents de bibliothèques pour les bibliothèques du réseau de lecture publique de Riom Limagne et Volcans - Lot 3 : BD et Manga,78300.0,reseau,Appel d'offres ouvert,,,41116967500047,2023-12-13,2000,20000,39,4,0,
2023RLV230450500,Achat de livres et documents de bibliothèques pour les bibliothèques du réseau de lecture publique de Riom Limagne et Volcans - Lot 5 : Abonnement pre,61200.0,reseau,Appel d'offres ouvert,,,59205876200036,2023-12-13,2000,20000,31,3,0,
2498902610,Travaux de construction d'une bibliothèque communale à Thoiry: Lot 10: Chauffage - Ventilation - Plomberie - Sanitaire,156593.0,chauffage_clim,Procédure adaptée,1.0,,78939650400019,2023-12-13,15000,100000,10,2,2,Fournisseur unique (1.0 offre)
20232023F0011700,"Renouvellement des licences Autocad et Autocad LT, fourniture de nouvelles licences, leur maintenance, et formation des agents de la ville.",200000.0,logiciels,Procédure adaptée,,,48997240600073,2023-12-13,500,10000,400,20,0,
202309_23L3300,Lot 33 - Légumes surgelés,60000.0,alimentaire_restauration,Appel d'offres ouvert,,,41094928300031,2023-12-13,8,20,7500,3000,0,
202316610000000,Acquisition d'une unité mobile Nord Santé Prévention pour le Département du Nord,1194836.0,telephonie,Appel d'offres ouvert,,,84483384800014,2023-12-13,500,5000,2390,239,1,"Montant eleve (1,194,836 > seuil 300,000)"
2023RLV230450400,Achat de livres et documents de bibliothèques pour les bibliothèques du réseau de lecture publique de Riom Limagne et Volcans - Lot 4 : DVD,57600.0,reseau,Appel d'offres ouvert,,,31752630900057,2023-12-13,2000,20000,29,3,0,
202323071_500,Maintenance des logiciels de gestion de l'urbanisme - Formations et interventions,40000.0,logiciels,Marché négocié sans publicité ni mise en concurren,,,34054699300668,2023-12-13,500,10000,80,4,2,Sans mise en concurrence
20240100,Prestation de service repas et goûters,102489.0,alimentaire_restauration,Procédure adaptée,,,33415947200458,2023-12-13,8,20,12811,5124,0,
20232023F0005800,"Fourniture, livraison et pose de mobiliers pour le hall d'accueil, les bureaux et les locaux du personnel de la piscine de la Guerche de Bretagne - Ac",14799.02,mobilier_bureau,Procédure adaptée,,,42133938300091,2023-12-13,400,2000,37,7,0,
202309_23L2900,Lot 29 - Viandes porcines surgelées,88000.0,alimentaire_restauration,Appel d'offres ouvert,,,78574231300147,2023-12-13,8,20,11000,4400,0,
202309_23L2700,Lot 27 - Viandes ovines et caprines surgelés,208000.0,alimentaire_restauration,Appel d'offres ouvert,,,41094928300031,2023-12-13,8,20,26000,10400,0,
202309_23L3000,Lot 30 - Volaille et lapin surgelés,256000.0,alimentaire_restauration,Appel d'offres ouvert,,,39038469100049,2023-12-13,8,20,32000,12800,0,
20230123095600,Serveurs DELL (3) (CENTRALE ACHAT),64768.72,serveurs,Procédure adaptée,,,13000501000025,2023-12-13,8000,50000,8,1,0,
2023RLV230450100,Achat de livres et documents de bibiothèques pour les bibliothèques du réseau de lecture publique de Riom Limagne et Volcans - Lot 1 : Fiction,243300.0,reseau,Appel d'offres ouvert,,,95651314700192,2023-12-13,2000,20000,122,12,0,
202309_23L3200,Lot 32 - Poissons surgelés,472000.0,alimentaire_restauration,Appel d'offres ouvert,,,41094928300031,2023-12-13,8,20,59000,23600,0,
2024000500500000,REAMENAGEMENT RDC SEVRES_LOT5_PEINTURE DES SOLS,47000.0,materiel_construction,Procédure adaptée,,,31581422800021,2023-12-13,500,10000,94,5,0,
2023M23030500,LOT 3 - FAMILLE CONTACT ALIMENTAIRE - PRODUITS ENTRETIEN ET MATERIELS RESTAURANTS,40000.0,alimentaire_restauration,Marché négocié sans publicité ni mise en concurren,,,32365068900017,2023-12-12,8,20,5000,2000,2,Sans mise en concurrence
202398449600,Marché public relatif à la rénovation de l'éclairage public de l'ensemble de la commune passage en LED intégralement sur l'ensemble des luminaires ext,155988.0,eclairage,Procédure adaptée,,,74725106400024,2023-12-12,100,1000,1560,156,0,
202323003000,"MARCHÉ D?INSTALLATION, DE LOCATION ET DE MAINTENANCE D?UNE ARMOIRE FORTE DESTINÉE À LA CONSERVATION DES ARMES ET MUNITIONS UTILISÉES PAR LA POLICE MUN",79336.0,mobilier_bureau,Procédure adaptée,,,50260222000043,2023-12-12,400,2000,198,40,0,
202323MAIEXT2500,"Contrôle périodique, entretien et maintenance des extincteurs",48000.0,securite,Procédure adaptée,,,38021235700087,2023-12-12,2000,20000,24,2,0,
202423C00380300,ACQ DE VEHICULES DE TRANSPORT - AUTOCAR STANDARD,198443.0,vehicules,Procédure adaptée,,,37849355500015,2023-12-12,30000,120000,7,2,0,
202423C00380100,ACQ DE VEHICULES DE TRANSPORT - MINIBUS,47726.0,vehicules,Procédure adaptée,,,37849355500015,2023-12-12,30000,120000,2,0,0,
20232023MARMOB00,MARENDA LACAN : MOBILIER,58333.33,mobilier_bureau,Procédure adaptée,,,,2023-12-12,400,2000,146,29,0,
2023ABF000021601,"ACQUISITION,GARANTIE ET MAINTENANCE DE PERIPHERIQUES D'IMPRESSION ET NUMERISATION POUR LA CTM - lot 2",60000.0,imprimantes,Appel d'offres ouvert,,,34058517300024,2023-12-12,800,5000,75,12,0,
2023ABF000021701,"ACQUISITION,GARANTIE ET MAINTENANCE DE PERIPHERIQUES D'IMPRESSION ET NUMERISATION POUR LA CTM - lot 3",60000.0,imprimantes,Appel d'offres ouvert,,,34058517300024,2023-12-12,800,5000,75,12,0,
2023086V0100,ACQUISITION D'ÉQUIPEMENTS ÉLECTRIQUES ET  D'ÉCLAIRAGE,950000.0,eclairage,Appel d'offres ouvert,,,30930461605851,2023-12-12,100,1000,9500,950,1,"Montant eleve (950,000 > seuil 500,000)"
202423C00380400,ACQ DE VEHICULES DE TRANSPORT - AUTOBUS STANDARD,238514.0,vehicules,Procédure adaptée,,,37849355500015,2023-12-12,30000,120000,8,2,0,
2323DSI1300,Pose et / ou  dépose de la solution billettique connectée dans les véhicules de transport urbain pour le compte de martinique transport,200000.0,vehicules,Procédure adaptée,5.0,,79337996700011,2023-12-12,30000,120000,7,2,0,
202337900,"Achat de vêtements, chaussures et équipements de travail-relance",240000.0,vetements_travail,Appel d'offres ouvert,,,45169910200021,2023-12-12,50,200,4800,1200,0,
2023ABF000021501,"ACQUISITION,GARANTIE ET MAINTENANCE DE PERIPHERIQUES D'IMPRESSION ET NUMERISATION POUR LA CTM - lot 1",150000.0,imprimantes,Appel d'offres ouvert,,,34058517300024,2023-12-12,800,5000,188,30,0,
202391610200,Marché subséquent n°1 LOT2 - Ordinateurs portables neufs et périphériques associés,270000.0,mobilier_bureau,Appel d'offres ouvert,,,48464107100010,2023-12-12,400,2000,675,135,0,
202322N0864-0000,FF - MAINTENANCE DU LOGICIEL MUNICIPOL POUR LA GESTION DE LA POLICE MUNICIPALE ET MODULES ASSOCIES,400000.0,logiciels,Marché négocié sans publicité ni mise en concurren,,,48125959600023,2023-12-12,500,10000,800,40,2,Sans mise en concurrence
202323M0059L0000,FOURNITURE ET LIVRAISON DE COUCHES JETABLES,160000.0,mobilier_bureau,Procédure adaptée,,,37909534200018,2023-12-12,400,2000,400,80,0,
202323M57V00,LOT 1 : EPICERIE,440000.0,vetements_travail,Appel d'offres ouvert,,,47698032100055,2023-12-12,50,200,8800,2200,0,
202320230100100,FOURNITURES ADMINISTRATIVES DE BUREAU,60000.0,mobilier_bureau,Procédure adaptée,,,44455346500014,2023-12-12,400,2000,150,30,0,
249931955,Contrat d'entretien des installations des résidences du patrimoine de Brive Habitat: Lot 05: chauffage individuel ventilation,1183720.0,chauffage_clim,Appel d'offres ouvert,1.0,,40970727000032,2023-12-12,15000,100000,79,12,2,Fournisseur unique (1.0 offre)
202323M06CCAS00,LOT 1: EPICERIE,200000.0,vetements_travail,Appel d'offres ouvert,,,38500623400418,2023-12-12,50,200,4000,1000,0,
2023RLV2242S1200,Marché subséquent no12 - Achat de Licence Office 365 (Accord cadre multi attributaire d'achat de matériel informatique - Lot 2),47616.8,logiciels,Procédure adaptée,,,38158988600039,2023-12-12,500,10000,95,5,0,
2023SYR23AC2900,"Lots 4, 5, 9 et 10 Jonctions J3UP, Jonctions pour câbles papier, Trousses jonction BT et SYT",3400000.0,fournitures_bureau,Procédure négociée avec mise en concurrence préala,,,9575031100805,2023-12-11,30,200,113333,17000,1,"Montant eleve (3,400,000 > seuil 500,000)"
2023Trx 0300,Remplacement des lanternes de l'éclairage public et du terrain de tennis,137476.0,eclairage,Procédure adaptée,,,89238003100146,2023-12-11,100,1000,1375,137,0,
2023AO2302100100,ACCESSOIRES ET CONSOMMABLES POUR MONITEURS PROPACQ M ET XSERIES ET DEFIBRILLATEURS AED 3,100000.0,ecrans_moniteurs,Appel d'offres ouvert,,,94565014100027,2023-12-11,250,800,400,125,0,
20232023M5200,"Location (transport, installation, gestion technique et dépose inclus) de matériels scéniques, de sonorisation, de lumière, d'écrans LED et de groupe ",49801.5,ecrans_moniteurs,Procédure adaptée,,,44150191300012,2023-12-11,250,800,199,62,0,
20232023-1900,AMENAGEMENT DU CENTRE BOURG MOBILIERS URBAIN,81686.85,mobilier_bureau,Procédure adaptée,,,33212763800085,2023-12-11,400,2000,204,41,0,
2023Z230258F0000,Z230258F00 LOT 4 GANTS ET EQUIPEMENTS DE PROTECTION INDIVIDUELLE,3200000.0,vetements_travail,Appel d'offres ouvert,,,56382048900182,2023-12-11,50,200,64000,16000,1,"Montant eleve (3,200,000 > seuil 500,000)"
20230370100,REMPT AMÉLIORATION ÉCLAIRAGES EXISTANTS SITES SPORTIFS SNA,159502.8,eclairage,Procédure adaptée,,,43123125700020,2023-12-11,100,1000,1595,160,0,
20232023160300,CHARPENTE BOIS,47264.12,materiel_construction,Procédure adaptée,,,32228438100017,2023-12-11,500,10000,95,5,0,
2023M2400006200,FRE ET LIV REPAS CHAUD PERS.AGEE ET PERS.SITUATo HANDICAP,281641.2,alimentaire_restauration,Procédure négociée avec mise en concurrence préala,,,44931731200030,2023-12-11,8,20,35205,14082,0,
2023CAA2303700,TRANSITION LED DES PROJECTEURS SCENIQUES DU DOME THEATRE D'ALBERTVILLE,279305.9,eclairage,Appel d'offres ouvert,,,90148346100017,2023-12-11,100,1000,2793,279,0,
2024DG-2023-L300,FOURNITURE ET INSTALLATION D'UNE AIRE DE PIQUE NIQUE + AIRE DE JEUX ENFANTS + MOBILIERS + GRILLAGE ET PORTILLON TENNIS + FILETS TIR A L'ARC +SIGNALETI,106112.0,mobilier_bureau,Procédure adaptée,,,82499951000020,2023-12-11,400,2000,265,53,0,
2023015300,Location 5 véhicules électriques NHN,63611.0,vehicules,Marché passé sans publicité ni mise en concurrence,,,32989236800021,2023-12-11,30000,120000,2,1,2,Sans mise en concurrence
202398279000,"Rénovation, requalification et renforcement du réseau d'éclairage public",122319.0,reseau,Procédure adaptée,,,40985159900509,2023-12-11,2000,20000,61,6,0,
20230840200,Achat de matériel informatique - Lot 2 - Petits équipements informatiques et logiciels standards,54000.0,logiciels,Appel d'offres ouvert,,,42978416800065,2023-12-11,500,10000,108,5,0,
20232024F0000800,Système d'acquisition dynamique pour l'achat de véhicule neufs ou d'occasion - 2023-07-03-6 : Fourniture et livraison d'un véhicule de tourisme 5 plac,20353.13,mobilier_bureau,Appel d'offres ouvert,,,34911449600095,2023-12-11,400,2000,51,10,0,
20232023F0015000,Marché subséquent n°2 - Acquisition d'un véhicule électrique neuf (type citadine) avec reprise d'un véhicule thermique pour les besoins de Morbihan En,29453.79,vehicules,Appel d'offres ouvert,,,38848852000080,2023-12-09,30000,120000,1,0,0,
20232023T020700,REQUALIFICATION DU PARC DES SPORTS : Relance suite à consultation restée infructueuseLot 3 : Menuiseries bois et aluminiumLot 7 : Ferronnerie: Lot 2: ,59533.0,materiel_construction,Procédure adaptée,,,50092678700010,2023-12-09,500,10000,119,6,0,
202323SI214100,ACQUISITION DE MATERIELS ET LOGICIELS BUREAUTIQUES/ Lot n° 02 : Fourniture de logiciels Microsoft,600000.0,logiciels,Appel d'offres ouvert,,,42498265000014,2023-12-08,500,10000,1200,60,1,"Montant eleve (600,000 > seuil 500,000)"
202398543800,Services de télématique et d'auto-partage pour l'ensemble de la flotte de véhicules du réseau des chambres d'agriculture,20500000.0,reseau,Appel d'offres ouvert,,,43180972200074,2023-12-08,2000,20000,10250,1025,1,"Montant eleve (20,500,000 > seuil 2,000,000)"
20232313700,MOBILIERS MATERIELS CRECHES - MOBILIERS D'AMENAGEMENT,150000.0,mobilier_bureau,Procédure adaptée,,,52147932900026,2023-12-08,400,2000,375,75,0,
24989833,"ACQUISITION D'UN VEHICULE POLYBENNE 7,5 T NEUFAvec reprise d'un véhicule",40200.0,vehicules,Procédure adaptée,2.0,,34742413700045,2023-12-08,30000,120000,1,0,0,
249884103,Relance pour cause d'infructuosité : Construction de 6 bâtiments industriels à usage principal d'activités artisanales sur un terrain situé sur la ZAC,575792.0,materiel_construction,Procédure adaptée,3.0,,35310829300013,2023-12-08,500,10000,1152,58,0,
202323M00140000,SIDEC - MAINTENANCE LOGICIEL JVS RH,45125.0,logiciels,Procédure adaptée,,,32855218700069,2023-12-08,500,10000,90,5,0,
2023231805,ACQUISITION ET INSTALLATION D'UNE SOLUTION LOGICIELLE DE SYSTÈME D'INFORMATION DES RESSOURCES HUMAINES ET PRESTATION DE MAINTENANCE,803282.5,logiciels,Procédure adaptée,,,30516304000119,2023-12-08,500,10000,1607,80,1,"Montant eleve (803,282 > seuil 500,000)"
20232023F0005200,"Fourniture et maintenance d'autorisations d'usage et de déploiement de licences logiciels SIG (Système d'Information Géographique), pour les besoins b",201793.0,logiciels,Marché passé sans publicité ni mise en concurrence,,,34849974000028,2023-12-08,500,10000,404,20,2,Sans mise en concurrence
202323SI215100,ACQUISITION DE MATERIELS ET LOGICIELS BUREAUTIQUES/ Lot n° 03 : Fourniture de logiciels autres que Microsoft,1000000.0,logiciels,Appel d'offres ouvert,,,42498265000014,2023-12-08,500,10000,2000,100,1,"Montant eleve (1,000,000 > seuil 500,000)"
202398245400,Réhabilitation du bâtiment des anciennes balances à l'hippodrome de Chantilly - Relance du lot 9 CVC/Plomberie,107800.0,chauffage_clim,Procédure adaptée,,,40368783300026,2023-12-08,15000,100000,7,1,0,
20232023F0000900,"La présente consultation a pour objet la fourniture de papier, fournitures de bureau et consommables informatiques pour les adhérents du groupement de",300000.0,mobilier_bureau,Appel d'offres ouvert,,,75377852100017,2023-12-08,400,2000,750,150,0,
202398543600,Location longue durée de véhicules professionnels pour les chambres d'agricultures de France métropolitaine,20500000.0,vehicules,Appel d'offres ouvert,,,42018940900097,2023-12-08,30000,120000,683,171,1,"Montant eleve (20,500,000 > seuil 5,000,000)"
20232023N170000,ACHAT DE LICENCES LOGICIEL SUITES BUREAUTIQUES MICROSOFT,400000.0,logiciels,Appel d'offres ouvert,,,,2023-12-08,500,10000,800,40,0,
20232023F0000700,"La présente consultation a pour objet la fourniture de papier, fournitures de bureau et consommables informatiques pour les adhérents du groupement de",1000000.0,mobilier_bureau,Appel d'offres ouvert,,,33044098300055,2023-12-08,400,2000,2500,500,1,"Montant eleve (1,000,000 > seuil 500,000)"
20232023F0000800,"La présente consultation a pour objet la fourniture de papier, fournitures de bureau et consommables informatiques pour les adhérents du groupement de",600000.0,mobilier_bureau,Appel d'offres ouvert,,,57172266900264,2023-12-08,400,2000,1500,300,1,"Montant eleve (600,000 > seuil 500,000)"
202323SI213100,"ACQUISITION MATERIELS ET LOGICIELS BUREAUTIQUES/ Lot n°1 : Fourniture ordinateur, moniteur, périphérique associés",1000000.0,ecrans_moniteurs,Appel d'offres ouvert,,,35152822900088,2023-12-08,250,800,4000,1250,1,"Montant eleve (1,000,000 > seuil 200,000)"
20232023T400300,FILTRES POUR VÉHICULES DE PLUS DE 3.5 TONNES ET MATÉRIELS,100000.0,vehicules,Appel d'offres ouvert,,,37823354800031,2023-12-07,30000,120000,3,1,0,
20232023-1300000,Location 4 véhicules électriques neufs,56415.82,vehicules,Procédure adaptée,,,41336018100049,2023-12-07,30000,120000,2,0,0,
202320232800100,LOT 1 : PETITS CAMION DOUBLE CABINE A BENNE BASCULANTE,115414.98,vehicules,Appel d'offres ouvert,,,47967345100023,2023-12-07,30000,120000,4,1,0,
20232024F0000300,Acquisition de papier pour les besoins des services du Département d’Ille-et-Vilaine -  Marché subséquent 3,13984.0,fournitures_bureau,Appel d'offres ouvert,,,33044098300055,2023-12-07,30,200,466,70,0,
2023202300042900,"Travaux de pose de revêtements de sols dans les logements du patrimoine d'orvitis : Lot 1 : agence urbaine et agence Est Côte det#8217,Or",1110000.0,vetements_travail,Procédure adaptée,,,32699220300058,2023-12-07,50,200,22200,5550,1,"Montant eleve (1,110,000 > seuil 500,000)"
2023-LOT1200,PEINTURE,245396.42,materiel_construction,Procédure adaptée,,,47912511400013,2023-12-07,500,10000,491,25,0,
2023ACENAEPL0700,Marche de Fourniture de produits d epicerie pour le groupement de commande de denrees alimentaires des EPLE et structures publiques de la zone Pyrenee,372430.76,mobilier_bureau,Appel d'offres ouvert,,,47698032100295,2023-12-07,400,2000,931,186,0,
241007587,Surveillance et maintenance de réseaux gpl2024-2027,130000.0,reseau,Procédure adaptée,1.0,,33487372602318,2023-12-07,2000,20000,65,6,2,Fournisseur unique (1.0 offre)
20232023T400200,FILTRES POUR VÉHICULES DE MOINS DE 3.5 TONNES,100000.0,vehicules,Appel d'offres ouvert,,,37823354800031,2023-12-07,30000,120000,3,1,0,
202320232800400,LOT 4 : VEHICULE UTILITAIRE (CABINE ALLONGEE),53238.05,vehicules,Appel d'offres ouvert,,,39958274100027,2023-12-07,30000,120000,2,0,0,
202398231200,Avenant 2 Marché 5427 - ONET SECURITE TELEM - Travaux de modernisation et extension du dispositif de vidéosurveillance et de transmission des sites de,474449.0,securite,Procédure adaptée,,,6950243300316,2023-12-07,2000,20000,237,24,0,
202323103100,DLA FOURNITURE PAPIERS TRX IMPRESSION ET REPROGRAPHIE,63000.0,imprimantes,Procédure adaptée,,,33044098300055,2023-12-07,800,5000,79,13,0,
2023142500,PIECES DETACHEES ADAPTABLES POUR VEHICULES LEGERS,100000.0,mobilier_bureau,Procédure adaptée,,,41059693600014,2023-12-07,400,2000,250,50,0,
2023M09500,ACQUISITION DE MATERIEL LUMIERE SCENIQUE LED POUR LE THEATRE DE LAVAL (53),160976.55,eclairage,Procédure adaptée,,,38073843500045,2023-12-07,100,1000,1610,161,0,
20232023T400100,PIÈCES DÉTACHÉES ADAPTABLES POUR VÉHICULES DE MOINS DE 3.5 T,680000.0,mobilier_bureau,Appel d'offres ouvert,,,37823354800031,2023-12-07,400,2000,1700,340,1,"Montant eleve (680,000 > seuil 500,000)"
2023X14000,LOT 1 ACQUISITION PAPIER ET DIVERS SUPPORTS DE COMMUNICATION  PAPIERS BLANCS ET AUTRES SUPPORTS POUR IMPRESSION NUMERIQUE HAUT VOLUME PAPIERS DE COULE,130000.0,imprimantes,Procédure adaptée,,,33044098300055,2023-12-07,800,5000,162,26,0,
20242024003L0200,Fourniture de papier a usage d impression et de reprographie,170000.0,imprimantes,Appel d'offres ouvert,,,32201998500033,2023-12-06,800,5000,212,34,0,
249967936,Construction de la maison de jeunesse du Pont et d'un restaurant collectif à Marcq-en-Baroeul: Lot 6: Peintures - Revêtements de sols souples,24193.0,vetements_travail,Procédure adaptée,3.0,,30099045400021,2023-12-06,50,200,484,121,0,
202323F11000100,ACQUISITION ET MAINTENANCE D UNE IMPRIMANTE NUMERIQUE COULEUR A HAUT DEBIT,300000.0,imprimantes,Appel d'offres ouvert,,,73820526901882,2023-12-06,800,5000,375,60,0,
2023M23067L0201,LOT 2 - Béton bouchardé,97507.0,materiel_construction,Procédure adaptée,,,45075769500041,2023-12-06,500,10000,195,10,0,
202324A00,Lot 1  Ustensiles et petits matériels de nettoyage,180000.0,nettoyage_produits,Appel d'offres ouvert,,,37844262800012,2023-12-06,20,100,9000,1800,0,
2023M23067L0300,"LOT 3 - Mobilier, jardinière et cuve eaux pluviales",69970.0,mobilier_bureau,Procédure adaptée,,,52103291200011,2023-12-06,400,2000,175,35,0,
2023200700,"Maintenances, acquisitions, évolutions et prestations associées relatives aux progiciels de gestion des ressources humaines",600000.0,logiciels,Marché négocié sans publicité ni mise en concurren,,,34054699300668,2023-12-06,500,10000,1200,60,3,"Sans mise en concurrence | Montant eleve (600,000 > seuil 500,000)"
2024M4B0033DG00,"Location, mise en place et exploitation de matériel de sonorisation et d'éclairage",66888.8,eclairage,Marché négocié sans publicité ni mise en concurren,,,88495456100012,2023-12-06,100,1000,669,67,2,Sans mise en concurrence
2023M23068L0300,LOT 3 - Mobilier,167141.7,mobilier_bureau,Procédure adaptée,,,52103291200011,2023-12-06,400,2000,418,84,0,
20232023170500,Travaux d'installation d'un bâtiment modulaire et création d'un hangar de stockage: Lot 5: Mobilier,12000.0,mobilier_bureau,Procédure adaptée,,,39043733300052,2023-12-06,400,2000,30,6,0,
20232023F0010700,Acquisition de deux balayeuses de voirie dans le cadre du programme de remplacement et d'extension du parc automobile de la Ville de Vannes pour les a,348000.0,telephonie,Appel d'offres ouvert,,,38388818700028,2023-12-06,500,5000,696,70,1,"Montant eleve (348,000 > seuil 300,000)"
202398744500,Amenagement d'un espace de bureaux multifonctions coworking - lot 09 : serrurerie (suite infructuosite),20328.0,imprimantes,Procédure adaptée,,,83137489700021,2023-12-06,800,5000,25,4,0,
2023M23068L0200,LOT 2 -béton bouchardé,188230.0,materiel_construction,Procédure adaptée,,,45075769500041,2023-12-06,500,10000,376,19,0,
24988440,Entretien et maintenance (P2) des systèmes individuels de chauffage et production d'eau chaude sanitaire de 30 groupes du Patrimoine de MEDUANE HABITA,50700.0,chauffage_clim,Procédure adaptée,1.0,,30134058406761,2023-12-06,15000,100000,3,1,2,Fournisseur unique (1.0 offre)
24993767,Achat d'un véhicule 3.5t avec benne au profit de la cc elan,45000.0,vehicules,Procédure adaptée,3.0,,75850037500095,2023-12-05,30000,120000,2,0,0,
2023V3M23300AU00,ACHAT ET MAINTENANCE D UN COPIEUR DE PRODUCTION COULEUR,120000.0,imprimantes,Procédure adaptée,,,82409086400029,2023-12-05,800,5000,150,24,0,
202398451900,Extension de la Maison des Jeunes: Lot 9: Lot 9 - Peinture - Ravalement,7947.0,materiel_construction,Procédure adaptée,,,53360945900037,2023-12-05,500,10000,16,1,0,
202318LC100,TRAVAUX RESEAU EAU POTABLE JARDINS FAMILIAUX,74982.0,mobilier_bureau,Marché négocié sans publicité ni mise en concurren,,,84066182100016,2023-12-05,400,2000,187,37,2,Sans mise en concurrence
2023-09L200,LOT No2 : BENNE DE COLLECTE DES DECHETS : CAISSON DE 19 A 21 M3 AVEC LEVE-CONTENEURS DOUBLE CHAISE AUTOMATIQUE (TREMIE HAUTE),133020.0,mobilier_bureau,Appel d'offres ouvert,,,77557300900047,2023-12-05,400,2000,333,67,0,
2023-09L400,LOT No4 : BENNES DE COLLECTE DES DECHETS : CAISSON DE 13 A 15 M3 AVEC LEVE-CONTENEURS DOUBLE CHAISE AUTOMATIQUE (TREMIE HAUTE),128560.0,mobilier_bureau,Appel d'offres ouvert,,,77557300900047,2023-12-05,400,2000,321,64,0,
2023270700,Location longue durée de véhicules de service pour le GHT des Pyrénées Ariégeoises Lot 7 Frigo CHAC,162120.0,vehicules,Appel d'offres ouvert,,,30057104900018,2023-12-05,30000,120000,5,1,0,
2023202399006,Renouvellement du réseau d'eau potable rue du Donon (entre la rue du Rebberg et la rue des Carrières),98737.0,reseau,Procédure adaptée,,,41390920100209,2023-12-05,2000,20000,49,5,0,
2023270600,Location longue durée de véhicules de service pour le GHT des Pyrénées Ariégeoises Lot 6 Frigo CHIVA,118704.0,vehicules,Appel d'offres ouvert,,,30057104900018,2023-12-05,30000,120000,4,1,0,
202324000600100,ACQUISITION ET MAINTENANCE D'UN ARC DE MATERIELS DE REPROGRAPHIE MULTIFONCTIONS,136978.9,imprimantes,Appel d'offres ouvert,,,32631334300062,2023-12-05,800,5000,171,27,0,
20232023-4400,LOT 1 : LLD ET ENTRETIEN DE VL ET DE TYPE LUDOSPACE A MOTEUR THERMIQUE,108023.0,chauffage_clim,Appel d'offres ouvert,,,34911449600079,2023-12-05,15000,100000,7,1,0,
2024HET24Lot1000,Gants de Toilettes à Usage Unique,323727.91,vetements_travail,Appel d'offres ouvert,,,32515803800035,2023-12-05,50,200,6475,1619,0,
2024HET-Lot 1000,Gants de toilette à usage unique,323727.91,vetements_travail,Appel d'offres ouvert,,,32515803800035,2023-12-05,50,200,6475,1619,0,
202387200,LOT 2 - PETIT MOBILIER ET EQUIPEMENTS MEDICAUX,80000.0,mobilier_bureau,Appel d'offres ouvert,,,38747691400123,2023-12-05,400,2000,200,40,0,
2023VC9800,ACQUISITION LOGICIEL DE GESTION D INTERVENTIONS ET SERVICES DE LA DSI HELPDESK,72693.85,logiciels,Procédure adaptée,,,42498265000014,2023-12-05,500,10000,145,7,0,
202323M00120000,BORNES DE REHARGE DE VEHICULE ELECTRIQUE,53947.86,reseau,Procédure adaptée,,,64695005500038,2023-12-05,2000,20000,27,3,0,
2023-210000,RENOUVELLEMENT RESEAU EAU POTABLE AVENUES DE LA GONTRIE ET CIVEYRAC,105850.75,mobilier_bureau,Procédure adaptée,,,43998740500024,2023-12-05,400,2000,265,53,0,
202324000600101,ACQUISITION ET MAINTENANCE D'UN ARC DE MATERIELS DE REPROGRAPHIE MULTIFONCTIONS,136978.9,imprimantes,Appel d'offres ouvert,,,32631334300062,2023-12-05,800,5000,171,27,0,
20232023F0015100,Mise en place d’une solution d’affichage dynamique de diffusion de l’Information Voyageurs sur les écrans de la gare routière de Lorient,23405.0,ecrans_moniteurs,Procédure adaptée,,,49805541700048,2023-12-05,250,800,94,29,0,
2023230960100,IMPRESSION,82000.0,imprimantes,Appel d'offres ouvert,,,33315830100015,2023-12-05,800,5000,102,16,0,
249990404,Installation d'une cuisine dans les locaux de la chambre d'agriculture de cote d'or à Breteniere: Lot 4 : Braisière multifonction+Four Mixte,24635.0,imprimantes,Procédure adaptée,3.0,,39119567400034,2023-12-05,800,5000,31,5,0,
2023M09100,VETEMENTS ET EPI PERSONNEL MUNICIPAL - LOT 1 VETEMENTS DE TRAVAIL EPI SERVICES TECHNIQUES,140000.0,vetements_travail,Procédure adaptée,,,33256495401043,2023-12-04,50,200,2800,700,0,
20232023FS1300,Extension d'une infrastructure pour l'usage des réseaux sans fil (WIFI) de l'Ecole centrale de Lyon,250000.0,reseau,Appel d'offres ouvert,,,44761665700055,2023-12-04,2000,20000,125,12,0,
20232023007L100,Multifonction libre service  pour les services administratifs,90000.0,imprimantes,Appel d'offres ouvert,,,34331185800041,2023-12-04,800,5000,112,18,0,
20230702,"Déploiement du dispositif ""Micro-Folie"" - Fourniture, installation et maintenance du matériel lié au musée numérique et fourniture de mobilier: Lot 2 ",4673.0,mobilier_bureau,Procédure adaptée,,,30270097600053,2023-12-04,400,2000,12,2,0,
202323014800,FABRICATION DE PIECES SUR MESURE ET FOURNITURE DE PIECES DETACHEES ADAPTABLES POUR CIRCUITS HYDRAULIQUES PNEUMATIQUES ETANCHEITE D ORGANES MECANIQUES ,200000.0,mobilier_bureau,Appel d'offres ouvert,,,57080037500091,2023-12-04,400,2000,500,100,0,
202397767600,Locations ponctuelles de cars ou minibus avec chauffeur,40000.0,vehicules,Procédure adaptée,,,38136818200071,2023-12-04,30000,120000,1,0,0,
202323059_100,Location de véhicules réfrigérés pour la livraison des repas - prestations de base 4 ans,143952.0,vehicules,Procédure adaptée,,,30057104900018,2023-12-04,30000,120000,5,1,0,
202398157600,"Marché de service portant sur la fourniture, livraison, pose et entretien de mobilier urbain, de signalisation et signalétique pour la ville de Wasque",520000.0,mobilier_bureau,Appel d'offres ouvert,,,83875851400031,2023-12-04,400,2000,1300,260,1,"Montant eleve (520,000 > seuil 500,000)"
20232316600,Fre et liv. pièces p/véhicules RVI,520000.0,vehicules,Appel d'offres ouvert,,,32684201000026,2023-12-04,30000,120000,17,4,0,
2023M09200,VETEMENTS ET EPI PERSONNEL MUNICIPAL - LOT 2 VETEMENTS DE TRAVAIL TECHNICIENNES SURFACE,60000.0,vetements_travail,Procédure adaptée,,,33256495401043,2023-12-04,50,200,1200,300,0,
202323013100,"LOCATION,TRANSPORT ET COMPACTAGE DE BENNES DE DECHETERIES",2400000.0,chauffage_clim,Appel d'offres ouvert,,,31099810900055,2023-12-04,15000,100000,160,24,1,"Montant eleve (2,400,000 > seuil 2,000,000)"
20230120100,VEHICULES UTILITAIRES NEUFS,48636.34,vehicules,Procédure adaptée,,,34186136700033,2023-12-04,30000,120000,2,0,0,
2023COM0500,Réseau canalisation eaux pluviales Miolanet,120000.0,reseau,Procédure adaptée,,,67682013700054,2023-12-04,2000,20000,60,6,0,
2023CCOURRIER100,"GESTION DES COURRIERS, MATERIELS ET PRESTATIONS ASSOCIES - Lot 1 MAA/MSP : Location des machines à affranchir et de mise sous plis, maintenance et enc",60000.0,fournitures_bureau,Appel d'offres ouvert,,,56204623500478,2023-12-04,30,200,2000,300,0,
2024LOGINF-00100,MAINTENANCE LOGICIELS BERGER LEVRAULT,100000.0,logiciels,Marché négocié sans publicité ni mise en concurren,,,75580064600209,2023-12-03,500,10000,200,10,2,Sans mise en concurrence
2023SI0800,Location et maintenance de copieurs multifonctions,200000.0,imprimantes,Procédure adaptée,,,38524400900036,2023-12-01,800,5000,250,40,0,
20232023F0000400,Marché de fourniture et de livraison de papier et petites fournitures de bureau - Papier,390575.0,mobilier_bureau,Appel d'offres ouvert,,,33044098300055,2023-12-01,400,2000,976,195,0,
2023-ST-00900,EQUIPEMENTS DE CUISINE cantine des limonières,72985.0,alimentaire_restauration,Procédure adaptée,,,43241349000025,2023-12-01,8,20,9123,3649,0,
20232023F0000500,Marché de fourniture et de livraison de papier et petites fournitures de bureau - Petites fournitures de bureau,27886.0,mobilier_bureau,Appel d'offres ouvert,,,57172266900264,2023-12-01,400,2000,70,14,0,
20240400,LOT 04 - Epicerie BIO,424484.13,vetements_travail,Appel d'offres ouvert,,,44236533400048,2023-12-01,50,200,8490,2122,0,
202398118100,23.D19 FRUITS ET LEGUMES SURGELES,3200000.0,alimentaire_restauration,Appel d'offres ouvert,,,31680701501340,2023-12-01,8,20,400000,160000,1,"Montant eleve (3,200,000 > seuil 2,000,000)"
20230150800,COMMANDE DE MOBILIER - MAISON REGIONALE DES SPORTS,49323.4,mobilier_bureau,Procédure adaptée,,,42248290100085,2023-12-01,400,2000,123,25,0,
2024C3N10300AU00,ACQUISITION MAINTENANCE LOGICIEL ECONCEPT,40000.0,logiciels,Marché négocié sans publicité ni mise en concurren,,,48425506200016,2023-11-30,500,10000,80,4,2,Sans mise en concurrence
202323AC01300,MARCHE DE TELEPHONIE MOBILE: Lot 1 : VOIX ET INTERNET,7500.0,telephonie,Procédure adaptée,,,38012986648625,2023-11-30,500,5000,15,2,0,
20232023F0010500,Système d’acquisition dynamique pour l’achat de véhicules neufs ou d’occasion pour le parc automobile de la Ville de Vannes et du CCAS - Catégorie 4 :,17584.0,telephonie,Appel d'offres ouvert,,,48494055600018,2023-11-30,500,5000,35,4,0,
2023053302,"Mise à disposition d?une bibliothèque de logiciels multi-éditeurs et prestations associées, pour les 3 établissement du GHT-GPNE",399000.0,logiciels,Appel d'offres ouvert,,,38873456800495,2023-11-30,500,10000,798,40,0,
2023PAJ_L0300,"Conception et réalisation d'un parc d'activités comprenant le fond de forme, l'aménagement d'un skate-park en béton coulé et l'installation d'un city-",99943.22,materiel_construction,Procédure adaptée,,,49871695000023,2023-11-30,500,10000,200,10,0,
20230701,"Déploiement du dispositif ""Micro-Folie"" - Fourniture, installation et maintenance du matériel lié au musée numérique et fourniture de mobilier: Lot 1 ",47798.0,mobilier_bureau,Procédure adaptée,,,35009370400657,2023-11-30,400,2000,119,24,0,
20232023-00600,Confection de repas individuels en liaison froide destinés aux personnes agées de plus de 60 ans,100000.0,alimentaire_restauration,Procédure adaptée,,,79174781900070,2023-11-30,8,20,12500,5000,0,
2023M3B0069MG00,ACHAT DE 2 VÉHICULES UTILITAIRES D'OCCASION POUR LA MÉTROPOLE DE MONTPELLIER,58000.0,vehicules,Procédure adaptée,,,31810202700022,2023-11-30,30000,120000,2,0,0,
2024P2308200,FR ET LIVRAISON DENREES ALIMENTAIRES EPICERIE BIO LOT 1 EPICERIE CONVENTIONNELLE CCP,70000.0,vetements_travail,Procédure adaptée,,,47698032100170,2023-11-30,50,200,1400,350,0,
202320230690100,"Fourniture de papèterie (hors papier blanc reprographie),  fournitures pour loisirs créatifs et travaux manuels, matérie",284800.0,imprimantes,Appel d'offres ouvert,,,70372020100028,2023-11-30,800,5000,356,57,0,
2023053301,"Mise à disposition d?une bibliothèque de logiciels multi-éditeurs et prestations associées, pour les 3 établissement du GHT-GPNE",399000.0,logiciels,Appel d'offres ouvert,,,38873456800495,2023-11-30,500,10000,798,40,0,
2023053300,"Mise à disposition d?une bibliothèque de logiciels multi-éditeurs et prestations associées, pour les 3 établissement du GHT-GPNE",399000.0,logiciels,Appel d'offres ouvert,,,38873456800495,2023-11-30,500,10000,798,40,0,
2023168800,Prestations de support et suivi logiciel TRAUMACAD,94049.6,logiciels,Marché négocié sans publicité ni mise en concurren,,,53529682600014,2023-11-29,500,10000,188,9,2,Sans mise en concurrence
202323003600200,LOT 2 MOBILIERS AMENAGEMENT ET RANGEMENT DE CLASSE,49000.0,mobilier_bureau,Procédure adaptée,,,73298019800020,2023-11-29,400,2000,122,24,0,
202317502,"2023/175 - lot 1 - Acquisition, location et entretien véhicules légers de tourisme",6000000.0,vehicules,Appel d'offres ouvert,,,32989236800021,2023-11-29,30000,120000,200,50,1,"Montant eleve (6,000,000 > seuil 5,000,000)"
2023DCT05200,Travaux relatif à la requalification des espaces extérieurs du musée Dauphinois Grenoble lot 2 maçonnerie Grenoble lot 4 serrurerie,133883.0,chauffage_clim,Procédure adaptée,,,33996388600017,2023-11-29,15000,100000,9,1,0,
202323M0048L0000,ACQUISITION DE SERVEURS INFORMATIQUES,1000000.0,serveurs,Appel d'offres ouvert,,,75750102800547,2023-11-29,8000,50000,125,20,0,
202317501,"2023/175 - lot 1 - Acquisition, location et entretien véhicules légers de tourisme",6000000.0,vehicules,Appel d'offres ouvert,,,33925599400024,2023-11-29,30000,120000,200,50,1,"Montant eleve (6,000,000 > seuil 5,000,000)"
249980753,DIVERS TRAVAUX EN FACADES ET PARTIES COMMUNES LES ARCADES - PLACE JEAN JAURES A CASTRES: Lot 3: DIVERS TRAVAUX EN FACADES ET PARTIES COMMUNES LES ARCA,11821.0,materiel_construction,Procédure adaptée,2.0,,38446890600027,2023-11-29,500,10000,24,1,0,
2023ABF000018700,IMPRESSION DES GUIDES TERRITORIAUX,119000.0,imprimantes,Appel d'offres ouvert,,,34129298500056,2023-11-29,800,5000,149,24,0,
20232023-073-100,LOT 1 - PRODUITS D'ENTRETIEN COURANT LIQUIDE NORMES ALIMENTAIRES,59500.0,alimentaire_restauration,Procédure adaptée,,,31984345400053,2023-11-29,8,20,7438,2975,0,
20232023F0001100,"Progiciel de gestion de la billetterie pour la programmation culturelle de la commune de Dinard (acquisition de licences, hébergement portail, fournit",50000.0,serveurs,Procédure adaptée,,,42204012100028,2023-11-29,8000,50000,6,1,0,
20232023640000,PROGICIEL DE GESTION DE BILLETERIE PROGRAMMATION CULTURELLE,50000.0,logiciels,Procédure adaptée,,,42204012100028,2023-11-29,500,10000,100,5,0,
202317600,"2023/176 - lot 2 - Acquisition, location et entretien véhicules légers utilitaires",2400000.0,vehicules,Appel d'offres ouvert,,,33925599400024,2023-11-29,30000,120000,80,20,0,
202323003500100,LOT 1 MOBILIERS POUR CLASSES MATERNELLES ET ELEMENTAIRES,77000.0,mobilier_bureau,Procédure adaptée,,,73298019800020,2023-11-29,400,2000,192,38,0,
202323FCD0015200,LOT 2 MOBILIERS SCOLAIRES,80000.0,mobilier_bureau,Procédure adaptée,,,38365393800027,2023-11-29,400,2000,200,40,0,
2023202300041400,"Travaux d'entretien du patrimoine locatif et administratif de DOMANYS: Lot 32: Peintures, papiers peints-revêtements de sol-plâtrerie-vitrerie pour le",3600000.0,fournitures_bureau,Appel d'offres ouvert,,,52385974200034,2023-11-29,30,200,120000,18000,1,"Montant eleve (3,600,000 > seuil 500,000)"
2023061910MVB00,MAINTENANCE LOGICIEL DE GESTION DE LA RELATION CLIENT,50000.0,logiciels,Appel d'offres ouvert,,,49657315500330,2023-11-29,500,10000,100,5,0,
202320230790100,LOT N°1 - BARQUETTES ALIMENTAIRES,66000.0,alimentaire_restauration,Procédure adaptée,,,30166973500062,2023-11-29,8,20,8250,3300,0,
2023061910MVB00,MAINTENANCE LOGICIEL DE GESTION DE LA RELATION CLIENT,70000.0,logiciels,Appel d'offres ouvert,,,49657315500330,2023-11-29,500,10000,140,7,0,
202323003700300,LOT 3 MOBILIERS ET MATERIELS PEDAGOGIQUES,49000.0,mobilier_bureau,Procédure adaptée,,,52492002200018,2023-11-29,400,2000,122,24,0,
202313DSES200,REPAS DU CENTRE DE LOISIRS,120000.0,alimentaire_restauration,Procédure adaptée,,,79366919300013,2023-11-29,8,20,15000,6000,0,
2024SDF00,CHARPENTE BOIS COUVERTURE ZINGUERIE,284093.54,materiel_construction,Procédure adaptée,,,84958368700017,2023-11-28,500,10000,568,28,0,
202327LOL200,FOURNITURE DE PAPIER IMPRESSION NUMERIQU,80000.0,imprimantes,Procédure adaptée,,,33044098300055,2023-11-28,800,5000,100,16,0,
2023143PICBOI100,FOURNITURES DE SIGNALETIQUES SUPPORTS PEDAGOGIQUES ET MOBILIER POUR LES SENTIERS DE RANDONNEE DU TERRITOIRE - Lot 1 : Panneau d'information et signalé,72000.0,mobilier_bureau,Procédure adaptée,,,44914010200012,2023-11-28,400,2000,180,36,0,
20232023T1900,FOURNITURE ET INSTALLATION DE RAYONNAGES MOBILES - ARCHIVES,90963.37,telephonie,Procédure adaptée,,,43824059000044,2023-11-28,500,5000,182,18,0,
2023230027L200,Mobilier urbain de protection en acier inox,280000.0,mobilier_bureau,Appel d'offres ouvert,,,42174310500023,2023-11-28,400,2000,700,140,0,
2023230470500,AMENAGEMENT DE LA PLACE GENERAL LECLERC MOBILIER URBAIN,74892.4,mobilier_bureau,Procédure adaptée,,,89988941400095,2023-11-28,400,2000,187,37,0,
2023M23029100,Lot 1 - Mobilier de bureau,130000.0,mobilier_bureau,Appel d'offres ouvert,,,41851929400031,2023-11-28,400,2000,325,65,0,
202323RS042400,JUS DE FRUIT SANS SUCRE AJOUTE,63663.08,alimentaire_restauration,Procédure adaptée,,,40897728800013,2023-11-28,8,20,7958,3183,0,
2023162023DL00,RÉNOVATION DE 15 SALLES DE CLASSES ÉCOLE LAZA M?ZE Lot 05 : PEINTURE,85286.0,materiel_construction,Procédure adaptée,,,88787606800016,2023-11-28,500,10000,171,9,0,
20232023F0006500,Système d'acquisition dynamique pour l'achat de véhicules d'occasion : véhicules particuliers et véhicules légers utilitaires - Spécifique 19 - achat ,9383.34,vehicules,Appel d'offres ouvert,,,78813992100050,2023-11-28,30000,120000,0,0,0,
20232023F0006800,Système d'acquisition dynamique pour l'achat de véhicules d'occasion : véhicules particuliers et véhicules légers utilitaires - Spécifique 20 - achat ,13014.37,vehicules,Appel d'offres ouvert,,,78813992100050,2023-11-28,30000,120000,0,0,0,
202309_23L1100,Lot 11 - Viande de lapin frais,76000.0,alimentaire_restauration,Procédure négociée avec mise en concurrence préala,,,44133059400017,2023-11-28,8,20,9500,3800,0,
202309_23L0800,Lot 08 - Viande porcine fraiche,52000.0,alimentaire_restauration,Marché négocié sans publicité ni mise en concurren,,,44133059400017,2023-11-28,8,20,6500,2600,2,Sans mise en concurrence
20232023F0006600,Système d'acquisition dynamique pour l'achat de véhicules d'occasion : véhicules particuliers et véhicules légers utilitaires - Spécifique 19 - achat ,9383.34,vehicules,Appel d'offres ouvert,,,78813992100050,2023-11-28,30000,120000,0,0,0,
2023000001303100,FOURNITURE DE MOBILIERS POUR LES BESOINS DE LA REGION CENTRE VAL DE LOIRE ET DE SES ETABLISSEMENTS DE FORMATION,1780000.0,mobilier_bureau,Appel d'offres ouvert,,,38365393800027,2023-11-28,400,2000,4450,890,1,"Montant eleve (1,780,000 > seuil 500,000)"
202423051100,Travaux de courants forts et faibles et maintenance des éclairages de sécurité et des tableaux électriques,160000.0,mobilier_bureau,Appel d'offres ouvert,,,42981128400075,2023-11-28,400,2000,400,80,0,
202398117400,23.B02 VIANDE DE BOEUF HACHEE CRUE SURGELEE ISSUE DE L'AGRICULTURE BIOLOGIQUE,250000.0,alimentaire_restauration,Appel d'offres ouvert,,,32097588100089,2023-11-28,8,20,31250,12500,0,
202309_23L1000,Lot 10 - viande de volaille fraiche,68000.0,alimentaire_restauration,Marché négocié sans publicité ni mise en concurren,,,44133059400017,2023-11-28,8,20,8500,3400,2,Sans mise en concurrence
20232023F0006700,Système d'acquisition dynamique pour l'achat de véhicules d'occasion : véhicules particuliers et véhicules légers utilitaires - Spécifique 20 - achat ,9383.34,vehicules,Appel d'offres ouvert,,,78813992100050,2023-11-28,30000,120000,0,0,0,
2023230027L100,Mobilier urbain de protection et de propreté en acier galvanisé ou fonte thermolaquée,640000.0,mobilier_bureau,Appel d'offres ouvert,,,82572049300014,2023-11-28,400,2000,1600,320,1,"Montant eleve (640,000 > seuil 500,000)"
202323047M0300,FR MOBILIER VILLE - LOT 3 : CRECHES,50000.0,mobilier_bureau,Appel d'offres ouvert,,,41089986800039,2023-11-27,400,2000,125,25,0,
2023230000006000,Achat de véhicules services VDL - Lot 5 : 3 véhicules utilitairez,51939.51,vehicules,Appel d'offres ouvert,,,77563905700022,2023-11-27,30000,120000,2,0,0,
202398068600,"Maintenance et Acquisition d'extincteurs, Vérification des alarmes incendie, asservissements (dont portes coupe-feu et éclairages via source centrale)",100000.0,eclairage,Procédure adaptée,,,34059336700030,2023-11-27,100,1000,1000,100,0,
2023230000005800,Achat véhicules services VDL - Lot 3 : 1 chargeuse pelleteuse,122000.0,vehicules,Appel d'offres ouvert,,,33857155700036,2023-11-27,30000,120000,4,1,0,
2023O5058A00,"Impression et livraison d'imprimés administratifs pour les services de la Ville de Lyon et le CCAS-Lot 1-Fourniture, impression et livraison de cartes",150000.0,imprimantes,Appel d'offres ouvert,,,52490060200029,2023-11-27,800,5000,188,30,0,
20231101-0200,LOT 2: MISE EN CONFORMITE ET RENOVATION DES ARMOIRES DE COMMANDES D'ECLAIRAGE PUBLIC ET TELEGESTION EN CENTRE VILLE,58582.66,mobilier_bureau,Procédure adaptée,,,43316977800035,2023-11-27,400,2000,146,29,0,
2023230000005600,Achat de véhicules services VDL - Lot 1 : 3 véhicules châssis benne + 1 camion plateau,176954.0,vehicules,Appel d'offres ouvert,,,49456312500033,2023-11-27,30000,120000,6,1,0,
202323A0254L0300,202323A0254L03 FOURNITURE MISE EN OEUVRE ET MAINTENANCE DES BORNES VAE,400000.0,reseau,Procédure adaptée,,,89238003100393,2023-11-27,2000,20000,200,20,0,
2023230000005700,Achat véhicules services VDL - lot 2 : camion nacelle VL,73900.0,vehicules,Appel d'offres ouvert,,,43141899500046,2023-11-27,30000,120000,2,1,0,
202306800,M2023-061- TX CONSTRUCT GS QUARTIER POUDRERIE LOT N°11 : CHAUFFAGE - VENTILATION - PLOMBERIE - SANITAIRES,702666.11,chauffage_clim,Procédure adaptée,,,34924704900027,2023-11-27,15000,100000,47,7,0,
2023014400,"Acquisition de mobilier scolaire, de CDI et de Centre de Ressources des lycées de Normandie (EPLE) et prestations d'aménagement intérieur, d'installat",3000000.0,mobilier_bureau,Appel d'offres ouvert,,,38365393800027,2023-11-27,400,2000,7500,1500,1,"Montant eleve (3,000,000 > seuil 500,000)"
202323045M0100,FR MOBILIER VILLE - LOT 1 :SCOLAIRE,380000.0,mobilier_bureau,Appel d'offres ouvert,,,38365393800027,2023-11-27,400,2000,950,190,0,
2023230105400100,LOCATION MAINTENANCE DES EQUIPEMENTS DE REPROGRAPHIE,80000.0,imprimantes,Appel d'offres ouvert,,,34331185800041,2023-11-27,800,5000,100,16,0,
20232023A0070500,"2023-4 - acquisition d'un camion tp châssis-benne 6x4, 26 tonnes de ptac, prééquipé pour gravillonnage: Accord cadre",180625.0,vehicules,Appel d'offres ouvert,,,30327375900017,2023-11-27,30000,120000,6,2,0,
20231101-0100,LOT 1 : MARCHÉ GLOBAL DE PERFORMANCE MAINTENANCE ET TRAVAUX SUPPORTS ET LUMINAIRES D'ÉCLAIRAGE PUBLIC ET INSTALLATIONS SPORTIVES,494801.25,eclairage,Procédure adaptée,,,43316977800035,2023-11-27,100,1000,4948,495,0,
202306700,M2023-061- TX CONSTRUCT GS QUARTIER POUDRERIE LOT N° 10 : PEINTURE - SIGNALETIQUE,86945.85,materiel_construction,Procédure adaptée,,,32633316800051,2023-11-27,500,10000,174,9,0,
2023014500,"Acquisition de mobilier scolaire, de CDI et de Centre de Ressources des lycées de Normandie (EPLE) et prestations d'aménagement intérieur, d'installat",1000000.0,mobilier_bureau,Appel d'offres ouvert,,,38365393800027,2023-11-27,400,2000,2500,500,1,"Montant eleve (1,000,000 > seuil 500,000)"
