type_anomalie,id,objet,montant,codecpv,procedure,acheteur_id,acheteur_nom,titulaire_siret,date,offres_recues
Sans concurrence,20220922105100,FOURNITURE AUTOBUS ARTICULES ELECTRIQUES,120000000.0,34144910-0,Marché négocié sans publicité ni mise en concurrence préalable,24440064400013,,41968381800027,2023-12-22,
Sans concurrence,2024323500,Fourniture de spécialités pharmaceutiques au profit des adhérents du GCS GRAPS Grand Est - marchés négociés lot 1248,100215648.0,33600000-6,Marché passé sans publicité ni mise en concurrence préalable,13002682600011,,,2023-12-21,
Sans concurrence,243235,Fourniture de spécialités pharmaceutiques au profit des adhérents du GCS GRAPS Grand Est - marchés négociés lot 1248,100215648.0,33600000-6,Marché passé sans publicité ni mise en concurrence préalable,13002682600011,,,2023-12-20,1.0
Fournisseur unique,24997134,Marché global de performance pour la conception et la réalisation de travaux et l'exploitation de l'usine de valorisation énergétique des déchets du S,68504538.0,90513000-6,Procédure avec négociation,20006232100019,,41030348100304,2023-12-21,1.0
Sans concurrence,2023S1167400,RESTAURATION COLLECTIVE LOT 1 SCOL PERI,26000000.0,55321000-6,Marché négocié sans publicité ni mise en concurrence préalable,21930048000015,,25930032500018,2023-12-20,
Sans concurrence,20232023S0003300,"Convention de participation portant sur le risque prévoyance, accompagnée de son contrat collectif d’assurance à adhésion facultative des agents",10000000.0,66500000-5,Marché passé sans publicité ni mise en concurrence préalable,22350001800013,,77567858403070,2023-12-18,
Sans concurrence,20232304100,Fourniture gestion livraison de titres restaurants - Titres restaurant dématérialisé personnel salarié,5520000.0,30199770-8,Marché négocié sans publicité ni mise en concurrence préalable,28974011000019,,64204436600242,2023-12-29,
Sans concurrence,243227,"Fourniture de spécialités pharmaceutiques au profit des adhérents du GCS GRAPS Grand Est - marchés négociés lots 826, 877, 880, 898, 899, 900, 901, 90",5267186.0,33600000-6,Marché passé sans publicité ni mise en concurrence préalable,13002682600011,,39136097100058,2023-12-20,1.0
Sans concurrence,202305700,ASSURANCE FLOTTE VÉHICULES ET RISQUES ANNEXES - RELANCE,4726909.98,66514110-0,Marché négocié sans publicité ni mise en concurrence préalable,28770831700014,,30130960500410,2023-12-26,
Sans concurrence,202324502CA00,ACQUISITION 6 AUTOBUS SAFRA HYCITY 12 M,4524215.36,34121000-1,Marché négocié sans publicité ni mise en concurrence préalable,20003986500106,,77605646700587,2023-12-19,
Fournisseur unique,249896032,Transports collectifs pour les activités organisées par la Ville de Marcq-en-Baroeul: Lot 2: Rotations intra-muros ponctuelles,2800000.0,60000000-8,Appel d'offres ouvert,21590378200013,,4705017400086,2023-12-20,1.0
Fournisseur unique,24999724,"MARCHE PUBLIC GLOBAL DE PERFORMANCE ENERGETIQUE POUR LE MAINTIEN DE LA FIABILITE, DE LA PERENNITE ET DE LA PERFORMANCE ENERGETIQUES DES INSTALLATIONS ",2688000.0,50720000-8,Dialogue compétitif,33791211700047,,84034191100013,2023-12-28,1.0
Sans concurrence,24202306700,Concours Restreint de Maitrise d'oeuvre pour la Réalisation d'un ensemble immobilier et aménagements Avenue Anatole France sur la Commune de La Valett,2681137.0,71000000-8,Marché passé sans publicité ni mise en concurrence préalable,52323930900017,,32647672800034,2023-12-22,1.0
Sans concurrence,202323DTM61300,Transport ferroviaire des élèves pris en charge pour la Collectivité de Corse au titre des transports scolaires sur le trajet Bastia-Casamozza-Bastia ,2540032.0,60210000-3,Marché négocié sans publicité ni mise en concurrence préalable,20007695800012,,98158374300019,2023-12-28,
Sans concurrence,202398720400,"Fourniture de spécialités pharmaceutiques au profit des adhérents du GCS GRAPS Grand Est - marchés négociés lots 1670, 1671, 1672",2521158.0,33600000-6,Marché passé sans publicité ni mise en concurrence préalable,13002682600011,,53445668600045,2023-12-21,
Sans concurrence,243237,"Fourniture de spécialités pharmaceutiques au profit des adhérents du GCS GRAPS Grand Est - marchés négociés lots 1670, 1671, 1672",2521158.0,33600000-6,Marché passé sans publicité ni mise en concurrence préalable,13002682600011,,53445668600045,2023-12-20,1.0
Sans concurrence,202307001,Réhabilitation Hôtel de Ville,2442072.0,45453100-8,Marché passé sans publicité ni mise en concurrence préalable,21950487500010,,37988219400028,2023-12-20,2.0
Sans concurrence,202323N0365-0000,BB DIFFUSION ENCARTS PUB NICE MATIN VAR MATIN ET SUPPLEMENTS,2400000.0,79341000-6,Marché négocié sans publicité ni mise en concurrence préalable,20003019500115,,80785659600018,2023-11-28,
Sans concurrence,2023Z230614N0000,Z230614N00 LOT 1 ASSURANCE RESPONSABILITE CIVILE ET RISQUES ANNEXES,2386872.32,66510000-8,Marché négocié sans publicité ni mise en concurrence préalable,20005480700017,,83381722400029,2023-12-26,
Sans concurrence,2024001202,MN MED CUTAQUIG,2250005.0,33600000-6,Marché négocié sans publicité ni mise en concurrence préalable,26310012500016,,45132730800024,2023-12-22,
Sans concurrence,2023M11700,ASSURANCE DOMMAGES AUX BIENS ET RISQUES ANNEXES,2075289.72,66515200-5,Marché négocié sans publicité ni mise en concurrence préalable,21920026800015,,83381722400029,2023-12-28,
Fournisseur unique,202312500,MAINTENANCE DU SYSTEME DE TELEALARME ET DE TELEGESTION DES ASCENSEURS DU PATRIMOINE DOMOFRANCE,2000000.0,50750000-7,Appel d'offres ouvert,45820496300029,,38988664900026,2023-11-27,1.0
Fournisseur unique,2446592,"Marchés de travaux pour la construction 30 logements collectifs et de leurs abords, répartis en deux bâtiments (18 logements + 1 CC en VEFA BAILLEUR e",1970796.0,45000000-7,Procédure adaptée,32791063400069,,37220051900018,2023-12-06,1.0
Sans concurrence,243230,"Fourniture de spécialités pharmaceutiques au profit des adhérents du GCS GRAPS Grand Est - marchés négociés lots 58, 192, 416,, 425, 188,, 1451, 1582,",1917426.0,33600000-6,Marché passé sans publicité ni mise en concurrence préalable,13002682600011,,38240122200064,2023-12-20,1.0
Sans concurrence,2023Z230615N0001,Z230615N00 LOT 2 : DOMMAGE AUX BIENS ET RISQUES ANNEXES,1631161.89,66510000-8,Marché négocié sans publicité ni mise en concurrence préalable,20005480700017,,83381722400029,2023-12-15,
Sans concurrence,2023Z230615N0000,Z230615N00 LOT 2 : DOMMAGE AUX BIENS ET RISQUES ANNEXES,1631161.89,66510000-8,Marché négocié sans publicité ni mise en concurrence préalable,20005480700017,,83381722400029,2023-12-15,
Sans concurrence,2023259410000,"23_2594_1_00 - Evolution, maintenance, assistance et prestations associées du système de gestion financière Grand Angle (GDA)",1600000.0,72267000-4,Marché négocié sans publicité ni mise en concurrence préalable,22910228000018,,70204275500554,2023-12-15,
Fournisseur unique,249926992,Entretien des espaces verts dans les différents parcs d'activités et dans les ouvrages annexes de Rives de Moselle - 2024-2027: Lot 2: Rive gauche,1600000.0,77310000-6,Appel d'offres ouvert,20003994900017,,91976799600029,2023-12-28,1.0
Sans concurrence,2023000000032500,ASSIST MAINT PRESTAT ACHAT MODULES PROGICIELS SOLIS SOLATIS,1500000.0,48000000-8,Marché négocié sans publicité ni mise en concurrence préalable,22560001400016,,38251931200088,2023-12-20,
Sans concurrence,2023170000,"Marché de maintenance et fourniture de dispositifs médicaux captifs pour les injecteurs de produit de contraste de marque ULRICH, incluant la fournitu",1500000.0,33100000-1,Marché négocié sans publicité ni mise en concurrence préalable,26310012500016,,83257566600025,2023-12-08,
Sans concurrence,20232606700,SOUSCRITION DES CONTRATS D ASSURANCES POUR LA VILLE DE HAGUENAU LOT 01 ASSURANCE DES DOMMAGES AUX BIENS ET DES RISQUES ANNEXES,1317416.13,66515000-3,Marché négocié sans publicité ni mise en concurrence préalable,21670180500014,,78439572500202,2023-12-01,
Fournisseur unique,202323B450L02D0,Missions de suivi-animation d'une OPAH et d'une OPAH-RU multisites sur le territoire de Mauges Communauté 2024-2028: Lot 2: Mission de suivi-animation,1303990.0,75200000-8,Appel d'offres ouvert,20006001000010,,52884815300029,2023-12-19,1.0
Fournisseur unique,24993189,remplacement de chaudieres à gaz sur le patrimoine de brive habitat,1266048.0,42160000-8,Appel d'offres ouvert,27190310600026,,40970727000032,2023-12-12,1.0
Sans concurrence,2023O526200,Assurance multirisques du patrimoine,1223248.15,66510000-8,Marché négocié sans publicité ni mise en concurrence préalable,21690123100011,,72205746001971,2023-12-14,
Sans concurrence,202323CP00012500,FOURNITURE DE CARBURANT ET SERVICES ASSOCIES PAR CARTES ACCREDITIVES,1200000.0,09100000-0,Marché négocié sans publicité ni mise en concurrence préalable,21920073000014,,53168044500024,2023-12-04,
Sans concurrence,2023_05401,Assurance protection sociale SPV,1195480.0,66516500-5,Marché négocié sans publicité ni mise en concurrence préalable,28060051100024,,33517109600035,2023-12-06,
Fournisseur unique,249931955,Contrat d'entretien des installations des résidences du patrimoine de Brive Habitat: Lot 05: chauffage individuel ventilation,1183720.0,39715200-9,Appel d'offres ouvert,27190310600026,,40970727000032,2023-12-12,1.0
Sans concurrence,2023MOCOLOMBIE00,MO EXTENSION ET REHABILITATION LE COLOMBIER,1162656.32,71221000-3,Marché négocié sans publicité ni mise en concurrence préalable,20010240800016,,41856968700043,2023-12-07,
Sans concurrence,20232700,PRESTATIONS DASSURANCES IARD DOMMAGES AUX BIENS,1089250.92,66515200-5,Marché négocié sans publicité ni mise en concurrence préalable,21780586000012,,78439572500202,2023-12-27,
Sans concurrence,20232300046800,Maintenance et prestations associées du système informatique des ressources humaines,1016490.0,72267100-0,Marché négocié sans publicité ni mise en concurrence préalable,21300189400012,,75580064600373,2023-12-11,
Sans concurrence,2023MA24000200,DOMMAGES AUX BIENS ET RISQUES ANNEXES POUR LA COMMUNE,1003052.6,66515000-3,Marché négocié sans publicité ni mise en concurrence préalable,21240037800015,,40228259400017,2023-12-27,
Sans concurrence,202323V0281-0000,"FF - ABONNEMENT, MAINTENANCE & HEBERGEMENT DU LOGICIEL USI SOFTWARE (EX EBMS) DE GESTION DES SALLES DE CONGRES & SPECTACLES AINSI QUE LES PRESTATIONS ",1000000.0,72267000-4,Marché négocié sans publicité ni mise en concurrence préalable,21060088800015,,999999999,2023-12-21,
Sans concurrence,20232310600,MAINTIEN OPE EXT VIDEO PROTECTION,1000000.0,32323500-8,Marché négocié sans publicité ni mise en concurrence préalable,21340003900011,,40986794200396,2023-12-13,
Sans concurrence,243236,Fourniture de spécialités pharmaceutiques au profit des adhérents du GCS GRAPS Grand Est - marchés négociés lot 717,960000.0,33600000-6,Marché passé sans publicité ni mise en concurrence préalable,13002682600011,,,2023-12-20,1.0
Fournisseur unique,2023201,MARCHE DE CONCEPTION-REALISATION DE 10 LOGEMENTS A SAINT-XANDRE (17),957610.0,45210000-2,Procédure adaptée,45820496300029,,81304859200048,2023-12-22,1.0
Fournisseur unique,232304101,Remplacement du mur rideau vitré et du système de chauffage/rafraichissement du Centre Administratif Municipal: Lot 1: Remplacement du Mur-Rideau Nord,887477.0,45441000-0,Procédure adaptée,21330009800018,,9728023400077,2023-12-19,1.0
Sans concurrence,2023146300,ACCOMPAGNEMENT ET REALISATION DU PROJET GESTION EMPLOIS COMPETENCES - GESTION FORMATION ET DES ENTRETIENS PROFESSIONNELS,850000.0,72212900-8,Marché négocié sans publicité ni mise en concurrence préalable,22340001100076,,48466968400041,2023-12-13,
Sans concurrence,2023A18100,MARCHE ASSURANCES - LOT 1 ASSURANCE DOMMAGES AUX BIENS,833735.75,66515200-5,Marché négocié sans publicité ni mise en concurrence préalable,21940021500014,,83381722400029,2023-12-21,
Sans concurrence,2023A18101,MARCHE ASSURANCES - LOT 1 ASSURANCE DOMMAGES AUX BIENS,833735.75,66515200-5,Marché négocié sans publicité ni mise en concurrence préalable,21940021500014,,83381722400029,2023-12-21,
Sans concurrence,202323SC014200,CS0833614 ZSCALER Souscription - Editeur 17355 [ZSCALER] - ZSC-LOG-EXTSUBS - Extended Log Store-Souscription-36 Mois-UNIQUE,824370.1,30237300-2,Marché négocié sans publicité ni mise en concurrence préalable,23971001500029,,77605646700587,2023-12-21,
Sans concurrence,2023O5179A00,Fourniture de droits de stationnement pour les véhicules de la Ville de Lyon dans les parcs exploités par la Société publique lyonnaise de mobilités (,800000.0,63712400-7,Marché négocié sans publicité ni mise en concurrence préalable,21690123100011,,92050885000012,2023-12-21,
Sans concurrence,202323N0201-0100,"CFA FOURNITURE DE PETIT EQUIPEMENT ET MATERIEL POUR LES SECTIONS BOULANGERIE, PATISSERIE, CUISINE ET TRAITEUR",800000.0,39220000-0,Marché négocié sans publicité ni mise en concurrence préalable,20003019500115,,43443662200022,2023-12-20,
Sans concurrence,202323N0374-0000,FF - MAINTENANCE DES PROGICIELS DE GESTION DE LA POPULATION - RELANCE DU 22N0429,800000.0,72267000-4,Marché négocié sans publicité ni mise en concurrence préalable,20003019500115,,48125959600023,2023-12-07,
Sans concurrence,2023091500,"Maintenance des équipements entretenus par la société REVVITY incluant la fourniture de pièces détachées, de sous-ensembles, d?accessoires, de consomm",800000.0,33100000-1,Marché négocié sans publicité ni mise en concurrence préalable,26310012500016,,69203111500235,2023-12-01,
Fournisseur unique,230206,"Assistance, support, expertise et formation ""SAMBA EDU""",800000.0,50324100-3,Appel d'offres ouvert,20005340300057,,42418645000021,2023-12-29,1.0
Fournisseur unique,249896021,Transports collectifs pour les activités organisées par la Ville de Marcq-en-Baroeul: Lot 1: Rotations intra-muros régulières,800000.0,60000000-8,Appel d'offres ouvert,21590378200013,,4705017400086,2023-12-20,1.0
Sans concurrence,2023146200,ACCOMPAGNEMENT ET REALISATION PROJET POUR LA MISE EN PLACE D UNE SOLUTION GESTION RECRUTEMENT ET DE LA MOBILITE,750000.0,72212900-8,Marché négocié sans publicité ni mise en concurrence préalable,22340001100076,,81153659800030,2023-12-13,
Sans concurrence,20232023S0002500,MAINTENANCE DU LOGICIEL IODAS ASE ET PRESTATIONS COMPLEMENTAIRES POUR LE DEPARTEMENT D'ILLE-ET-VILAINE,750000.0,72267000-4,Marché passé sans publicité ni mise en concurrence préalable,22350001800013,,34054699300320,2023-11-30,
Sans concurrence,2023090410MV00,MAINTENANCE ET CRÉATION D INSTALLATIONS DE SYSTÈMES CONTRÔLE ACCÈS GLT,750000.0,42961100-1,Marché négocié sans publicité ni mise en concurrence préalable,21440184600016,,38452759400038,2023-11-28,
Fournisseur unique,24990842,Marché 5549 ATELIER CONTACT - Marché réservé de nettoyage avant relocation,749999.0,90910000-9,Procédure adaptée,27140002000027,,34086600300148,2023-12-28,1.0
Sans concurrence,2023922100,Marché de maîtrise d'oeuvre pour la Construction d'une résidence étudiante et d'une résidence sociale jeunes actifs de 127 studios sur le site du lycé,732000.0,71000000-8,Marché passé sans publicité ni mise en concurrence préalable,27920022400012,,33963810800029,2023-12-18,
Fournisseur unique,2410076911,MARCHE DE TRAVAUX POUR LA CONSTRUCTION D'UN BATIMENT D'EXPLOITATION ET D'UN DEPOT D'AUTOCARS SUR LE SITE DE LA RTA A GUISE: Lot 1: VOIRIES ET RESEAUX ,730000.0,45223300-9,Procédure adaptée,78018581500013,,30648619200025,2023-12-15,1.0
Fournisseur unique,24988247,"Prestation de service d'assurance ""Dommages aux biens et risques annexes"" pour la ville de Mondeville",727800.0,66515200-5,Appel d'offres ouvert,21140437100018,,30130960500410,2023-12-22,1.0
Sans concurrence,20237620231200,76202312 PRESTATIONS DE SERVICE D'ASSURANCES DOMMAGES AUX BIENS POUR LA COMMUNE DE FOS SUR MER,719445.44,66000000-0,Marché négocié sans publicité ni mise en concurrence préalable,21130039700018,,51302326700034,2023-12-27,
Sans concurrence,20232314200,LOT No15:PARQUETS- MUSEE BONNAT/ RESTRUCTURATON,719085.39,45432113-9,Marché négocié sans publicité ni mise en concurrence préalable,21640102600366,,35360098400028,2023-12-18,
Sans concurrence,2023M2339900,M23399 - DISTRIBUTEURS AUTOMATIQUES DE TITRES DU RESAU TAO D'ORLEANS METROPOLE - REMPLACEMENT DES EQUIPEMENTS OBSOLETES - DISTRIBUTION DE BSC - M23A01,712499.0,30144200-2,Marché négocié sans publicité ni mise en concurrence préalable,24450046800040,,44471927200148,2023-11-27,
Sans concurrence,2023M2339901,M23399 - DISTRIBUTEURS AUTOMATIQUES DE TITRES DU RESAU TAO D'ORLEANS METROPOLE - REMPLACEMENT DES EQUIPEMENTS OBSOLETES - DISTRIBUTION DE BSC - M23A01,712499.0,30144200-2,Marché négocié sans publicité ni mise en concurrence préalable,24450046800040,,44471927200148,2023-11-27,
Sans concurrence,2023MN027,"Acquisition de modules logiciels complémentaires, de prestations, de maintenance et d'abonnement des progiciels e-SEDITH et ESCORT",700000.0,72250000-2,Marché passé sans publicité ni mise en concurrence préalable,28130002000027,,75580064600381,2023-12-27,1.0
Fournisseur unique,2410076933,MARCHE DE TRAVAUX POUR LA CONSTRUCTION D'UN BATIMENT D'EXPLOITATION ET D'UN DEPOT D'AUTOCARS SUR LE SITE DE LA RTA A GUISE: Lot 3: BATIMENTS,692000.0,45210000-2,Procédure adaptée,78018581500013,,40768202000117,2023-12-15,1.0
Sans concurrence,202323031900,ASSURANCES GROUPEMENT DE COMMANDE FLOTTE VEHICULES ET RISQUES ANNEXES,681551.05,66514110-0,Marché négocié sans publicité ni mise en concurrence préalable,20006782500014,,49184932900058,2023-12-22,
Sans concurrence,20232023F0002000,FOURNITURE ET LIVRAISON D'EMULSION DE LATEX POUR LA FABRICATION D'EMULSIONS BITUMINEUSES POUR LES BESOINS DU SERVICE TRAVAUX DU DEPARTEMENT D'ILLE ET ,680000.0,24957000-7,Marché passé sans publicité ni mise en concurrence préalable,22350001800013,,47976149600039,2023-12-18,
Sans concurrence,20232023F0001900,FOURNITURE ET LIVRAISON D'EMULSION DE LATEX POUR LA FABRICATION D'EMULSIONS BITUMINEUSES POUR LES BESOINS DU SERVICE TRAVAUX DU DEPARTEMENT D'ILLE ET ,680000.0,24957000-7,Marché passé sans publicité ni mise en concurrence préalable,22350001800013,,54206915800518,2023-12-18,
Sans concurrence,243231,Fourniture de spécialités pharmaceutiques au profit des adhérents du GCS GRAPS Grand Est - marchés négociés lot 1413,620172.0,33600000-6,Marché passé sans publicité ni mise en concurrence préalable,13002682600011,,42434701100076,2023-12-26,1.0
Sans concurrence,2024323100,Fourniture de spécialités pharmaceutiques au profit des adhérents du GCS GRAPS Grand Est - marchés négociés lot 1413,620172.0,33600000-6,Marché passé sans publicité ni mise en concurrence préalable,13002682600011,,42434701100076,2023-12-26,
Sans concurrence,202315100000001,Prestations de services pour l'acquisition de droits de déploiement et de support associé pour les,619500.0,72267100-0,Marché négocié sans publicité ni mise en concurrence préalable,22590001801244,,34849974000028,2023-12-29,
Sans concurrence,2023M230173000,LOT 1 : MAINTENANCE EVOLUTIVE,611500.0,72267100-0,Marché négocié sans publicité ni mise en concurrence préalable,22660001300016,,34054699300668,2023-12-29,
Sans concurrence,2023240100,MOE EUROPAN THEUILLERIE,600000.0,71420000-8,Marché négocié sans publicité ni mise en concurrence préalable,21910521000013,,83793346400021,2023-12-26,
Sans concurrence,2023147 FS00,Pièces véhicules lourds,600000.0,34300000-0,Marché négocié sans publicité ni mise en concurrence préalable,28250001600021,,89129465400068,2023-12-15,
Sans concurrence,2023200700,"Maintenances, acquisitions, évolutions et prestations associées relatives aux progiciels de gestion des ressources humaines",600000.0,48450000-7,Marché négocié sans publicité ni mise en concurrence préalable,22730001900014,,34054699300668,2023-12-06,
Sans concurrence,2023178001,CGA MED EVKEEZA,580000.0,33600000-6,Marché négocié sans publicité ni mise en concurrence préalable,26310012500016,,83308856000028,2023-12-22,
Sans concurrence,2024322300,"Fourniture de spécialités pharmaceutiques au profit des adhérents du GCS GRAPS Grand Est - marchés négociés lots 1580, 1581",573216.0,33600000-6,Marché passé sans publicité ni mise en concurrence préalable,13002682600011,,44877792000035,2023-12-21,
Sans concurrence,243223,"Fourniture de spécialités pharmaceutiques au profit des adhérents du GCS GRAPS Grand Est - marchés négociés lots 1580, 1581",573216.0,33600000-6,Marché passé sans publicité ni mise en concurrence préalable,13002682600011,,44877792000035,2023-12-21,1.0
Sans concurrence,202322N0798-0000,"FF - MAINTENANCE, ASSISTANCE & EVOLUTIONS DU LOGICIEL DE GESTION DES REGIES D'AVANCES & DE RECETTES SAGA AINSI QUE LES MODULES ET PRESTATIONS ASSOCIES",550000.0,72267100-0,Marché négocié sans publicité ni mise en concurrence préalable,20003019500115,,43409192200048,2023-12-04,
Sans concurrence,2023I856 LOT4C00,TRAVAUX DE CONSTRUCTION D'UN GYMNASE ELECTRICITE,542977.0,45311000-0,Marché négocié sans publicité ni mise en concurrence préalable,21971113200015,,79792063400012,2023-12-01,
Sans concurrence,2023053200,Maintenance et prestations associées du logiciel CHRONOS pour le GHT GPNE,521257.05,72267000-4,Marché négocié sans publicité ni mise en concurrence préalable,20001803400013,,34828497700132,2023-11-29,
Sans concurrence,202323014300,Maintenance et prestations associées du système informatique des ressources humaines,514130.32,72267100-0,Marché négocié sans publicité ni mise en concurrence préalable,24300064300045,,75580064600381,2023-12-11,
Sans concurrence,2024240100,"Marché Public de service relatif à la prestation d'assurance "" dommages aux biens et risques annexes "" pour  les besoins de la ville de Bouguenais",505092.0,66515200-5,Marché passé sans publicité ni mise en concurrence préalable,21440020200013,,83381722400029,2023-12-26,1.0
Fournisseur unique,2023OCC03700,SERVICES D'ASSURANCES: Lot 2: ASSURANCE FLOTTE AUTOMOBILE ET AUTO-MISSION,502201.0,66510000-8,Appel d'offres ouvert,13002793100018,,54207358000046,2023-12-18,1.0
Sans concurrence,20232301600,"Maîtrise d'oeuvre pour la démolition et la reconstruction du bâtiment ""LUXEMBOURG""",500500.0,71000000-8,Marché passé sans publicité ni mise en concurrence préalable,21330009800018,,51357572000026,2023-12-04,
Sans concurrence,202323-0023800,ACQUISITION DE BILLETS POUR LES JEUX OLYMPIQUES ET PARALYMPIQUES DE PARIS 2024,500000.0,92000000-1,Marché négocié sans publicité ni mise en concurrence préalable,21930066200018,,83498343900029,2023-12-19,
Sans concurrence,2023054500,GHT REACTIFS ET MAINTENANCE IH500,500000.0,33696200-7,Marché négocié sans publicité ni mise en concurrence préalable,20001803400013,,44999071200019,2023-12-18,
Sans concurrence,2024322900,Fourniture de spécialités pharmaceutiques au profit des adhérents du GCS GRAPS Grand Est - marchés négociés lot 796,475650.0,33600000-6,Marché passé sans publicité ni mise en concurrence préalable,13002682600011,,,2023-12-21,
Sans concurrence,243229,Fourniture de spécialités pharmaceutiques au profit des adhérents du GCS GRAPS Grand Est - marchés négociés lot 796,475650.0,33600000-6,Marché passé sans publicité ni mise en concurrence préalable,13002682600011,,,2023-12-20,1.0
Sans concurrence,202323APOAJ19000,01 ASSURANCE DE DOMAMGES AUX BIENS ET RISQUES ANNEXES,467914.68,66510000-8,Marché négocié sans publicité ni mise en concurrence préalable,24400080800067,,83381722400029,2023-12-18,
Fournisseur unique,249951534,"Contrats d'assurances: Lot 4: Assurance "" Risques statutaires du personnel """,465876.0,66512000-2,Appel d'offres ouvert,24600087100060,,33205144000102,2023-12-18,1.0
Fournisseur unique,24999437,Entretien des installations CVC de la CCB3F,452832.0,50700000-2,Appel d'offres ouvert,20006748600015,,55204695503922,2023-12-15,1.0
Sans concurrence,202398751700,Cytomètre spectral Cytek Aurora et maintenance,450516.0,38434510-4,Marché passé sans publicité ni mise en concurrence préalable,77574110100031,,,2023-12-26,
Fournisseur unique,249888554,TRAVAUX DE REHABILITATION ENERGETIQUE ET FONCTIONNELLE DE L'HOTEL DE VILLE DE LA COMMUNE DE THOIRY ET SES ANNEXES: Lot 4: Charpente - Couverture - Zin,445000.0,45261000-4,Procédure adaptée,21010419600014,,34501022700048,2023-11-27,1.0
Sans concurrence,2023 02 S0100,Dommage aux biens mobiliers et immobiliers,440260.55,66515000-3,Marché négocié sans publicité ni mise en concurrence préalable,21840138800010,,30130960500410,2023-12-28,
Sans concurrence,2023M230166300,LOT 1 : MAINTENANCE ET EXTENSION DE LA PLATEFORME ASAPRO,440000.0,72267100-0,Marché négocié sans publicité ni mise en concurrence préalable,22660001300016,,51201009100027,2023-12-01,
Sans concurrence,20232317700,Maintenance logiciel EASILYS,440000.0,72267000-4,Marché négocié sans publicité ni mise en concurrence préalable,22720002900014,,52129516200072,2023-12-01,
Sans concurrence,20232023T0006500,Marchés de travaux pour la restructuration du collège Georges Brassens – Relance du lot 3 « Façades et habillages en bois »  - Façades et Habillages e,413274.59,45422100-2,Marché passé sans publicité ni mise en concurrence préalable,22350001800013,,34093952900020,2023-11-30,
Fournisseur unique,202307,Tri et stockage d'encombrants incinérables issus de déchèteries en période estivale et restitution en période hivernale,410000.0,90500000-2,Appel d'offres ouvert,25680169700010,,32519337300017,2023-12-14,1.0
Sans concurrence,2023220000,ASSURANCE DOMMAGES AUX BIENX,403500.0,66515000-3,Marché négocié sans publicité ni mise en concurrence préalable,21310157900018,,85305722200012,2023-12-28,
Sans concurrence,2024322400,"Fourniture de spécialités pharmaceutiques au profit des adhérents du GCS GRAPS Grand Est - marchés négociés lots 227, 774, 810",403098.0,33600000-6,Marché passé sans publicité ni mise en concurrence préalable,13002682600011,,52926101800038,2023-12-21,
Sans concurrence,243224,"Fourniture de spécialités pharmaceutiques au profit des adhérents du GCS GRAPS Grand Est - marchés négociés lots 227, 774, 810",403098.0,33600000-6,Marché passé sans publicité ni mise en concurrence préalable,13002682600011,,52926101800038,2023-12-20,1.0
Sans concurrence,2023_08100,PRESTATION MAINTENANCE PREVENTIVES CORRECTIVES ET EVOLUTIVES DES SYSTEMES DE GESTION DES VOIES RADIO DU SDIS DES AM,400000.0,50324100-3,Marché négocié sans publicité ni mise en concurrence préalable,28060051100024,,51114733200031,2023-12-28,
Sans concurrence,2023146400,ACCOMPAGNEMENT AU CHANGEMENT,400000.0,72212900-8,Marché négocié sans publicité ni mise en concurrence préalable,22340001100076,,47976684200724,2023-12-13,
Sans concurrence,202322N0864-0000,FF - MAINTENANCE DU LOGICIEL MUNICIPOL POUR LA GESTION DE LA POLICE MUNICIPALE ET MODULES ASSOCIES,400000.0,48000000-8,Marché négocié sans publicité ni mise en concurrence préalable,20003019500115,,48125959600023,2023-12-12,
Sans concurrence,2023157500,"Maintenance pour les appareils d?Immunohématologie de la société GRIFOLS, incluant la fourniture des pièces détachées, sous- ensembles et accessoires",400000.0,33000000-0,Marché négocié sans publicité ni mise en concurrence préalable,26310012500016,,42494220900075,2023-11-30,
Sans concurrence,2023SA03100,DISTRIBUTION DE CARBURANTS EN STATIONS COUCOURON,389400.0,09132000-3,Marché négocié sans publicité ni mise en concurrence préalable,22070001700019,,51754614900017,2023-12-26,
Sans concurrence,202320240020100,MO CUISINE CENTRALE,386557.36,71221000-3,Marché négocié sans publicité ni mise en concurrence préalable,21420279800010,,50948321000019,2023-12-29,
Sans concurrence,202420240050100,MO CUISINE CENTRALE,386557.36,71221000-3,Marché négocié sans publicité ni mise en concurrence préalable,21420279800192,,50948321000019,2023-12-29,
Sans concurrence,202320240020100,MO CUISINE CENTRALE,386557.36,71221000-3,Marché négocié sans publicité ni mise en concurrence préalable,21420279800010,,32342034900058,2023-12-29,
Sans concurrence,202320240020100,MO CUISINE CENTRALE,386557.36,71221000-3,Marché négocié sans publicité ni mise en concurrence préalable,21420279800010,,44452352600804,2023-12-29,
Sans concurrence,2023M55000,PRESTATIONS D'ASSISTANCE LIEES AU PROGICIEL SCRIBE FONCIER ACQUISITION ET ALIENATION,380000.0,72267100-0,Marché négocié sans publicité ni mise en concurrence préalable,22630001000015,,35028626600050,2023-12-12,
Sans concurrence,2023MN23D00200,Maintenance préventive et corrective du parc de laveuses de BOM de marque B.M.V du GN,375000.0,50100000-6,Marché négocié sans publicité ni mise en concurrence préalable,24110059300078,,35105191700034,2023-12-01,
Sans concurrence,2023SA03500,DISTRIBUTION DE CARBURANTS EN STATIONS ST-FELICIEN,374880.0,09132000-3,Marché négocié sans publicité ni mise en concurrence préalable,22070001700019,,21070236100093,2023-12-22,
Fournisseur unique,2446463,"Construction de 30 logements collectifs et de leurs abords, répartis en deux bâtiments, ZAC de l'ancienne gare à CARVIN ( 62): Lot 11: CVC/PLOMBERIE/S",371573.0,45330000-9,Procédure adaptée,32791063400069,,34226724200036,2023-12-06,1.0
Sans concurrence,2023174L3300,SERVICES ASSURANCES PR LA COMMUNE DE GRAVELINES - ASSURANCES DES VEHICULES ET DES RISQUES ANNEXES,363242.4,66514110-0,Marché négocié sans publicité ni mise en concurrence préalable,21590273500012,,35017183100042,2023-12-26,
Sans concurrence,2023055300,MAINTENANCE ET PRESTATIONS DU LOGICIEL XPLORE POUR LES SERVICES DE RIADOLOGIE DU GHT GPNE,362851.32,72267100-0,Marché négocié sans publicité ni mise en concurrence préalable,20001803400013,,35209509500043,2023-12-28,
Sans concurrence,2024A60800,Marché de concession des droits d'utilisation d'une licence site pour les logiciels ESRI et prestations associées,350150.0,48610000-7,Marché négocié sans publicité ni mise en concurrence préalable,20006799900017,,34849974000028,2023-12-27,
Sans concurrence,20232023S0003200,"Prestatiions de maintenance corrective, adaptative et évolutive, d'assistance téléphonique et télé-administration, de conseil, d'assistance, formation",350000.0,50324200-4,Marché passé sans publicité ni mise en concurrence préalable,22290001100016,,32954151000049,2023-12-12,
Sans concurrence,2023006700,Solutions CIVIL Net Ressources Humaines Acquisition et maintenance,350000.0,72212311-2,Marché négocié sans publicité ni mise en concurrence préalable,21920036700015,,30516304000119,2023-12-05,
Sans concurrence,2023MN03401,"Maintenance et prestations afférentes à l'application ""Formaltis"" et ses modules complémentaires",340000.0,72250000-2,Marché passé sans publicité ni mise en concurrence préalable,28130002000027,,50739923600029,2023-12-13,
Sans concurrence,2023SA03200,DISTRIBUTION DE CARBURANTS EN STATIONS LAMASTRE,334400.0,09132000-3,Marché négocié sans publicité ni mise en concurrence préalable,22070001700019,,38034102400012,2023-12-22,
Sans concurrence,2023M027700,Licences Maintenance et prestations associées  Progiciel Gestion Temps Etemptation,330000.0,72267000-4,Marché négocié sans publicité ni mise en concurrence préalable,22150001000014,,39924392200016,2023-12-14,
Sans concurrence,20232301400,Assurance dommages aux biens,328184.16,66515000-3,Marché négocié sans publicité ni mise en concurrence préalable,21700550300016,,37990675301294,2023-12-29,
Sans concurrence,202323099800,PRESTATION DE SERVICE TRAITEURS ET RECEPTIONS HORS RESTAURATION COLLECTIVE,320000.0,55520000-1,Marché négocié sans publicité ni mise en concurrence préalable,21060029200010,,52382588300011,2023-12-13,
Sans concurrence,2023012900100000,"Analyse de l'eau, des surfaces et des endoscopes (contrôle microbiologique) - Analyse à la demande du praticien hygiéniste",320000.0,85148000-8,Marché négocié sans publicité ni mise en concurrence préalable,26590673500013,,88010784200036,2023-12-06,
Sans concurrence,2023019000,Services de transmission de données de circulations ferroviaires sur le territoire normand,318000.0,72318000-7,Marché passé sans publicité ni mise en concurrence préalable,20005340300057,,41228073720375,2023-12-14,
Sans concurrence,202313300,EXTENSION ASSURANCE DOMMAGES AUX BIENS,317023.0,66518000-4,Marché négocié sans publicité ni mise en concurrence préalable,22550001600152,,78439572500202,2023-12-29,
Sans concurrence,202353500,Contrat de maintenance du système de vidéoprotection,311600.0,32323500-8,Marché négocié sans publicité ni mise en concurrence préalable,21340032800018,,40986794200396,2023-12-08,
Sans concurrence,2024016400,"Maintenance du parc d?équipements dont la société BERNAS MEDICAL assure la maintenance exclusive incluant la fourniture de pièces détachées, accessoir",300005.0,33100000-1,Marché négocié sans publicité ni mise en concurrence préalable,26310012500016,,41832957900035,2023-12-31,
Sans concurrence,2023O4237A00,"Maintenance, acquisition de licences et de modules complémentaires, ainsi que des prestations associées pour le progiciel SELECT 3",300000.0,72267000-4,Marché négocié sans publicité ni mise en concurrence préalable,21690123100011,,33307306200015,2023-12-11,
Fournisseur unique,20231461,MISSION D'ASSISTANCE A MAÎTRISE D'OUVRAGE DANS LE DOMAINE DES RESEAUX DE CHALEUR: Lot 1: ASSISTANCE A MAÎTRISE D'OUVRAGE RESEAU DE CHALEUR CARRIET,300000.0,71356300-1,Appel d'offres ouvert,45820496300029,,49981848200022,2023-12-21,1.0
Sans concurrence,2023179500,CGA MED RELYVRIO,299999.0,33600000-6,Marché négocié sans publicité ni mise en concurrence préalable,26310012500016,,,2023-12-15,
Sans concurrence,2023-006-TRANS00,MARCHE DE TRANSPORT SCOLAIRE CARS ST LAURENT 01.12.2023 AU 31.07.2026,299063.0,60130000-8,Marché négocié sans publicité ni mise en concurrence préalable,20006463200173,,40975020500034,2023-11-30,
Fournisseur unique,249896351,Maintenance des 900 000 km de 22 rames de tramways de type Citadis 302 et de marque Alstom du réseau de Soléa: Lot 1: Étriers bogies moteur et porteur,297270.0,50222000-7,Procédure avec négociation,94555101800019,,9578172000040,2023-11-27,1.0
Fournisseur unique,249954941,Services d'assurances pour la Commune de L'Union: Lot 1: Assurance des dommages aux biens et des risques annexes,296965.0,66515000-3,Appel d'offres ouvert,21310561200013,,30130960500410,2023-12-27,1.0
Sans concurrence,20231601,ASSURANCE DOMMAGE AUX BIENS RISQUES ANNEXES,295221.88,66510000-8,Marché négocié sans publicité ni mise en concurrence préalable,21910645700019,,83381722400029,2023-12-19,
Sans concurrence,20231600,ASSURANCE DOMMAGE AUX BIENS RISQUES ANNEXES,295221.88,66510000-8,Marché négocié sans publicité ni mise en concurrence préalable,21910645700019,,83381722400029,2023-12-19,
Sans concurrence,2024322800,"Fourniture de spécialités pharmaceutiques au profit des adhérents du GCS GRAPS Grand Est - marchés négociés lots 50, 186, 190",295161.0,33600000-6,Marché passé sans publicité ni mise en concurrence préalable,13002682600011,,85210884400022,2023-12-27,
Sans concurrence,243228,"Fourniture de spécialités pharmaceutiques au profit des adhérents du GCS GRAPS Grand Est - marchés négociés lots 50, 186, 190",289090.0,33600000-6,Marché passé sans publicité ni mise en concurrence préalable,13002682600011,,85210884400022,2023-12-20,1.0
Fournisseur unique,241001548,Marché d'Exploitation et de Maintenance des Installations Thermiques Collectives,287950.0,50720000-8,Procédure adaptée,55655032500030,,45650053700018,2023-12-20,1.0
Sans concurrence,2023050500,AMENAGEMENT DES TRAVERSEES COEUR DE BOURG,280178.41,45233260-9,Marché négocié sans publicité ni mise en concurrence préalable,21220166900018,,72202858600252,2023-12-13,
Sans concurrence,202322N0687-0000,FF - MAINTENANCE & HEBERGEMENT DU LOGICIEL IMUSE DE GESTION DES ETABLISSEMENTS D'ARTS MUSICAUX & D'ARTS PLASTIQUES,280000.0,72267100-0,Marché négocié sans publicité ni mise en concurrence préalable,20003019500115,,38165549700059,2023-12-05,
Fournisseur unique,2410025681,Prestation de services d'assurance pour les besoins de l'Agence du Numérique en Santé: Lot 1: Risques Responsabilités,280000.0,66516400-4,Appel d'offres ouvert,18751275100038,,83381722400029,2023-12-18,1.0
Fournisseur unique,241008566,Collecte et traitement du verre issus de la collecte sélective sur le Territoire de la CCMDL,275056.0,90510000-5,Appel d'offres ouvert,20006658700011,,87839049100016,2023-12-06,1.0
Sans concurrence,2023MP20231900,AMO reseaux chaleur froid,272850.0,71241000-9,Marché négocié sans publicité ni mise en concurrence préalable,21310395500018,,79943958300029,2023-12-05,
Sans concurrence,243222,"Fourniture de spécialités pharmaceutiques au profit des adhérents du GCS GRAPS Grand Est - marchés négociés lots 920, 923 et 927",272392.0,33600000-6,Marché passé sans publicité ni mise en concurrence préalable,13002682600011,,,2023-12-21,1.0
Fournisseur unique,202300115,Marché Public pour l'aménagement et la rénovation des intérieurs et extérieurs du Seaquarium: Lot 5: Aquariums,266554.0,39298800-5,Procédure adaptée,33791211700047,,84034191100013,2023-12-19,1.0
Sans concurrence,202304700,TRAVAUX RESTRUCTURATION AMENAGEMENT DORTOIRS BDX ORNANO LOT 3 MENUISERIE INTERIEURE,265053.18,45421130-4,Marché négocié sans publicité ni mise en concurrence préalable,28330002800034,,46720054900021,2023-12-04,
Fournisseur unique,249923757,RÉHABILITATION DE 63 LOGEMENTS  RUE DES LILAS A CASTRES: Lot 7: RÉHABILITATION DE 63 LOGEMENTS  RUE DES LILAS A CASTRES - lot 7 chauffage - réseau gaz,255786.0,45232141-2,Procédure adaptée,50227332900024,,48756163100051,2023-11-30,1.0
Sans concurrence,20232307400,"MAINTENANCE, HEBERGERMENT ET PRESTATIONS DE SERVICE D'UNE APPLICATION WEB CARTO : AOP PRO CADASTRE",255000.0,72212900-8,Marché négocié sans publicité ni mise en concurrence préalable,20008945600012,,33441633600173,2023-12-07,
Fournisseur unique,249990862,"Contôle, maintenance, réparation et aménagement des bassins de rétention et d'infiltration de la CCEL: Lot 2 : Complexes géosynthétiques et gros trava",250000.0,45232454-9,Procédure adaptée,24690057500019,,44775408600034,2023-12-21,1.0
Fournisseur unique,2023002,Conception-réalisation d'un skate-park,250000.0,45212221-1,Procédure adaptée,21840034900013,,51117210800025,2023-12-20,1.0
Fournisseur unique,249931911,Contrat d'entretien des installations des résidences du patrimoine de Brive Habitat: Lot 01: Ascenseurs,243040.0,42416100-6,Appel d'offres ouvert,27190310600026,,59205230201860,2023-12-12,1.0
Sans concurrence,202308200,PRESTATIONS DE MAINTENANCE FORMATION ET ACCOMAPGNEMENT DU PROGICIEL RH,240000.0,72212450-8,Marché négocié sans publicité ni mise en concurrence préalable,22550001600152,,38462657800221,2023-11-29,
Fournisseur unique,24100138853,Mission d'Architecte-Conseil du CAUE des Bouches-du-Rhône: Lot 53: MARTIGUES (13500),238700.0,71210000-3,Appel d'offres ouvert,32042256100045,,87802661600010,2023-12-28,1.0
Sans concurrence,2023C2308IN0100,DROITS UTILISATION DES FIBRES OPTIQUES NOIRES,236723.0,32562200-2,Marché négocié sans publicité ni mise en concurrence préalable,20003573100013,,48428780000011,2023-11-30,
Sans concurrence,2023DI0601,MAINTENANCE ASTRE GF GS,234220.0,72267000-4,Marché négocié sans publicité ni mise en concurrence préalable,22070001700019,,34054699300668,2023-12-28,
Sans concurrence,2023DI0600,MAINTENANCE ASTRE GF GS,234220.0,72267000-4,Marché négocié sans publicité ni mise en concurrence préalable,22070001700019,,34054699300668,2023-12-28,
Sans concurrence,202302042023L700,ELECTRICITE  COURANT FORT ET FAIBLE,233577.57,45113000-2,Marché négocié sans publicité ni mise en concurrence préalable,21971107400019,,42067373300028,2023-12-31,
Sans concurrence,202398753700,MERSCOPE -Technologie MERFISH,232226.0,38510000-3,Marché passé sans publicité ni mise en concurrence préalable,77574110100031,,,2023-12-29,
Sans concurrence,202323DRS00500,FRUITS ET LEGUMES CRUS DECOUPES,225000.0,55523100-3,Marché négocié sans publicité ni mise en concurrence préalable,22040001400019,,82919268100015,2023-12-01,
Sans concurrence,2023018300,ACHAT D ESPACES PUBLICITAIRES AUPRES DE LA SOCIETE ANONYME SPORTIVE PROFESSIONNELLE STADE LAVALLOIS MAYENNE FOOTBALL CLUB ET OPERATION DE RELATIONS PU,223869.92,79341200-8,Marché négocié sans publicité ni mise en concurrence préalable,22530001100015,,38829190800027,2023-12-07,
Sans concurrence,202308050000000,AC de services à BDC et MS pour le droit d'usage de la solution Amiante360 de gestion du risque amiante en mode SAAS et prestations associées,223600.0,72267100-0,Marché négocié sans publicité ni mise en concurrence préalable,22590001801244,,43299378000043,2023-12-01,
Sans concurrence,243197,"Maintenance des réseaux et des installations de fluides médicaux, mise à disposition et acquisition de groupes de vide: Lots 03 et 04",221127.0,33600000-6,Marché passé sans publicité ni mise en concurrence préalable,13002682600011,,38188680300042,2023-12-20,4.0
Sans concurrence,2023054900,MAINTENANCE PMSI-PILOT,221125.83,48000000-8,Marché négocié sans publicité ni mise en concurrence préalable,20001803400013,,41909765400059,2023-12-22,
Sans concurrence,2024000023SF0400,GSI - ACQUISITION MAINTENANCE PRESTATIONS ET EVOLUTIONS AUTOUR DE GIMA OFFICE SUITE ET GIMA DIGITAL SUITE,220000.0,48000000-8,Marché négocié sans publicité ni mise en concurrence préalable,28691200100042,,34054699300668,2023-12-15,
Fournisseur unique,249890171,Travaux de construction d'une bibliothèque communale à Thoiry: Lot 1: Terrassement - VRD - Espaces verts - Gros oeuvre,218133.0,45112500-0,Procédure adaptée,21010419600014,,32726756300010,2023-12-13,1.0
Fournisseur unique,249923746,RÉHABILITATION DE 63 LOGEMENTS  RUE DES LILAS A CASTRES: Lot 6: RÉHABILITATION DE 63 LOGEMENTS  RUE DES LILAS A CASTRES - lot 6 ventilation,217740.0,45320000-6,Procédure adaptée,50227332900024,,48756163100051,2023-11-30,1.0
Fournisseur unique,249880841,Entretien et remise en état des espaces verts sur le territoire de la Communauté d'Agglomération de l'Etampois Sud-Essonne: Lot 1: Marché réservé,216000.0,77310000-6,Appel d'offres ouvert,20001784600045,,30689628300018,2023-12-20,1.0
Sans concurrence,20242901,TRAVAUX RESEAU EAU BOURG D'OUROUER-LES-BOURDELINS - 2023/2024,215346.33,41110000-3,Marché négocié sans publicité ni mise en concurrence préalable,20008625400014,,77566736302470,2023-12-01,
Sans concurrence,20242900,TRAVAUX RESEAU EAU BOURG D'OUROUER-LES-BOURDELINS - 2023/2024,215346.33,41110000-3,Marché négocié sans publicité ni mise en concurrence préalable,20008625400014,,77566736302470,2023-12-01,
Sans concurrence,2023-2300,Lavage et désinfection des colonnes enterrées du territoire intercommunal,215000.0,90918000-5,Marché négocié sans publicité ni mise en concurrence préalable,24840016000094,,38967501800508,2023-12-12,
Sans concurrence,2023N14100000000,ETUDE RESTRUCTURATION SITES INDUS,214005.28,71241000-9,Marché négocié sans publicité ni mise en concurrence préalable,24871931200162,,48962613500441,2023-12-05,
Sans concurrence,2023SC0138000000,SCALEWAY 0012165 PRESTAT° A LUSAGE,213291.36,30000000-9,Marché négocié sans publicité ni mise en concurrence préalable,23971001500029,,77605646700587,2023-12-20,
Sans concurrence,2023M029900,"MAINTENANCE, HEBERGEMENT, PRESTATIONS ASSOCIEES DU PROGICIEL DE GESTION DES RECRUTEMENENTS",213000.0,72267000-4,Marché négocié sans publicité ni mise en concurrence préalable,22150001000014,,42003548700032,2023-12-28,
Sans concurrence,2023_06900,Prestations de réalisation des opérations de blanchissage du linge avec le CHU de Nice concernant l'aide médicale urgente pour le SDIS des Alpes-Marit,212000.0,98310000-9,Marché négocié sans publicité ni mise en concurrence préalable,28060051100024,,26060070500040,2023-12-21,
Sans concurrence,20232023114100,Maintenance Horus,210000.0,72500000-0,Marché négocié sans publicité ni mise en concurrence préalable,22830001800113,,34054699300668,2023-12-19,
Sans concurrence,20232023-00400,Exploitation des infrastructures radio du departement de la Haute-Garonne,210000.0,64200000-8,Marché négocié sans publicité ni mise en concurrence préalable,20006262800025,,39381963600217,2023-12-15,
Sans concurrence,202351500,MAINTENANCE/ACQUISITIONS/PRESTATIONS PR LOGICIEL SEDITH RH,210000.0,72267100-0,Marché négocié sans publicité ni mise en concurrence préalable,28350355500015,,75580064600381,2023-12-07,
Sans concurrence,20232023S0008900,"Maintenances, acquisitions et prestations associées pour le logiciel SEDIT RH",210000.0,72267100-0,Marché passé sans publicité ni mise en concurrence préalable,28350355500015,,75580064600381,2023-12-07,
Fournisseur unique,249906577,Construction d'un groupe scolaire et de salles associatives sur le Parc Mulonnière à Orvault.: Lot 7: METALLERIE - SERRURERIE,209454.0,44316500-3,Appel d'offres ouvert,21440114300018,,34053956800030,2023-12-20,1.0
Sans concurrence,20232023028BG00,ASSURANCES DOMMAGES AUX BIENS - CONTRAT VILLASSUR 4002 2024-2027,203483.36,66515000-3,Marché négocié sans publicité ni mise en concurrence préalable,20008469700016,,38385380101346,2023-12-22,
Sans concurrence,2023264710001,"23_2647_1_00-Acquisition évolution, maintenance, assistance et prestations associées I-PARAPAHEUR et S2LOW",203200.0,72267000-4,Marché négocié sans publicité ni mise en concurrence préalable,22910228000018,,49101169800033,2023-12-22,
Fournisseur unique,2446461,"Construction de 30 logements collectifs et de leurs abords, répartis en deux bâtiments, ZAC de l'ancienne gare à CARVIN ( 62): Lot 10: électricité",203000.0,45317000-2,Procédure adaptée,32791063400069,,82409070800010,2023-12-06,1.0
Sans concurrence,20232023F0005200,"Fourniture et maintenance d'autorisations d'usage et de déploiement de licences logiciels SIG (Système d'Information Géographique), pour les besoins b",201793.0,48326000-9,Marché passé sans publicité ni mise en concurrence préalable,20006940900015,,34849974000028,2023-12-08,
Sans concurrence,2023S0090000,Contrat de services pour le maintien en conditions opérationnelles  du Système ARTEMIS® V2 édité par la Société INETUM,200720.1,72267000-4,Marché négocié sans publicité ni mise en concurrence préalable,28050006700028,,34054699300320,2023-12-29,
Sans concurrence,2023091600,Maintenance parc société PERKINELMER SCIENTIFIC,200000.0,33000000-0,Marché négocié sans publicité ni mise en concurrence préalable,26310012500016,,92049283200026,2023-12-29,
Sans concurrence,202319900,Maintenance et évolution du logiciel IAS - Implicit Action Sociale,200000.0,72250000-2,Marché négocié sans publicité ni mise en concurrence préalable,22220001600327,,38251931200088,2023-12-18,
Sans concurrence,202330396100,ASSURANCE DOMMAGES AUX BIENS 2ème ligne,200000.0,66515200-5,Marché négocié sans publicité ni mise en concurrence préalable,24250036100017,,39366658100011,2023-12-15,
Sans concurrence,202305000,AMENAGEMENT D'UN 3EME SIEGE CCF MERCEDES TYPE U5023,200000.0,42415320-7,Marché négocié sans publicité ni mise en concurrence préalable,28330002800034,,80830355600050,2023-12-12,
Sans concurrence,2023010500,Maintenance du logiciel de gestion de la chaîne patrimoniale AS-TECH et prestations complémentaires,200000.0,72267000-4,Marché passé sans publicité ni mise en concurrence préalable,20005340300057,,32294252500039,2023-12-12,
Sans concurrence,2023528600,Acquisition de forfait BOAMP national et européen,200000.0,22120000-7,Marché négocié sans publicité ni mise en concurrence préalable,21690123100011,,13000918600011,2023-11-27,
Sans concurrence,2024017200,CGA MED KENGREXAL,199999.0,33600000-6,Marché négocié sans publicité ni mise en concurrence préalable,26310012500016,,38519498000012,2023-12-14,
Fournisseur unique,2446455,"Construction de 30 logements collectifs et de leurs abords, répartis en deux bâtiments, ZAC de l'ancienne gare à CARVIN ( 62): Lot 3: Menuiseries exté",199895.0,45421000-4,Procédure adaptée,32791063400069,,83892340700012,2023-12-06,1.0
Sans concurrence,2023SA03300,DISTRIBUTION DE CARBURANTS EN STATIONS STE-EULALIE,199584.0,09132000-3,Marché négocié sans publicité ni mise en concurrence préalable,22070001700019,,41876718200011,2023-12-26,
Sans concurrence,2023090LU00,PRESTATIONS COMMUNICATIONS SPORTIVES TCM FOOTBALL 2023-2024,192000.0,79340000-9,Marché négocié sans publicité ni mise en concurrence préalable,20006925000013,,41938899600045,2023-12-14,
Sans concurrence,2023M2359200,M23592 - EVOLUTIONS LOGICIELLES DES VALIDEURS DU RESEAU TAO DANS LE CADRE DU PROJET OPEN PAIEMENT,190736.0,72267100-0,Marché négocié sans publicité ni mise en concurrence préalable,24450046800040,,38369397500070,2023-12-27,
Sans concurrence,20232316900,ACHAT D'ESPACES PUBLICITAIRES ET DE PLACES POUR LES MATCHES DU PAUC HANDBALL POUR LA SAISON DE HANDBALL 2023-2024,190000.0,92621000-0,Marché négocié sans publicité ni mise en concurrence préalable,21130001700012,,74998123900033,2023-12-12,
Fournisseur unique,2300002000,Marché n°23 - PA / S - 01 : SOUSCRIPTION DES CONTRATS D'ASSURANCES POUR LES BESOINS DE L'EPFLO: Lot 1: ASSURANCES DES DOMMAGES AUX BIENS ET DES RISQUE,184655.0,66515200-5,Procédure adaptée,49840839200039,,53263229600010,2023-12-08,1.0
Sans concurrence,2023TSM0481000,STRASBOURG - Transformation d'un immeuble de bureaux en une résidence étudiante de 57 logements avec bureaux - 14 rue du Faubourg-de-Pierre (LOT 16 - ,184217.0,45000000-7,Marché passé sans publicité ni mise en concurrence préalable,94565114900235,,52080042600014,2023-12-01,
Sans concurrence,2023K2324301,ASSURANCE DOMMAGES AUX BIENS ET RISQUES ANNEXES LOT 1,183917.11,66515200-5,Marché négocié sans publicité ni mise en concurrence préalable,20006720500019,,38385380101346,2023-12-29,
Sans concurrence,2023K2324300,ASSURANCE DOMMAGES AUX BIENS ET RISQUES ANNEXES LOT 1,183917.11,66515200-5,Marché négocié sans publicité ni mise en concurrence préalable,20006720500019,,38385380101346,2023-12-29,
Sans concurrence,2023117N001,ACHAT D ESPACES PUBLICITAIRES A LA SASP OYONNAX RUGBY POUR LA SAISON 2023 2024,183333.33,79341000-6,Marché négocié sans publicité ni mise en concurrence préalable,22010001000010,,48195947600047,2023-11-30,
Fournisseur unique,24100148397,Mission d'Architecte-Conseil du CAUE des Bouches-du-Rhône: Lot 97: SALON DE PROVENCE (13300),181660.0,71210000-3,Appel d'offres ouvert,32042256100045,,43048475800023,2023-12-28,1.0
Sans concurrence,20231013133300,TRAVAUX DE REHABILITATION METALLERIE SERRURERIE DU CAFE DU PONT A SAINT MALO DE GUERSAC,181215.21,45223110-0,Marché négocié sans publicité ni mise en concurrence préalable,24440064400013,,89365952400027,2023-12-28,
Sans concurrence,20232316300,"ACHAT D'ESPACES PUBLICITAIRES ET DE PLACES POUR LES MATCHS DU PROVENCE RUGBY"" DANS LE CADRE DE LA SAISON DE RUGBY 2023-2024.",180083.2,92621000-0,Marché négocié sans publicité ni mise en concurrence préalable,21130001700012,,44845024700029,2023-12-08,
Sans concurrence,20231600300,Col Rousseau Labastide-Saint-Pierre Extension -  lot 3 couverture - étanchéité,180000.0,45261210-9,Marché négocié sans publicité ni mise en concurrence préalable,22820001000012,,38359359700032,2023-12-22,
Sans concurrence,20232023T450000,PROGICIEL ORPHÉE DE GESTION DU RESEAU DES MEDIATHEQUES,180000.0,48219300-9,Marché négocié sans publicité ni mise en concurrence préalable,20006340200016,,35384941700111,2023-12-21,
Fournisseur unique,249923768,RÉHABILITATION DE 63 LOGEMENTS  RUE DES LILAS A CASTRES: Lot 8: RÉHABILITATION DE 63 LOGEMENTS  RUE DES LILAS A CASTRES - lot 8 platrerie,177822.0,45410000-4,Procédure adaptée,50227332900024,,80987352400023,2023-11-30,1.0
Fournisseur unique,24995288,Mission de maîtrise d'oeuvre : Réhabilitation et modernisation des ouvrages de protection contre les inondation dans le cadre du programme PAPI Delta ,177000.0,31720000-9,Appel d'offres ouvert,20006068900029,,30910387700051,2023-12-04,1.0
Sans concurrence,2023X14900,ABONNEMENT 2024-2026 A UNE PLATEFORME NUMERIQUE DU RESEAU DE LA MEDIATHEQUE DEPARTEMENTALE (AVEC PARTICIPATION FINANCIERE DE PLUSIEURS COMMUNES ET EPC,175000.0,48161000-4,Marché négocié sans publicité ni mise en concurrence préalable,22880001700011,,34841061400021,2023-12-28,
Sans concurrence,2023M11500,"PRESTATIONS DE CAPTURE, RAMASSAGE, TRANSPORT DES ANIMAUX ERRANTS, DANGEREUX, BLESSES, MALTRAITES OU MORTS SUR LA  COMMUNE DE COURBEVOIE ET ACCUEIL EN ",173910.36,98380000-0,Marché négocié sans publicité ni mise en concurrence préalable,21920026800015,,39345531600470,2023-12-08,
Fournisseur unique,2373200,Hp 1523/1522 et#8211; la gorgue et#8211; rehabilitation energetique et travaux de forage  - 20 logements collectifs et 17 logements individuels: Lot 4,172755.0,45311200-2,Procédure adaptée,61682020500154,,87884477800018,2023-12-26,1.0
Sans concurrence,20232023030BG00,ASSURANCES DES VEHICULES A MOTEUR ET RISQUES ANNEXES,171717.55,66514110-0,Marché négocié sans publicité ni mise en concurrence préalable,20008469700016,,35017183100042,2023-12-22,
Fournisseur unique,115620323,Aménagement et viabilisation d'un nouveau quartier d'habitat à Saint-Jouin-Bruneval: Lot 2 : Réseaux souples - AEP,170506.0,45231112-3,Procédure adaptée,40268299100367,,40268299100367,2023-12-21,1.0
Sans concurrence,2024FON0100,ASSURANCE DOMMAGE AUX BIENS,169729.88,66000000-0,Marché négocié sans publicité ni mise en concurrence préalable,21350037400011,,38384469300887,2023-12-22,
Fournisseur unique,249962421,Souscription d'un contrat d'assurance pour les besoins du SYDOM du Jura: Lot 1: ASSURANCE DOMMAGES AUX BIENS,168579.0,66515100-4,Appel d'offres ouvert,25390183900022,,83381722400029,2023-12-29,1.0
Fournisseur unique,24100138652,Mission d'Architecte-Conseil du CAUE des Bouches-du-Rhône: Lot 52: MARIGNANE (13700),166780.0,71210000-3,Appel d'offres ouvert,32042256100045,,87802661600010,2023-12-28,1.0
Fournisseur unique,24100136242,Mission d'Architecte-Conseil du CAUE des Bouches-du-Rhône: Lot 42: ISTRES (13808),166780.0,71210000-3,Appel d'offres ouvert,32042256100045,,52377930400030,2023-12-28,1.0
Fournisseur unique,24100148598,Mission d'Architecte-Conseil du CAUE des Bouches-du-Rhône: Lot 98: SAUSSET LES PINS (13960),166780.0,71210000-3,Appel d'offres ouvert,32042256100045,,80378479200027,2023-12-28,1.0
Fournisseur unique,24100141965,Mission d'Architecte-Conseil du CAUE des Bouches-du-Rhône: Lot 65: PÉLISSANNE (13330),166780.0,71210000-3,Appel d'offres ouvert,32042256100045,,81264496100011,2023-12-28,1.0
Fournisseur unique,24100146685,Mission d'Architecte-Conseil du CAUE des Bouches-du-Rhône: Lot 85: SAINT-CHAMAS (13250),166780.0,71210000-3,Appel d'offres ouvert,32042256100045,,34231854000107,2023-12-28,1.0
Fournisseur unique,24100135137,Mission d'Architecte-Conseil du CAUE des Bouches-du-Rhône: Lot 37: GEMENOS (13420),166780.0,71210000-3,Appel d'offres ouvert,32042256100045,,33926841900043,2023-12-28,1.0
Fournisseur unique,24100148195,Mission d'Architecte-Conseil du CAUE des Bouches-du-Rhône: Lot 95: SAINT VICTORET (13730),166780.0,71210000-3,Appel d'offres ouvert,32042256100045,,80110195700018,2023-12-28,1.0
Fournisseur unique,24100138451,Mission d'Architecte-Conseil du CAUE des Bouches-du-Rhône: Lot 51: MALLEMORT (13370),166780.0,71210000-3,Appel d'offres ouvert,32042256100045,,81904826500014,2023-12-28,1.0
Fournisseur unique,24100143771,Mission d'Architecte-Conseil du CAUE des Bouches-du-Rhône: Lot 71: PLAN D'ORGON (13750),166780.0,71210000-3,Appel d'offres ouvert,32042256100045,,34416614500047,2023-12-28,1.0
Fournisseur unique,24100140559,Mission d'Architecte-Conseil du CAUE des Bouches-du-Rhône: Lot 59: MIRAMAS (13140),166780.0,71210000-3,Appel d'offres ouvert,32042256100045,,81264496100011,2023-12-28,1.0
Fournisseur unique,24100147590,Mission d'Architecte-Conseil du CAUE des Bouches-du-Rhône: Lot 90: SAINT MARTIN DE CRAU (13310),166780.0,71210000-3,Appel d'offres ouvert,32042256100045,,43048475800023,2023-12-28,1.0
Fournisseur unique,241001488100,Mission d'Architecte-Conseil du CAUE des Bouches-du-Rhône: Lot 100: SEPTEMES-LES-VALLONS (13240),166780.0,71210000-3,Appel d'offres ouvert,32042256100045,,54000522000012,2023-12-28,1.0
Sans concurrence,202324ELEC00,Fourniture et acheminement d'electricité,165000.0,31682000-0,Marché passé sans publicité ni mise en concurrence préalable,55208131766522,,55208131766522,2023-11-30,
Fournisseur unique,249885442,Marché de services d'assurance pour la SPL Lyon Part-Dieu: Lot 2: Responsabilité et risques annexes,164498.0,66516000-0,Appel d'offres ouvert,80537661300024,,56200034902188,2023-12-21,1.0
Sans concurrence,2024020100,ASSURANCE DOMMAGES AUX BIENS ET RISQUES ANNEXES,163888.56,66510000-8,Marché négocié sans publicité ni mise en concurrence préalable,21060152200175,,41788168700020,2023-12-21,
Sans concurrence,202323TSM0561100,STRASBOURG - Transformation d'un immeuble de bureaux en une résidence étudiante de 57 logements avec bureaux - 14 rue du Faubourg-de-Pierre (LOT 11 : ,160365.0,45000000-7,Marché passé sans publicité ni mise en concurrence préalable,94565114900235,,91307870500013,2023-11-27,
Sans concurrence,20232303800,Assurance dommage aux biens,160000.0,66515000-3,Marché négocié sans publicité ni mise en concurrence préalable,24700001100244,,37990675300031,2023-12-29,
Sans concurrence,202317000,2023/170 - Hébergement et maintenance portant sur outil prospectif gestion de l'eau,160000.0,72267000-4,Marché négocié sans publicité ni mise en concurrence préalable,22192720500197,,39236704100200,2023-12-20,
Fournisseur unique,2024240400,Fourniture de matériels compatibles avec le système de clés électroniques pour la Ville de Bouguenais,160000.0,44520000-1,Procédure adaptée,21440020200013,,32968134000173,2023-12-26,1.0
Fournisseur unique,20232800000700,"Acquisition, mise à niveau, intégration, paramétrage, sécurisation et maintenance d'une solution de connectivité Wifi pour les établissements de la CM",160000.0,72514000-1,Appel d'offres ouvert,13002799800017,,50014515600047,2023-12-21,1.0
Sans concurrence,2023C179400,1A ACQUISITION SYSTEME GESTION SAAS DCE,159200.0,72200000-7,Marché négocié sans publicité ni mise en concurrence préalable,24871931200162,,84247420700037,2023-12-07,
Sans concurrence,2023M230173100,LOT 2 : MAINTENANCE CURATIVE,157096.0,72267100-0,Marché négocié sans publicité ni mise en concurrence préalable,22660001300016,,34054699300668,2023-12-29,
Fournisseur unique,2498902610,Travaux de construction d'une bibliothèque communale à Thoiry: Lot 10: Chauffage - Ventilation - Plomberie - Sanitaire,156593.0,44115220-7,Procédure adaptée,21010419600014,,78939650400019,2023-12-13,1.0
Fournisseur unique,249911864,Hp 1634/1409/1115/1806 et#8211; alette/etaples/vacqueriette/ montreuil  -rehabilitation de logements diffus : Lot 4 : Menusieries ext,155555.0,45421000-4,Procédure adaptée,61682020500154,,44373256500017,2023-12-26,1.0
Sans concurrence,202323DEC59900,Location d'un pont provisoire de type Bailey sur la RD39 PK2.530 - Commune de Gavignano,155200.0,45500000-2,Marché négocié sans publicité ni mise en concurrence préalable,20007695800012,,8638005200042,2023-11-30,
Sans concurrence,2023SINSE1300,ACCOMP BRSA MISE EN OEUVRE METHODE ACOR,155000.0,79611000-0,Marché négocié sans publicité ni mise en concurrence préalable,22070001700019,,43158375600058,2023-12-29,
Sans concurrence,20232311600,Réhabilitation Forage ST JULIEN - MADAILLAN,152120.0,76431000-3,Marché négocié sans publicité ni mise en concurrence préalable,25470249100021,,30859886100018,2023-12-15,
Sans concurrence,2023MN034,Maintenance et prestations afférentes à l'application OCTIME et ses modules complémentaires,150000.0,72250000-2,Marché passé sans publicité ni mise en concurrence préalable,28130002000027,,75059478000033,2023-12-28,1.0
Sans concurrence,2023360000,TRAITEMENT DES ECHETS ISSUS DES BENNES COMMUNALES,150000.0,90513000-6,Marché négocié sans publicité ni mise en concurrence préalable,21770152300011,,61200696500182,2023-12-20,
Sans concurrence,202324-0000900,Evolutions applicatives d'une solution de télétransmission,150000.0,72212422-3,Marché négocié sans publicité ni mise en concurrence préalable,20005786700018,,48847870200027,2023-12-19,
Fournisseur unique,24994581,Copieurs : achat et maintenance: Lot 1 : achat et maintenance,150000.0,50312000-5,Procédure adaptée,21310488800010,,33332163600586,2023-12-12,1.0
Fournisseur unique,249911875,Hp 1634/1409/1115/1806 et#8211; alette/etaples/vacqueriette/ montreuil  -rehabilitation de logements diffus : Lot 5 : Plomberie,147948.0,45331000-6,Procédure adaptée,61682020500154,,61712054800012,2023-12-26,1.0
Sans concurrence,20230131300,STADE DE REIMS - PROMOTION DE L'INSTITUTION REGIONALE DANS LE CADRE DE MANIFESTATIONS SPORTIVES DE C,145488.4,79341200-8,Marché négocié sans publicité ni mise en concurrence préalable,20005226400013,,44116434000032,2023-11-29,
Sans concurrence,2023O542900,Cession du spectacle Welfare,145065.1,92320000-0,Marché négocié sans publicité ni mise en concurrence préalable,21690123100011,,32725916400017,2023-12-21,
Sans concurrence,2023-09 LOT100,ASSURANCE Dommages aux biens,144455.36,66510000-8,Marché négocié sans publicité ni mise en concurrence préalable,25710334100026,,83381722400029,2023-12-28,
Fournisseur unique,249967892,Construction de la maison de jeunesse du Pont et d'un restaurant collectif à Marcq-en-Baroeul: Lot 2: Couverture zinc - Etanchéité,144032.0,45260000-7,Procédure adaptée,21590378200013,,30192111000039,2023-12-06,1.0
Sans concurrence,202323PS17300,EVALUATION QUALITE ORGANOLEPTIQUE EAU POTABLE ISSUE FILIERE REUT INDIRECTE EAUX USEES TRAITEES,142500.0,73000000-2,Marché négocié sans publicité ni mise en concurrence préalable,25850022200033,,77568822900027,2023-12-22,
Fournisseur unique,2498905613,Relance lots 5 et 13 - Acquisition et amélioration de 9 logements à Saint Germain des Fossés: Lot 13 : LOT 13 CHAUFFAGE PLOMBERIE SANITAIRE VMC,142000.0,45453000-7,Procédure adaptée,59820132500100,,47999721500013,2023-12-19,1.0
Sans concurrence,2023FA2023-43200,"URGENCE IMPERIEUSE RESTONICA - AMO - Etat des lieux, diagnostic et expertise suite à la tempête Ciaran - Etudes de faisabilité de solutions d'accès au",140725.0,71311100-2,Marché négocié sans publicité ni mise en concurrence préalable,20007695800012,,40150379200533,2023-12-04,
Fournisseur unique,2498886413,TRAVAUX DE REHABILITATION ENERGETIQUE ET FONCTIONNELLE DE L'HOTEL DE VILLE DE LA COMMUNE DE THOIRY ET SES ANNEXES: Lot 13: Chauffage - Ventilation - P,140674.0,45331000-6,Procédure adaptée,21010419600014,,40358915300028,2023-11-27,1.0
Sans concurrence,2023230052-12500,AC // MAINTENANCE ET SUIVI DE LA SOLUTION AIRS DELIB,140000.0,72260000-5,Marché négocié sans publicité ni mise en concurrence préalable,22600001600403,,38461703100057,2023-12-15,
Fournisseur unique,24991514,Evolution et maintenance du système télécom et relation client Xivo de Limoges Habitat.,140000.0,32412100-5,Procédure adaptée,27870851600028,,51037340000108,2023-12-21,1.0
Fournisseur unique,24100144775,Mission d'Architecte-Conseil du CAUE des Bouches-du-Rhône: Lot 75: ROGNAC (13340),139500.0,71210000-3,Appel d'offres ouvert,32042256100045,,40906600800031,2023-12-28,1.0
Sans concurrence,2023N23073L0000,Assurance Dommages aux biens du Centre équestre de Mâcon _ Chaintré,139281.96,66515000-3,Marché négocié sans publicité ni mise en concurrence préalable,21710270600017,,39215886100063,2023-12-28,
Sans concurrence,2023Z232246A0000,LOCATION D'ESPACES ET ACHAT DE PRESTATIONS DE VISIBILITE AUPRES DE L'ORGANISATEUR DU SALON MIPIM DU 12 AU 15 MARS 2024,138944.0,79950000-8,Marché négocié sans publicité ni mise en concurrence préalable,20005480700017,,41021936400081,2023-12-21,
Fournisseur unique,249928104,PRESTATION DE SERVICE D'ASSURANCE _ Lots 1 à 8: Lot 4: Flotte-automobiles et auto-missions,138045.0,66514110-0,Appel d'offres ouvert,20001734100120,,30130960500410,2023-12-12,1.0
Sans concurrence,2023M23032600,MS4 AU LOT 13,137520.0,48000000-8,Marché négocié sans publicité ni mise en concurrence préalable,21974011500015,,44212391500039,2023-12-26,
Fournisseur unique,249884092,Relance pour cause d'infructuosité : Construction de 6 bâtiments industriels à usage principal d'activités artisanales sur un terrain situé sur la ZAC,137214.0,44114250-9,Procédure adaptée,35282361100053,,79975741400013,2023-12-08,1.0
Sans concurrence,202323ABG03800,FOURNITURE DE PIECES DETACHEES POUR VEHICULES RENAULT,136000.0,34300000-0,Marché négocié sans publicité ni mise en concurrence préalable,21780646200016,,31221230102324,2023-12-20,
Sans concurrence,2023M0423L0000,JE SUIS UNE OEUVRE D'ART - QUAND LE SPORT RENCONTRE L'ART,135000.0,92521100-0,Marché négocié sans publicité ni mise en concurrence préalable,22060001900016,,91061974100010,2023-12-22,
Sans concurrence,202319800,Maintenance et évolution de la solution NEPTUNE,135000.0,72250000-2,Marché négocié sans publicité ni mise en concurrence préalable,22220001600327,,48187416200045,2023-11-30,
Fournisseur unique,249892951,Maintenance préventive et entretien des équipements et des installations (Marché mutualisé) - Lot 1 : Maintenance des VMC et des hottes,134900.0,42520000-7,Procédure adaptée,20007011800019,,50387073500019,2023-12-05,1.0
Sans concurrence,202420240030600,LOT 6 : REMISE EN ETAT ET AMELIORATION ESPACES VERTS,130164.75,75231240-8,Marché négocié sans publicité ni mise en concurrence préalable,21630430300011,,90779645200015,2023-12-14,
Fournisseur unique,241007587,Surveillance et maintenance de réseaux gpl2024-2027,130000.0,32424000-1,Procédure adaptée,27870850800041,,33487372602318,2023-12-07,1.0
Sans concurrence,2023C163900,1A ACQUISITION DIMOMAINT,128000.0,72200000-7,Marché négocié sans publicité ni mise en concurrence préalable,24871931200162,,51026833700027,2023-12-05,
Sans concurrence,2023SA03400,DISTRIBUTION DE CARBURANTS EN STATIONS ST MARTIN DE VALAMAS,127600.0,09132000-3,Marché négocié sans publicité ni mise en concurrence préalable,22070001700019,,53063590300012,2023-12-26,
Sans concurrence,2023M230173200,LOT 3 : PRESTATION ET ASSISTANCE,127500.0,72261000-2,Marché négocié sans publicité ni mise en concurrence préalable,22660001300016,,34054699300668,2023-12-29,
Sans concurrence,2023LCNM23121100,LC DBL NM 231211 - Phase 2 Mise en Securité de la Mal Coiffée Fouilles archéologiques Tranche Ferme,125980.0,71351914-3,Marché négocié sans publicité ni mise en concurrence préalable,22030001600080,,22030001600247,2023-12-13,
Sans concurrence,20231016181400,REALISATION UNITE CYNOTECHNIQUE,125976.0,71000000-8,Marché négocié sans publicité ni mise en concurrence préalable,21440184600016,,79754898900038,2023-11-27,
Sans concurrence,20230450100,TX REHABILITATION RESEAUX AEP ET BRANHTS COEUR DE VILLE VERNON,125354.0,44162500-8,Marché négocié sans publicité ni mise en concurrence préalable,20007231200016,,43998740500024,2023-12-28,
Fournisseur unique,2023008E00,Prestation de service d'assurance: Lot 5: Flotte-automobiles et auto-missions,125178.0,66514110-0,Appel d'offres ouvert,21430137600015,,83381722400029,2023-12-22,1.0
Sans concurrence,202340300,Extension de la crèche de la Dullague,125143.74,45300000-0,Marché négocié sans publicité ni mise en concurrence préalable,21340032800018,,33284461200025,2023-12-20,
Sans concurrence,20231267300,ENTRETIEN DES PLANTES INTERIEURS LOT 2 SIEGE DE REGION ET NOUVEAU SIECLE,120000.0,77310000-6,Marché négocié sans publicité ni mise en concurrence préalable,20005374200017,,75356761900014,2023-12-29,
Sans concurrence,20232318400,"Mise à dispo moyens échanges, connaissances, savoir-faire, expérience, avis d'experts liés aux compétences des collectivités territoriales",120000.0,79416200-5,Marché négocié sans publicité ni mise en concurrence préalable,22720002900014,,49791455600020,2023-12-28,
Sans concurrence,202300042900,ACBC MAINTENANCE LOGICIEL GEO 2024-2027,120000.0,72267100-0,Marché négocié sans publicité ni mise en concurrence préalable,20003357900018,,30516304000119,2023-12-22,
Sans concurrence,2023JFN00100,ACQUISITION DE BERCE A EAU AMOVIBLE POUR LA VILLE DE TARBES,120000.0,44613210-5,Marché négocié sans publicité ni mise en concurrence préalable,21650440700018,,77716025000026,2023-12-13,
Sans concurrence,2023019000,"PRESTATION D'HEBERGEMENT, DE MAINTENANCE ET D'ASSISTANCE DE L'APPLICATION MARCO.",120000.0,72267100-0,Marché négocié sans publicité ni mise en concurrence préalable,22530001100015,,34927581800061,2023-12-07,
Sans concurrence,2023K2321100,DETECTION ET GEOREFERENCEMENT DES RESEAUX ECLAIRAGE PUBLIC ET D ALIMENTATION D EAU POTABLE DES ZONES D ACTIVITE DE L AGGLOMERATION DU COTENTIN,120000.0,71352000-0,Marché négocié sans publicité ni mise en concurrence préalable,20006720500019,,38531151900149,2023-11-28,
Fournisseur unique,24988083,Accord-cadre de collecte des déchets en camion mobile et de valorisation,120000.0,90500000-2,Procédure adaptée,20001784600045,,75094891100029,2023-12-20,1.0
Fournisseur unique,2023S08sepL4,Prestations de nettoyage des locaux de la Communauté de Communes: Lot 4 : Prestations exceptionnelles,120000.0,90911200-8,Appel d'offres ouvert,20007011800019,,37884819600069,2023-12-15,1.0
Fournisseur unique,241007342,Regroupement du lycée sur le site lottin - lycée clément ader à bernay (27) - cuisine provisoire : Accord cadre,116921.0,70130000-1,Appel d'offres ouvert,20005340300057,,89229832400013,2023-12-29,1.0
Sans concurrence,2024K2401300,MAINTENANCE ET SUIVI DES LOGICIELS CHRONOS,114177.28,72267000-4,Marché négocié sans publicité ni mise en concurrence préalable,20006720500019,,34828497700132,2023-12-17,
Fournisseur unique,2410017944,23CP28 - TRAVAUX D'EXTENSION ET DE REHABILITATION DU CONSERVATOIRE DE MARCQ-EN-BAROEUL: Lot 4: COUVERTURE / ETANCHEITE,113528.0,45261210-9,Procédure adaptée,21590378200013,,30192111000039,2023-12-18,1.0
Sans concurrence,2023O538000,Bases de données géologiques et géotechniques avec SIG Ville de Lyon et recherches scientifiques universitaires,112500.0,73000000-2,Marché négocié sans publicité ni mise en concurrence préalable,21690123100011,,34503824400017,2023-12-19,
Fournisseur unique,24100142868,Mission d'Architecte-Conseil du CAUE des Bouches-du-Rhône: Lot 68: PEYPIN (13124),112220.0,71210000-3,Appel d'offres ouvert,32042256100045,,80189825500048,2023-12-28,1.0
Fournisseur unique,2410012817,Mission d'Architecte-Conseil du CAUE des Bouches-du-Rhône: Lot 7: AURONS (13121),112220.0,71210000-3,Appel d'offres ouvert,32042256100045,,83501819300028,2023-12-28,1.0
Fournisseur unique,24100141764,Mission d'Architecte-Conseil du CAUE des Bouches-du-Rhône: Lot 64: LE PARADOU (13520),112220.0,71210000-3,Appel d'offres ouvert,32042256100045,,51740472900025,2023-12-28,1.0
Fournisseur unique,24100132727,Mission d'Architecte-Conseil du CAUE des Bouches-du-Rhône: Lot 27: CUGES-LES-PINS (13780),112220.0,71210000-3,Appel d'offres ouvert,32042256100045,,78969888300012,2023-12-28,1.0
Fournisseur unique,24100137447,Mission d'Architecte-Conseil du CAUE des Bouches-du-Rhône: Lot 47: LAMANON (13113),112220.0,71210000-3,Appel d'offres ouvert,32042256100045,,39134426400075,2023-12-28,1.0
Fournisseur unique,24100129513,Mission d'Architecte-Conseil du CAUE des Bouches-du-Rhône: Lot 13: BOULBON (13150),112220.0,71210000-3,Appel d'offres ouvert,32042256100045,,33501925300038,2023-12-28,1.0
Fournisseur unique,24100134634,Mission d'Architecte-Conseil du CAUE des Bouches-du-Rhône: Lot 34: FONTVIEILLE (13990),112220.0,71210000-3,Appel d'offres ouvert,32042256100045,,50964523000020,2023-12-28,1.0
Fournisseur unique,24100129714,Mission d'Architecte-Conseil du CAUE des Bouches-du-Rhône: Lot 14: CABANNES (13440),112220.0,71210000-3,Appel d'offres ouvert,32042256100045,,34416614500047,2023-12-28,1.0
Fournisseur unique,2410012765,Mission d'Architecte-Conseil du CAUE des Bouches-du-Rhône: Lot 5: AUREILLE (13930),112220.0,71210000-3,Appel d'offres ouvert,32042256100045,,50964523000020,2023-12-28,1.0
Fournisseur unique,2410012702,Mission d'Architecte-Conseil du CAUE des Bouches-du-Rhône: Lot 2: ALLEINS (13980),112220.0,71210000-3,Appel d'offres ouvert,32042256100045,,83501819300028,2023-12-28,1.0
Fournisseur unique,24100132425,Mission d'Architecte-Conseil du CAUE des Bouches-du-Rhône: Lot 25: CORNILLON-CONFOUX (13250),112220.0,71210000-3,Appel d'offres ouvert,32042256100045,,34231854000107,2023-12-28,1.0
Fournisseur unique,24100147188,Mission d'Architecte-Conseil du CAUE des Bouches-du-Rhône: Lot 88: SAINT ETIENNE DU GRES (13103),112220.0,71210000-3,Appel d'offres ouvert,32042256100045,,44949260200015,2023-12-28,1.0
Fournisseur unique,24100130718,Mission d'Architecte-Conseil du CAUE des Bouches-du-Rhône: Lot 18: CARRY LE ROUET (13620),112220.0,71210000-3,Appel d'offres ouvert,32042256100045,,82921973200015,2023-12-28,1.0
Fournisseur unique,24100131521,Mission d'Architecte-Conseil du CAUE des Bouches-du-Rhône: Lot 21: CHARLEVAL (13350),112220.0,71210000-3,Appel d'offres ouvert,32042256100045,,80495310700039,2023-12-28,1.0
Fournisseur unique,24100136644,Mission d'Architecte-Conseil du CAUE des Bouches-du-Rhône: Lot 44: LA BARBEN (13330),112220.0,71210000-3,Appel d'offres ouvert,32042256100045,,83501819300028,2023-12-28,1.0
Fournisseur unique,241001500111,Mission d'Architecte-Conseil du CAUE des Bouches-du-Rhône: Lot 111: VERNÈGUES (13116),112220.0,71210000-3,Appel d'offres ouvert,32042256100045,,83501819300028,2023-12-28,1.0
Fournisseur unique,24100147792,Mission d'Architecte-Conseil du CAUE des Bouches-du-Rhône: Lot 92: SAINT PAUL LEZ DURANCE (13115),112220.0,71210000-3,Appel d'offres ouvert,32042256100045,,82921973200015,2023-12-28,1.0
Fournisseur unique,24100146886,Mission d'Architecte-Conseil du CAUE des Bouches-du-Rhône: Lot 86: SAINTES MARIES DE LA MER (13460),112220.0,71210000-3,Appel d'offres ouvert,32042256100045,,50151156200016,2023-12-28,1.0
Fournisseur unique,24100141563,Mission d'Architecte-Conseil du CAUE des Bouches-du-Rhône: Lot 63: ORGON (13660),112220.0,71210000-3,Appel d'offres ouvert,32042256100045,,44394023400034,2023-12-28,1.0
Fournisseur unique,24100141362,Mission d'Architecte-Conseil du CAUE des Bouches-du-Rhône: Lot 62: NOVES (13550),112220.0,71210000-3,Appel d'offres ouvert,32042256100045,,82212402000014,2023-12-28,1.0
Sans concurrence,202323A1600,FOURNITURE CARBURANT ET AUS LOT 14-16-18,110000.0,09000000-3,Marché négocié sans publicité ni mise en concurrence préalable,28974011000019,,31355372900051,2023-12-28,
Sans concurrence,2023MP022M00,NOËL KOUROU 2023 -LE FABULEUX ANNIVERSAIRE DU PERE NOËL,110000.0,92320000-0,Marché négocié sans publicité ni mise en concurrence préalable,21973304500013,,98239681400013,2023-12-22,
Sans concurrence,2023-696900,2023-69 DIGUE MELDYCK - TRAVAUX DE CONFORTEMENT DE LA DIGUE HM4,109275.0,45243510-0,Marché négocié sans publicité ni mise en concurrence préalable,20006903700014,,32072201000057,2023-12-04,
Fournisseur unique,249990106,Marché de travaux pour la construction d'une maison de santé pluriprofessionnelle à Rodemack: Lot 6: MENUISERIES INTERIEURES,108543.0,45421000-4,Procédure adaptée,21570588000015,,34261830300032,2023-12-11,1.0
Fournisseur unique,24990822,Services d'assurances pour la Communauté de communes du canton d'Erstein,107928.0,66510000-8,Procédure adaptée,20006792400015,,31124863701075,2023-12-14,1.0
Fournisseur unique,241001115,Prestation de services d'assurance dommages aux biens - relance suite lot infructueux,107621.0,66515000-3,Appel d'offres ouvert,20007188400106,,30130960500410,2023-12-20,1.0
Sans concurrence,202420240030200,LOT 2 : ORGANISATION TEMPS DE TRAVAIL AVEC STRUCTURES PART.,107400.0,75231240-8,Marché négocié sans publicité ni mise en concurrence préalable,21630430300011,,90779645200015,2023-12-14,
Sans concurrence,2023M23031400,MS4 AU LOT 2,106209.31,48000000-8,Marché négocié sans publicité ni mise en concurrence préalable,21974011500015,,75580064600373,2023-12-22,
Sans concurrence,202424SAJ010000,ASSURANCE DOMMAGES AUX BIENS,105943.22,66515000-3,Marché négocié sans publicité ni mise en concurrence préalable,20006804700014,,80076031600011,2023-12-29,
Fournisseur unique,20232023000502,Assurances «Responsabilité et risques annexes» et «Flotte automobile et risques annexes» A DESTINATION DE CHAUMONT HABITAT ET HAMARIS - marché alloti ,105761.0,66000000-0,Appel d'offres ouvert,88333378300016,,83381722400029,2023-12-26,1.0
Sans concurrence,20231410100,Abonnement à la saison Achat de prestations auprès de clubs sportifs saison 2023-2024 Lot n°1,105075.0,79980000-7,Marché négocié sans publicité ni mise en concurrence préalable,22820001000012,,79378588200010,2023-12-06,
Sans concurrence,202323TSM0680500,STRASBOURG - Transformation d'un immeuble de bureaux en une résidence étudiante de 57 logements avec bureaux - 14 rue du Faubourg-de-Pierre (lot 5b - ,104992.0,45000000-7,Marché passé sans publicité ni mise en concurrence préalable,94565114900235,,53365271500012,2023-12-18,
Sans concurrence,202303600,MAINTENANCE DU LOGICIEL SYRACUSE UTILISE POUR LA GESTION INFORMATIQUE DE LA MEDIATHEQUE ET DU RESEAU DES BIBLIOTHEQUES,102127.0,72267000-4,Marché négocié sans publicité ni mise en concurrence préalable,21180033900882,,88989584300015,2023-12-05,
Fournisseur unique,20232023000501,Assurances «Responsabilité et risques annexes» et «Flotte automobile et risques annexes» A DESTINATION DE CHAUMONT HABITAT ET HAMARIS - marché alloti ,100592.0,66000000-0,Appel d'offres ouvert,88333378300016,,83381722400029,2023-12-26,1.0
Sans concurrence,20242024C0100,CONTRAT PRESTATION DE SERVICES ENTRETIEN ESPACES VERTS 2024 A 2026,100512.0,77310000-6,Marché négocié sans publicité ni mise en concurrence préalable,21310433400015,,77562407501938,2023-12-31,
Sans concurrence,2023-31-0300,Lot 3 - Prestation de services en assurances - Véhicules à moteur,100282.0,66514110-0,Marché négocié sans publicité ni mise en concurrence préalable,25330347300057,,83381722400029,2023-12-18,
Sans concurrence,2023-31-0301,Lot 3 - Prestation de services en assurances - Véhicules à moteur,100282.0,66514110-0,Marché négocié sans publicité ni mise en concurrence préalable,25330347300057,,83381722400029,2023-12-18,
Sans concurrence,202312400,"MDI/2023-124/Lot3/Abonnement, accès en ligne et fourniture de ressources documentaires numériques pour le Département de l'Isère et la Ville de Grenob",100000.0,30211300-4,Marché négocié sans publicité ni mise en concurrence préalable,22380001200013,,33132078800028,2023-12-29,
Sans concurrence,2023000000018200,ASSURANCES RESPONSABILITE CIVILE ET PROTECTION FONCTIONNELLE,100000.0,66516400-4,Marché négocié sans publicité ni mise en concurrence préalable,20007324500017,,37983490600073,2023-12-22,
Sans concurrence,23016300,Assistance et maintenance du logiciel AIRS DELIB et prestations associées pour les besoins de la Région Normandie,100000.0,72267000-4,Marché passé sans publicité ni mise en concurrence préalable,20005340300057,,38461703100057,2023-12-21,1.0
Sans concurrence,202323V1066-0100,VA300 Forfaits remontées mécaniques station d'Auron,100000.0,22459000-2,Marché négocié sans publicité ni mise en concurrence préalable,21060088800015,,38385729900010,2023-12-19,
Sans concurrence,202323V1066-0200,VA300 Forfaits remontées mécaniques sur Isola 2000,100000.0,22459000-2,Marché négocié sans publicité ni mise en concurrence préalable,21060088800015,,38385729900010,2023-12-19,
Sans concurrence,2023054600,GHT REACTIFS ET MAINTENANCE BLUEDIVER,100000.0,33696200-7,Marché négocié sans publicité ni mise en concurrence préalable,20001803400013,,41448817100045,2023-12-18,
Sans concurrence,2023122100,"Acquisition, maintenance, fourniture de sous-ensemble, accessoires, de pièces détachées et consommables associés société MEDICAL DEVEYES",100000.0,33100000-1,Marché négocié sans publicité ni mise en concurrence préalable,26310012500016,,81956723100025,2023-12-15,
Sans concurrence,202423N0200,ASSURANCE DOMMAGE AUX BIENS DU SDIS DU GARD,100000.0,66515200-5,Marché négocié sans publicité ni mise en concurrence préalable,28300001600032,,52398039900019,2023-12-12,
Sans concurrence,2024LOGINF-00100,MAINTENANCE LOGICIELS BERGER LEVRAULT,100000.0,48900000-7,Marché négocié sans publicité ni mise en concurrence préalable,26310524900027,,75580064600209,2023-12-03,
Sans concurrence,2023090410MV00,MAINTENANCE ET CREATION D INSTALLATIONS DE SYSTEMES CONTROLE ACCES GLT,100000.0,42961100-1,Marché négocié sans publicité ni mise en concurrence préalable,24440064400013,,38452759400038,2023-11-28,
Sans concurrence,20230904100100,MAINTENANCE ET CREATION INSTALLATIONS DE SYSTEMES DE CONTROLE ACCES GLT,100000.0,42961100-1,Marché négocié sans publicité ni mise en concurrence préalable,21440132500011,,38452759400038,2023-11-28,
Sans concurrence,202398729700,MAINTENANCE ET CREATION INSTALLATIONS DE SYSTEMES DE CONTROLE ACCES GLT-HONEYWELL-PROWATCH GLT,100000.0,42961100-1,Marché passé sans publicité ni mise en concurrence préalable,21440132500011,,38452759400038,2023-11-28,
Sans concurrence,2023080000,CGA Acquisition et maintenance de tablette de communication à commande oculaire,99999.0,30000000-9,Marché négocié sans publicité ni mise en concurrence préalable,26310012500016,,83914375700012,2023-12-19,
Sans concurrence,202323V1443-0000,OD200 Construction de caveaux,99999.0,45200000-9,Marché négocié sans publicité ni mise en concurrence préalable,21060088800015,,80461712400024,2023-11-29,
Sans concurrence,2024ESPLANADE01,REAMENAGEMENT VOIRIE AVENUE EDOUARD HERRIOT ET ESPLANADE,99536.0,45453100-8,Marché négocié sans publicité ni mise en concurrence préalable,21340166400015,,32933888301912,2023-12-21,
Sans concurrence,23020200,Achat de véhicules de service urbains écologiques,99500.0,34144900-7,Marché passé sans publicité ni mise en concurrence préalable,20005340300057,,88750249000014,2023-12-26,1.0
Sans concurrence,202323M0348L0001,202323M0348L00 OPEN SOURCE COMPTAGES ROUTIERS,99500.0,72500000-0,Marché négocié sans publicité ni mise en concurrence préalable,22060001900016,,81015117500017,2023-12-08,
Sans concurrence,202323M0351L0000,202323M0351L00 - DEVELOPPEMENT LOGICIEL OPEN SOURCE DE TRACES DE MOBILITES,99500.0,72500000-0,Marché négocié sans publicité ni mise en concurrence préalable,22060001900016,,78903767800016,2023-11-28,
Sans concurrence,2023000002332000,GESTION AUTOMATISEE TEMPS ET ACTIVITES,99203.04,72514100-2,Marché négocié sans publicité ni mise en concurrence préalable,20005267800014,,84398814800014,2023-12-14,
Sans concurrence,2024 IC0100,MAC IC2425,99000.0,45120000-4,Marché négocié sans publicité ni mise en concurrence préalable,20003954300018,,48177120200035,2023-12-13,
Sans concurrence,202321100,"Mise à disposition de l'exposition intitulée ""Impact""",98998.67,92521100-0,Marché négocié sans publicité ni mise en concurrence préalable,22220001600327,,24310051800170,2023-12-08,
Sans concurrence,20232023S0012300,"Mise à disposition de l'Exposition intitulée ""Impact"" au Domaine départemental de la Roche-Jagu",98998.67,92521100-0,Marché passé sans publicité ni mise en concurrence préalable,22220001600327,,24310051800170,2023-12-08,
Sans concurrence,202398235600,Travaux de déconstruction du rez-de-chaussée du foyer logement du site de Châteaurenard,98550.0,45110000-1,Marché passé sans publicité ni mise en concurrence préalable,28130002000027,,5680300000027,2023-12-07,
Sans concurrence,2023429IN00,MUR DE SOUTENEMENT URVILLE,97195.23,45262620-3,Marché négocié sans publicité ni mise en concurrence préalable,20006541500016,,32916815700850,2023-12-18,
Sans concurrence,2023M11800,"UTILISATION, MAINTENANCE ET ASSISTANCE DU LOGICIEL ADEQUACY CORPORATE",96656.0,48612000-1,Marché négocié sans publicité ni mise en concurrence préalable,21920026800015,,44811688900024,2023-12-27,
Sans concurrence,202323VG068000,MARCHE DE PRESTATIONS AVEC LA JAVCM,96308.27,92600000-7,Marché négocié sans publicité ni mise en concurrence préalable,21030310300019,,50101637200010,2023-12-07,
Sans concurrence,202323MMC020100,TRAVAUX DE RÉPARATION DU POSTE DE RELÈVENT DE L'AIROU VER,96213.0,45262330-3,Marché négocié sans publicité ni mise en concurrence préalable,20003346200074,,42128717800220,2023-12-01,
Sans concurrence,2023M11800,"Travaux de mise aux normes, maintenance et gros entretien de la Piscine St Nicolas à LAVAL - lot n°3 : Serrurerie",95276.0,44316500-3,Marché négocié sans publicité ni mise en concurrence préalable,20008339200015,,40260324500018,2023-11-29,
Sans concurrence,2023M230173300,LOT 4 : FORMATIONS,95000.0,80533000-9,Marché négocié sans publicité ni mise en concurrence préalable,22660001300016,,34054699300668,2023-12-29,
Fournisseur unique,202371900,Hp 1634/1409/1115/1806 et#8211; alette/etaples/vacqueriette/ montreuil  -rehabilitation de logements diffus : Lot 1 : Gros oeuvre,94999.0,45223220-4,Procédure adaptée,61682020500154,,42075751000011,2023-12-26,1.0
Sans concurrence,2023168800,Prestations de support et suivi logiciel TRAUMACAD,94049.6,48180000-3,Marché négocié sans publicité ni mise en concurrence préalable,26310012500016,,53529682600014,2023-11-29,
Fournisseur unique,2023003,Marché d'assurances - Lot 1: Dommages aux biens,93393.0,66515200-5,Procédure adaptée,21840034900013,,83381722400029,2023-12-14,1.0
Sans concurrence,202398718700,Fourniture de spécialités pharmaceutiques au profit des adhérents du GCS GRAPS Grand Est - marchés négociés lot 141,92697.0,33600000-6,Marché passé sans publicité ni mise en concurrence préalable,13002682600011,,35256308400040,2023-12-21,
Sans concurrence,243234,Fourniture de spécialités pharmaceutiques au profit des adhérents du GCS GRAPS Grand Est - marchés négociés lot 141,92697.0,33600000-6,Marché passé sans publicité ni mise en concurrence préalable,13002682600011,,35256308400040,2023-12-20,1.0
Sans concurrence,2024TR0570100,DEPLACEMENT DE LA LIGNE HTA RD22 EN AGGLOMERATION,92476.36,45315400-2,Marché négocié sans publicité ni mise en concurrence préalable,21660171600014,,44460844211692,2023-12-26,
Fournisseur unique,2446393,L'opération de travaux a pour objet  la construction de 23 logements collectifs-Zac du Ponterlant à Avion: Lot 5: Métallerie,92355.0,45262670-8,Procédure adaptée,32791063400069,,84429515400018,2023-12-21,1.0
Fournisseur unique,24991698,Hp 4003 â hazebrouck â travaux de maintenance de 18 logements individuels pour le compte de l'onv,91838.0,45261210-9,Procédure adaptée,61682020500154,,83350815300016,2023-12-26,1.0
Sans concurrence,2023142400,MONITORAT TIERCE RECETTE APPLICATIVE (TRA),91800.0,72590000-7,Marché négocié sans publicité ni mise en concurrence préalable,22340001100076,,42147916300030,2023-12-18,
Sans concurrence,202306602,PARKING HALLE SAINT BONNET ETAIEMENT,91760.0,45223300-9,Marché négocié sans publicité ni mise en concurrence préalable,21180033900882,,33405736100423,2023-12-08,
Sans concurrence,2023M11600,LOGICIEL PRINEO- MAINTENANCE ET ACHAT DE MODULES ET PRESTATIONS COMPLEMENTAIRES,91751.6,48219300-9,Marché négocié sans publicité ni mise en concurrence préalable,21920026800015,,41177545500040,2023-12-26,
Sans concurrence,2023730000,Assurance lot 3 - DAB eau et assainissement,91529.34,66510000-8,Marché négocié sans publicité ni mise en concurrence préalable,20004027700010,,49345138900016,2023-12-22,
Sans concurrence,2023-020NEGFO00,Fourniture et pose de chapiteaux,91039.14,39522530-1,Marché négocié sans publicité ni mise en concurrence préalable,21640129900013,,38790272900079,2023-11-29,
Sans concurrence,202407,Souscription de contrats d'assurances du groupement de commandes constitué entre la Ville de Saint-Fargeau-Ponthierry et le CCAS: Lot 5 : Assurance Do,90998.0,66515000-3,Marché passé sans publicité ni mise en concurrence préalable,21770407100166,,83381722400029,2023-12-28,1.0
Sans concurrence,202398741682,"Prestations de fourniture pour la mise en oeuvre de réseaux locaux LAN-WLAN, téléphone, serveurs informatiques, sécurité WAN, maintenance et infogéran",90932.0,72700000-7,Marché passé sans publicité ni mise en concurrence préalable,30346915900089,,41995278300076,2023-12-26,
Fournisseur unique,249890259,Travaux de construction d'une bibliothèque communale à Thoiry: Lot 9: Electricité cfo/cfa - SSI,90466.0,45000000-7,Procédure adaptée,21010419600014,,51151898700033,2023-12-13,1.0
Sans concurrence,2023JU03300,ASSURANCES CYBER-RISQUES POUR LE SDIS07,90335.5,66519300-4,Marché négocié sans publicité ni mise en concurrence préalable,28071200100013,,33517109600035,2023-12-19,
Sans concurrence,2023S0375MMNOC00,MAINTENANCE DU LOGICIEL DE GESTION DE L INFORMATION DU LABORATOIRE,90000.0,48461000-7,Marché négocié sans publicité ni mise en concurrence préalable,25670115200025,,79440613200017,2023-12-20,
Sans concurrence,20232023ABC0300,CONTRAT DE MAINTENANCE DU LOGICIEL eCONCEPT,90000.0,72267100-0,Marché négocié sans publicité ni mise en concurrence préalable,26780173600021,,48425506200016,2023-12-11,
Sans concurrence,2023DM04800,Traitement hivernal des itinéraires principaux des routes Départementales de l'Isère - circuit TOI-IP-06,90000.0,90620000-9,Marché négocié sans publicité ni mise en concurrence préalable,22380001200013,,88494353100019,2023-12-08,
Sans concurrence,20231410200,Achat d'espaces publicitaires Achat de prestations auprès de clubs sportifs saison 2023-2024 Lot n°2,89850.0,79341000-6,Marché négocié sans publicité ni mise en concurrence préalable,22820001000012,,79378588200010,2023-12-06,
Sans concurrence,2023_06200,"PRESTATION HERBEGEMENT ET MAINTENANCE, DE FORMATION, D ETUDES ET DE DEVELOPPEMENT COMPLEMENTAIRES POUR LES SITES INTERNET SDIS06.FR ET FOURNITURE DE C",89000.0,72212220-7,Marché négocié sans publicité ni mise en concurrence préalable,28060051100024,,34503941600713,2023-12-26,
Sans concurrence,20231267600,REALISATION ET DIFFUSION EMISSION TV GASTRONOMIE DES HAUTS DE FRANCE,89000.0,92000000-1,Marché négocié sans publicité ni mise en concurrence préalable,20005374200017,,52919428400020,2023-12-18,
Sans concurrence,202323035MC0000,"CONTRAT DE MAINTENANCE GRH ET GF SEDIT, CONTRAT DE SERVICES GRH GF SEDIT VS INCLUS, CONTRAT DE SERVICES VEILLE STATUTAIRE",88417.23,72267100-0,Marché négocié sans publicité ni mise en concurrence préalable,21130103100012,,75580064600373,2023-12-29,
Sans concurrence,2023PA22090200,PA2209 MS N°2 - AMENAGEMENT D'UNE AIRE WORKOUT PARC GRAND NOBLE ET UNE AIRE DE JEUX PLACE CATALOGNE,88125.62,45112723-9,Marché négocié sans publicité ni mise en concurrence préalable,21310069600011,,95055732200134,2023-12-22,
Sans concurrence,249895291,Passation d'un marché d'assurance pour les besoins de la commune (CCAS inclus): Lot 01: Dommages aux biens mobiliers et immobiliers,88052.0,66515000-3,Marché passé sans publicité ni mise en concurrence préalable,21840138800010,,83381722400029,2023-12-28,1.0
Sans concurrence,202323016800,MAINTENANCE ET PRESTATIONS COMPLEMENTAIRES DE LA PLATEFORME PROFIL ACHETEUR AWS,88000.0,72268000-1,Marché négocié sans publicité ni mise en concurrence préalable,22650001500012,,44392887400066,2023-12-20,
Sans concurrence,202323016500,CONTRAT DE MAINTENANCE MATERIELS ET LOGICIELS KONICA-MINOLTA,88000.0,72267000-4,Marché négocié sans publicité ni mise en concurrence préalable,22650001500012,,30269561400354,2023-12-06,
Sans concurrence,202398716900,Fourniture de spécialités pharmaceutiques au profit des adhérents du GCS GRAPS Grand Est - marchés négociés lot 97,87059.0,33600000-6,Marché passé sans publicité ni mise en concurrence préalable,13002682600011,,81058510900020,2023-12-26,
Fournisseur unique,249951501,"Contrats d'assurances: Lot 1: Assurance "" Dommages aux biens et risques annexes """,86866.0,66515200-5,Appel d'offres ouvert,24600087100060,,78941468700028,2023-12-18,1.0
Fournisseur unique,20230194,"Appui à l'animation, au dynamisme et à l'efficacité du Conseil Régional des Jeunes de Normandie",86530.0,79310000-0,Procédure adaptée,20005340300057,,50267484900026,2023-12-15,1.0
Sans concurrence,243226,Fourniture de spécialités pharmaceutiques au profit des adhérents du GCS GRAPS Grand Est - marchés négociés lot 97,85269.0,33600000-6,Marché passé sans publicité ni mise en concurrence préalable,13002682600011,,81058510900020,2023-12-20,1.0
Sans concurrence,2023016400,Achat de prestations de communication et de visibilité auprès de la SAS Quevilly Rouen Métropole pour la saison 2023 2024 de l'US Quevilly Rouen Métro,85204.0,92600000-7,Marché passé sans publicité ni mise en concurrence préalable,20005340300057,,81113910400020,2023-12-08,
Sans concurrence,2024MAINTSYGE100,MAINTENANCE GEOLOCALISATION VEHICULES + ENTRETIEN CAMERA + investissement,85000.0,72254000-0,Marché négocié sans publicité ni mise en concurrence préalable,20006880700078,,97945161400015,2023-12-12,
Sans concurrence,2023B14900,MAINTENANCE ASSISTANCE HEBERGEMENT DE LA SOLUTION LOGICIELLE LITTERALIS EXPERT DE GESTION ET DE SUIVI DES ARRETES D OCCUPATION DU DOMAINE PUBLIC DE CI,84990.0,72267100-0,Marché négocié sans publicité ni mise en concurrence préalable,20002715900017,,43299378000043,2023-12-01,
Sans concurrence,2023EA204100,MAINTENANCE & PRESTATIONS ASSOCIEES DU LOGICIEL LIAWEB,84500.0,72267100-0,Marché négocié sans publicité ni mise en concurrence préalable,22090001300016,,75086744200030,2023-11-28,
Sans concurrence,202323076900,P1 MAINTENANCE DES MACHINES ET EQUIPEMENTS TECHNIQUES DU PARC ROULANT DE LA VILLE DE CANNES,84000.0,50530000-9,Marché négocié sans publicité ni mise en concurrence préalable,21060029200010,,50228155300029,2023-11-29,
Sans concurrence,202012-1900,LOT 19: bassin de rétention des eaux pluviales,83280.0,45000000-7,Marché négocié sans publicité ni mise en concurrence préalable,21060059900018,,80461712400016,2023-12-04,
Sans concurrence,2023186A00,CD SIEGE REMPLACEMENT ASCENSEUR N 3,83177.11,45313100-5,Marché négocié sans publicité ni mise en concurrence préalable,22390001000362,,59205230202504,2023-12-28,
Sans concurrence,20231265500,PROGICIEL SUIPI REPRESENTATIONS MAINTENANCE ET PRESTATIONS DE SERVICES,82000.0,72267100-0,Marché négocié sans publicité ni mise en concurrence préalable,20005374200017,,33922000600078,2023-12-12,
Sans concurrence,2023DI1800,MAINTENANCE DU PROGICIEL MARCOWEB,81216.0,72267000-4,Marché négocié sans publicité ni mise en concurrence préalable,22070001700019,,34927581800061,2023-12-26,
Fournisseur unique,24988128,Souscription et exécution du contrat d'assurances Dommages aux biens et risques annexes,80010.0,66515200-5,Procédure adaptée,20005323900014,,38384469300887,2023-12-05,1.0
Sans concurrence,2024MA024300,"Droits d?utilisation, d?hébergement et d?assistance du progiciel Marco en mode hébergé (SaaS)",80000.0,72267000-4,Marché négocié sans publicité ni mise en concurrence préalable,25310098600046,,34927581800061,2023-12-29,
Sans concurrence,2023173101,Acquisition des systèmes d?archivage de blocs de paraffine et de lames anatomocytopathologie au CRB Cancer,80000.0,33100000-1,Marché négocié sans publicité ni mise en concurrence préalable,26310012500016,,34282043800030,2023-12-21,
Sans concurrence,202400023SA00200,GLOG - FOURNITURE DE PIECES DETACHEES D4ACCESSOIRES ET TRAVAUX DE REPARATION SUR LES ENGINS DE DENEIGEMENT DE MARQUE SCHMIDT ET EUROPE SERVICE ENTRETE,80000.0,34300000-0,Marché négocié sans publicité ni mise en concurrence préalable,28691200100042,,38388818700028,2023-12-11,
Sans concurrence,2023CD008600000,"Maintenance, acquisition et prestations du logiciel de gestion des Ouvrages d'art AREO",80000.0,72267000-4,Marché négocié sans publicité ni mise en concurrence préalable,22030001600080,,45066344800030,2023-12-01,
Sans concurrence,2023F23CARB200,FOURNITURE DE CARBURANTS TOUS TYPES POUR LA COMMUNAUTE DE COMMUNES ALBERES COTE VERMEILLE ILLIBERIS pour le site de stationnement des véhicules de Por,80000.0,09134000-7,Marché négocié sans publicité ni mise en concurrence préalable,20004360200016,,52824980800023,2023-12-01,
Fournisseur unique,2023S08sepL6,Prestations de nettoyage des locaux de la Communauté de Communes : Lot 6 : Nettoyage des Gîtes de la Calonne,80000.0,90911100-7,Appel d'offres ouvert,20007011800019,,37884819600069,2023-12-15,1.0
Sans concurrence,2023O539800,Achat des droits du film l'Etrange Noël de Mr.Jack,79000.0,92320000-0,Marché négocié sans publicité ni mise en concurrence préalable,21690123100011,,,2023-12-06,
Fournisseur unique,249985021,"Passation de marchés d'assurances pour les besoins de la communauté de communes du pays de craon et du c.i.a.s du pays de craon, dans le cadre du grou",78763.0,66515000-3,Appel d'offres ouvert,20004855100010,,30130960500410,2023-12-21,1.0
Fournisseur unique,249923724,RÉHABILITATION DE 63 LOGEMENTS  RUE DES LILAS A CASTRES: Lot 4: RÉHABILITATION DE 63 LOGEMENTS  RUE DES LILAS A CASTRES - lot 4 portes palières,78187.0,44221200-7,Procédure adaptée,50227332900024,,48847986600037,2023-11-30,1.0
Fournisseur unique,249954963,Services d'assurances pour la Commune de L'Union: Lot 3: Assurance des véhicules à moteur et des risques annexes,78059.0,66514110-0,Appel d'offres ouvert,21310561200013,,30130960500410,2023-12-27,1.0
Sans concurrence,20232023-57ALG00,Location de bâtiments modulaires,77718.48,39151300-8,Marché négocié sans publicité ni mise en concurrence préalable,24090039900017,,68555065900179,2023-12-11,
Fournisseur unique,249911853,Hp 1634/1409/1115/1806 et#8211; alette/etaples/vacqueriette/ montreuil  -rehabilitation de logements diffus : Lot 3 : couverture,77570.0,45261210-9,Procédure adaptée,61682020500154,,42075751000011,2023-12-26,1.0
Sans concurrence,202324-0000800,AC-MONO ATTRIBUTAIRE GPMT DE COMMANDE RELATIF AUX  EVOLUTIONS APPLICATIVES D'UNE SOLUTION DE TELETRANSMISSION,77250.0,72212422-3,Marché négocié sans publicité ni mise en concurrence préalable,21930066200018,,48847870200035,2023-12-19,
Sans concurrence,20230131200,ESTAC - PROMOTION DE L'INSTITUTION REGIONALE DANS LE CADRE DE MANIFESTATIONS SPORTIVES DE CHAMPIONNA,77160.0,79341200-8,Marché négocié sans publicité ni mise en concurrence préalable,20005226400013,,41938899600045,2023-12-04,
Sans concurrence,20232315800,MAINTENANCE DU LOGICIEL REGARDS EN MODE SAAS POUR LA VILLE D'AIX EN PROVENCE PRESTATIONS TECHNIQUES,76293.28,72267000-4,Marché négocié sans publicité ni mise en concurrence préalable,21130001700012,,38168152700085,2023-12-18,
Fournisseur unique,249911886,Hp 1634/1409/1115/1806 et#8211; alette/etaples/vacqueriette/ montreuil  -rehabilitation de logements diffus : Lot 6 : Electricité,75428.0,45310000-3,Procédure adaptée,61682020500154,,87884477800018,2023-12-26,1.0
Fournisseur unique,249954952,Services d'assurances pour la Commune de L'Union: Lot 2: Assurance des responsabilités et des risques annexes,75361.0,66516000-0,Appel d'offres ouvert,21310561200013,,34153981500025,2023-12-27,1.0
Sans concurrence,202307600,FOURNITURE DE MATS POUR L ECLAIRAGE PUBLIC,75250.0,34928510-6,Marché négocié sans publicité ni mise en concurrence préalable,21180033900882,,52890204200027,2023-12-08,
Sans concurrence,202318LC100,TRAVAUX RESEAU EAU POTABLE JARDINS FAMILIAUX,74982.0,44162500-8,Marché négocié sans publicité ni mise en concurrence préalable,21370122000013,,84066182100016,2023-12-05,
Sans concurrence,20231480000,Novalia Montauban Rénovation de l'ascenseur du bâtiment Novalia,74200.0,45313100-5,Marché négocié sans publicité ni mise en concurrence préalable,22820001000012,,38371167801639,2023-12-07,
Sans concurrence,20230140700,LETTRE DE COMMANDE UGAP LOCATION ANNUELLE DE LICENCES CHEZ L'EDITEUR ADOBE,73449.77,72212218-0,Marché négocié sans publicité ni mise en concurrence préalable,20005226400013,,77605646700819,2023-11-27,
Sans concurrence,2023C197000,PRESTATIONS DE SERVICES ESCAPE GAME H2O,73000.0,98390000-3,Marché négocié sans publicité ni mise en concurrence préalable,24871931200162,,39988425300036,2023-12-29,
Sans concurrence,2023G2300100,MAINTENANCE ET GESTION DU LOGICIEL DE GESTION DES STRUCTURES ENFANCE ET JEUNESSE DU POLE DE PROXIMITE DU VAL DE SAIRE,72920.0,72267000-4,Marché négocié sans publicité ni mise en concurrence préalable,20006720500019,,35142130000036,2023-11-28,
Fournisseur unique,2498964714,Maintenance des 900 000 km de 22 rames de tramways de type Citadis 302 et de marque Alstom du réseau de Soléa: Lot 14: Centrales hydrauliques,72635.0,50222000-7,Procédure avec négociation,94555101800019,,9578172000040,2023-11-27,1.0
Fournisseur unique,2024MA1230042,Marché 24-MA1-23004-Lot2-Maintenance et entretien périodique des systèmes de sécurité incendie,72460.0,50000000-5,Procédure adaptée,50157795100012,,41475251901216,2023-12-28,1.0
Sans concurrence,202309_23L0900,Lot 09 - Viande de volaille fraiche,72000.0,15112100-7,Marché négocié sans publicité ni mise en concurrence préalable,21971128000012,,44133059400017,2023-12-21,
Fournisseur unique,249887933,FOURNITURE DE DENREES ALIMENTAIRES POUR LA RESTAURATION COLLECTIVE DE LA CAISSE DES ECOLES DU 18ème ARR. DE PARIS: Lot 3: Charcuterie et viande de por,72000.0,15000000-8,Appel d'offres ouvert,26750038700019,,52722006500041,2023-12-21,1.0
Sans concurrence,2023DI0700,MAINTENANCE DU PROGICIEL AREO,71600.0,72267000-4,Marché négocié sans publicité ni mise en concurrence préalable,22070001700019,,45066344800030,2023-12-18,
Fournisseur unique,249920472,Hp 1664/403 et#8211; saint etienne au mont - travaux de maintenance de 27 logements individuels : Lot 2 : Couverture,70757.0,45261210-9,Procédure adaptée,61682020500154,,83350815300016,2023-12-20,1.0
Fournisseur unique,2023B02,Marché de service relatif à la prestation d'assurance pour les besoins de la Caisse de Crédit Municipal de Bordeaux: Lot 2: Dommages aux biens et risq,70390.0,66515200-5,Appel d'offres ouvert,26330636700016,,49083908100018,2023-12-22,1.0
Sans concurrence,202420240030100,LOT 1 : ACCUEIL ET ACCOMPAGNEMENT PERSONNES PRIVEES D'EMPLOI,70000.0,75231240-8,Marché négocié sans publicité ni mise en concurrence préalable,21630430300011,,90779645200015,2023-12-13,
Fournisseur unique,241003646,Entretien et maintenance des installations publiques de télédistribution: Lot 1 : Entretien et maintenance des installations publiques de télédistribu,70000.0,50341200-9,Procédure adaptée,21910573100133,,38431307800063,2023-12-18,1.0
Fournisseur unique,241001614,MOe pour des Travaux - Protection de berges - Aménagement de berges au droit d'enjeux Mas-Cabardès et Miraval-Cabardès (11).,70000.0,71300000-1,Procédure adaptée,20007346800015,,31924273100366,2023-11-30,1.0
Sans concurrence,202323PFNEGO3300,Création d'une plateforme Pélicandrome,69930.0,45000000-7,Marché négocié sans publicité ni mise en concurrence préalable,28880001400020,,80764188100014,2023-12-12,
Fournisseur unique,24988263,Assurances Dommages aux Biens,69381.0,66515200-5,Procédure adaptée,20006854200105,,77983836600028,2023-11-27,1.0
Sans concurrence,2023M23030100,LOT 3 - ELECTRICITE - RENOVATION DU PLATEAU MULTISPORTS ET CONSTRUCTION D?UNE COUVERTURE SPORTIVE A JOINVILLE,68584.18,45311200-2,Marché négocié sans publicité ni mise en concurrence préalable,21974011500015,,84104764000021,2023-12-15,
Sans concurrence,2023240400100,TRAVAUX D'ETANCHEITE POUR LA REFECTION DE LA TOITURE DE L'ECOLE ALEXIUS DELACROIX,68006.8,45261420-4,Marché négocié sans publicité ni mise en concurrence préalable,21971107400019,,51014826500026,2023-12-29,
Sans concurrence,202309_23L1000,Lot 10 - viande de volaille fraiche,68000.0,15111000-9,Marché négocié sans publicité ni mise en concurrence préalable,21971128000012,,44133059400017,2023-11-28,
Fournisseur unique,249931944,Contrat d'entretien des installations des résidences du patrimoine de Brive Habitat: Lot 04: Extincteurs désenfumage colonnes sèches,67964.0,24951220-3,Appel d'offres ouvert,27190310600026,,66200521401783,2023-12-12,1.0
Sans concurrence,20242023343400,LOT01 LIVRES NON SCOLAIRES P/MEDIATHEQUE,67500.0,22113000-5,Marché négocié sans publicité ni mise en concurrence préalable,21670348800017,,37874280300034,2023-12-19,
Sans concurrence,2023000001310700,EVALUER L'EFFET ILOTS DE CHALEUR URBAINS ET L'IMPACT DES PROJETS D'AMENAGEMENT,67000.0,72600000-6,Marché négocié sans publicité ni mise en concurrence préalable,23450002300028,,83238073700029,2023-12-08,
Sans concurrence,2024M4B0033DG00,"Location, mise en place et exploitation de matériel de sonorisation et d'éclairage",66888.8,32342410-9,Marché négocié sans publicité ni mise en concurrence préalable,24340001700022,,88495456100012,2023-12-06,
Sans concurrence,2023152TX00,Tx plomberie Clairière,66140.79,45330000-9,Marché négocié sans publicité ni mise en concurrence préalable,28250001600021,,82149972000034,2023-12-19,
Sans concurrence,20232322TVX00,Aménagement du square du Belem,65768.0,45112711-2,Marché passé sans publicité ni mise en concurrence préalable,21440204200110,,49093823000029,2023-12-04,
Fournisseur unique,24231275,Travaux de réhabilitation et d'extension de l'internat du Centre Hospitalier Verdun Saint-Mihiel. Lot 03 : Couverture â Zinguerie â Etanchéité - B,65000.0,45211200-1,Procédure adaptée,20003978200012,,50493583400037,2023-12-11,1.0
Sans concurrence,202323DST031000,Mise conformite electrique groupe scolaire Mermoz,64577.52,45311000-0,Marché négocié sans publicité ni mise en concurrence préalable,21310395500018,,83374835300038,2023-11-29,
Sans concurrence,202398564100,Assurance des dommages aux biens et risques annexes pour Pays de Blain Communauté,64418.0,66515000-3,Marché passé sans publicité ni mise en concurrence préalable,24440045300035,,38384469300887,2023-12-20,
Sans concurrence,2023015300,Location 5 véhicules électriques NHN,63611.0,34144900-7,Marché passé sans publicité ni mise en concurrence préalable,26270874600215,,32989236800021,2023-12-11,
Sans concurrence,20232300051500,Maintenance et prestations associées de la borne de gestion des stations carburant et lavage,63120.0,72267100-0,Marché négocié sans publicité ni mise en concurrence préalable,21300189400012,,31365916100050,2023-12-20,
Sans concurrence,20242024-0100,Matériel nautique : catamaran RS CAT14,62954.17,34522100-3,Marché négocié sans publicité ni mise en concurrence préalable,25430009800020,,51794043300025,2023-12-15,
Sans concurrence,202423MT06100,Gros uvre,62516.76,45223220-4,Marché négocié sans publicité ni mise en concurrence préalable,21971115700012,,52137180700020,2023-12-21,
Sans concurrence,2023V3B0049DC00,ZAT SPECTACLE INSTALLATION DE FEU LE 21 DECEMBRE,62100.0,92312000-1,Marché négocié sans publicité ni mise en concurrence préalable,21340172201787,,40306304300026,2023-12-06,
Sans concurrence,202315950000000,"Infogérance, maintenance et évolutions de la solution de gestion des dotations globales de fonctionnement des collèges SCHOLA et prestations associées",61600.0,72267100-0,Marché négocié sans publicité ni mise en concurrence préalable,22590001801244,,33527337100096,2023-12-22,
Sans concurrence,2023231420400,REHABILITATION DES SANITAIRES DE LECOLE PAUL LANGEVIN,61550.0,45453000-7,Marché négocié sans publicité ni mise en concurrence préalable,21974008100019,,52861523000026,2023-12-01,
Sans concurrence,249885212,Passation de marchés d'assurances pour les besoins de la Société Publique Aéroportuaire Régionale (SPLAR): Lot 2: Flotte véhicules et risques annexes,61198.0,66514110-0,Marché passé sans publicité ni mise en concurrence préalable,85282836700015,,49184932900058,2023-12-28,1.0
Sans concurrence,2023RENENERBAT00,Travaux chauffage plomberie divers bâtiments (rénovation énergetique),60614.2,45331000-6,Marché négocié sans publicité ni mise en concurrence préalable,21600104000015,,45650053706585,2023-12-06,
Fournisseur unique,249890226,Travaux de construction d'une bibliothèque communale à Thoiry: Lot 6: Plâtrerie - Peintures intérieures,60379.0,45410000-4,Procédure adaptée,21010419600014,,30990409200041,2023-12-13,1.0
Sans concurrence,2023000000018100,ASSURANCES DOMMAGES AUX BIENS,60000.0,66515200-5,Marché négocié sans publicité ni mise en concurrence préalable,20007324500017,,37983490600073,2023-12-22,
Sans concurrence,20232023DSI03000,MAINTENANCE ET PRESTATIONS COMPLEMENT.BERGER LEVRAULT,60000.0,72267000-4,Marché négocié sans publicité ni mise en concurrence préalable,21830115800018,,75580064600381,2023-12-21,
Sans concurrence,2023202368100,ACQUISITION DE LIVRES NON SCOLAIRES POUR LES MEDIATHEQUES D'EPERNAY,60000.0,22113000-5,Marché négocié sans publicité ni mise en concurrence préalable,20006768400015,,52868760100021,2023-12-21,
Sans concurrence,2024202313000100,CENTRE AQUATIQUE - TRAVAUX SUR SAUNA EXISTANT,60000.0,45211370-3,Marché négocié sans publicité ni mise en concurrence préalable,24690075700039,,48322514000043,2023-12-20,
Sans concurrence,2023Z232233A0000,FOURNITURE ET LIVRAISON DE MATERIEL PERMETTANT LA MISE EN OEUVRE D'UNE OFFRE D'AUDIODESCRIPTION  DES EVENEMENTS SPORTIFS OU CULTURELS A UN PUBLIC DEFI,60000.0,45223720-9,Marché négocié sans publicité ni mise en concurrence préalable,20005480700017,,31761583900022,2023-12-12,
Sans concurrence,2023V3N51200AU00,PRESTATIONS D ACCES D HEBERGEMENT DE DROIT D USAGE ET ASSISTANCE AU LOGICIEL ADELYCE ET SERVICES ASSOCIES,60000.0,72260000-5,Marché négocié sans publicité ni mise en concurrence préalable,21870850100018,,50127196900021,2023-12-08,
Fournisseur unique,24995854,Fourniture de repas cuisinés en liaison froide pour les Accueils Collectifs de Mineurs (ACM) les mercredis récréatifs et vacances scolaires.,60000.0,55521200-0,Procédure adaptée,21620178000014,,24620063800145,2023-12-28,1.0
Sans concurrence,202320230165-P00,REHABILITATION DU SYSTEME D'EVACUATION DES EAUX PLUVIALES DE LA MAIRIE ANNEXE KAWENI,59900.0,33711100-8,Marché négocié sans publicité ni mise en concurrence préalable,20000883700011,,2407552500014,2023-12-26,
Sans concurrence,2023IN03400,FORMATIONS LOGICIELS E-SEDIT RH/GF + DECI,59666.6,80533100-0,Marché négocié sans publicité ni mise en concurrence préalable,28071200100013,,75580064600373,2023-12-15,
Sans concurrence,2023LO03101,MARCHE COMPLEMENTAIRE : ENFOUISSEMT CUVES INCENDIE,59636.09,45112500-0,Marché négocié sans publicité ni mise en concurrence préalable,28071200100013,,38893928200017,2023-11-30,
Sans concurrence,2023LO03100,MARCHE COMPLEMENTAIRE : ENFOUISSEMT CUVES INCENDIE,59636.09,45112500-0,Marché négocié sans publicité ni mise en concurrence préalable,28071200100013,,38893928200017,2023-11-30,
Fournisseur unique,249983073,Acquisition de 5 véhicules pour les besoins de la CIVIS.: Lot 3: Acquisition d'automobiles de segment B électriques,58341.0,34110000-1,Procédure adaptée,24974007700048,,47967345100023,2023-12-21,1.0
Sans concurrence,2023050400,RENFORCEMENT CHAUSSEES HORS AGGLOMERATION/COEUR DE BOURG,58069.23,45233228-3,Marché négocié sans publicité ni mise en concurrence préalable,21220166900018,,72202858600252,2023-12-06,
Sans concurrence,20232023051BG00,LOT2 FONDATIONS SPECIALES TRX RENOVATION SALLE LES OREADES MONTSURS,58017.46,45262210-6,Marché négocié sans publicité ni mise en concurrence préalable,20003329800015,,30864849200038,2023-11-29,
Sans concurrence,2023S0080000,Prestations de maintenance applications et logiciels édités ou fournis par ANTIBIA prestations de formation assistance,58009.76,72267000-4,Marché négocié sans publicité ni mise en concurrence préalable,28050006700028,,34263913500033,2023-12-29,
Fournisseur unique,202300112,Marché Public pour l'aménagement et la rénovation des intérieurs et extérieurs du Seaquarium: Lot 2: Menuiserie,57970.0,45421000-4,Procédure adaptée,33791211700047,,32928568800035,2023-12-19,1.0
Fournisseur unique,2023004,Marché d'assurances - Lot 2: Flotte automobile et auto-mission,57917.0,66514110-0,Procédure adaptée,21840034900013,,83381722400029,2023-12-27,1.0
Sans concurrence,20232321TVX00,Réfection de l'éclairage sportif,57679.0,45316100-6,Marché passé sans publicité ni mise en concurrence préalable,21440204200110,,40985159900509,2023-12-04,
Sans concurrence,20232305100,EXECUTION DES PRESTATIONS DE MAINTENANCE ET DE PRESTATIONS COMPLEMENTAIRES POUR LE LOGICIEL POSEIDON-ACTES,57495.08,72267000-4,Marché négocié sans publicité ni mise en concurrence préalable,20003991500018,,30698807200063,2023-12-22,
Fournisseur unique,2023B04,Marché de service relatif à la prestation d'assurance pour les besoins de la Caisse de Crédit Municipal de Bordeaux: Lot 4: Flotte automobile et risqu,57350.0,66514110-0,Appel d'offres ouvert,26330636700016,,83381722400029,2023-12-22,1.0
Sans concurrence,2023I84700,TRAVAUX DE PEINTURE ET TRAITEMENT DES FACADES POUR REHABILITATION DE LA MEDIATHEQUE,57130.0,44111400-5,Marché négocié sans publicité ni mise en concurrence préalable,21971113200015,,44780675300011,2023-12-19,
Sans concurrence,202324M10001F-00,ACCOMPAGNEMENT D'EXPERTS PERMANENT A L'ANALYSE FINANCIERE ET FISCALE,56713.5,79412000-5,Marché négocié sans publicité ni mise en concurrence préalable,21300007800013,,38168152700101,2023-12-22,
Sans concurrence,20232316000,TRAVAUX SECURITE AQUEDUC CORTESINE,56320.24,45262330-3,Marché négocié sans publicité ni mise en concurrence préalable,21130001700012,,57262171200064,2023-12-08,
Sans concurrence,2023DI1600,MAINTENANCE DU PROGICIEL EDUCFACILE,56192.0,72267000-4,Marché négocié sans publicité ni mise en concurrence préalable,22070001700019,,42357753500036,2023-12-19,
Sans concurrence,202323V1361-0000,IA200 ACHAT DE JOURNAUX PERIODIQUES EN KIOSQUE POUR LE SERVICE PRESSE DE LA VILLE DE NICE,56000.0,22200000-2,Marché négocié sans publicité ni mise en concurrence préalable,21060088800015,,37823365400029,2023-12-12,
Sans concurrence,20232023-24-200,Assurance « Flotte automobile et risques annexes »,55396.2,66514110-0,Marché négocié sans publicité ni mise en concurrence préalable,26060030900017,,83381722400029,2023-12-27,
Sans concurrence,2023000000005200,Travaux de remplacement d'une chaudière à la piscine de la CCBS,55110.9,45331110-0,Marché négocié sans publicité ni mise en concurrence préalable,20004035000015,,54582009400039,2023-12-06,
Sans concurrence,20232023244301,CONVENTION SICTIAM 2024-PLAN DE SERVICES,55054.0,72267100-0,Marché négocié sans publicité ni mise en concurrence préalable,22830001800113,,25060187900043,2023-12-26,
Sans concurrence,20231268200,MAINTENANCE ET PRESTATIONS DE SERVICES GESTION DES ARCHIVES - AVENIO,55000.0,72267100-0,Marché négocié sans publicité ni mise en concurrence préalable,20005374200017,,40190765400032,2023-12-28,
Sans concurrence,2023BOII01700100,(CPP) MAINTENANCE ET ASSISTANCE GESTION RH PAIE INDEMNISATION DU SDIS,55000.0,72514300-4,Marché négocié sans publicité ni mise en concurrence préalable,28421024200020,,75580064600373,2023-12-05,
Fournisseur unique,2023C02,"Prestations de prisées, renouvellements et ventes aux enchères publiques judiciaires du Crédit Municipal de Bordeaux en ses agences de prêts sur gages",55000.0,79957000-7,Appel d'offres ouvert,26330636700016,,80489489700037,2023-12-29,1.0
Sans concurrence,202307700,ILLUMINATIONS ARTISTIQUES DE NOEL 2023,54734.48,92311000-4,Marché négocié sans publicité ni mise en concurrence préalable,21180033900882,,,2023-12-11,
Sans concurrence,202398280900,SOUSCRIPTION ET GESTION DES CONTRATS D'ASSURANCES: Lot 1 : ASSURANCE DOMMAGES AUX BIENS,54244.0,66510000-8,Marché passé sans publicité ni mise en concurrence préalable,21840035600018,,37983490600073,2023-12-11,
Fournisseur unique,2410095461,PATRIMOINE DE PROMOCIL - Travaux d'Entretien Courant Agences: Lot 1: Secteur SAMBRE - Toutes agences - Chaudronnerie Serrurerie,54000.0,45262400-5,Appel d'offres ouvert,44552039800030,,38022684500036,2023-12-04,1.0
Sans concurrence,24992830,Travaux sur le réseau AEP du Hameau de la Barre commune de Saint Maurice Navacelles,53995.0,45231110-9,Marché passé sans publicité ni mise en concurrence préalable,20001734100120,,42043563800010,2023-12-11,2.0
Fournisseur unique,2499066717,Construction d'un groupe scolaire et de salles associatives sur le Parc Mulonnière à Orvault.: Lot 17: PANNEAUX PHOTOVOLTAÏQUES,53671.0,09331200-0,Appel d'offres ouvert,21440114300018,,47880428900021,2023-12-21,1.0
Sans concurrence,20230045100,"PARTENARIAT DE VALORISATION DE LA REGION GRAND EST DANS LE CADRE DU SALON ""THE MIX"" les 14 et 15 décembre 2023",53533.33,79952000-2,Marché négocié sans publicité ni mise en concurrence préalable,20005226400013,,49315231800017,2023-11-29,
Sans concurrence,2024M202322100,TRAVAUX D'INSTALLATION D'UNE STATION DE FITNESS,53006.6,45212200-8,Marché négocié sans publicité ni mise en concurrence préalable,21770514400012,,71850052300011,2023-12-19,
Sans concurrence,202309_23L1700,Lot 17 - Autres conserves appertisées,52000.0,15131000-5,Marché négocié sans publicité ni mise en concurrence préalable,21971128000012,,78574231300147,2023-12-20,
Sans concurrence,202309_23L0800,Lot 08 - Viande porcine fraiche,52000.0,15113000-3,Marché négocié sans publicité ni mise en concurrence préalable,21971128000012,,44133059400017,2023-11-28,
Sans concurrence,202320230143-P00,LEPROJET CONSISTE EN ECHANGE INTER JEUNE ENGAGES ENTRE LE COSEIL MUNICIPAL DES JEUNES ET LE NATIONAL YOUTH COUNCIL DE L'ILE MAURICE,50794.47,34980000-0,Marché négocié sans publicité ni mise en concurrence préalable,20000883700011,,9413661100012,2023-12-05,
Sans concurrence,20231253900,CONTRAT DE MAINTENANCE TELIOS,50732.12,72267000-4,Marché négocié sans publicité ni mise en concurrence préalable,20005374200017,,83149820900053,2023-11-29,
Fournisseur unique,24988440,Entretien et maintenance (P2) des systèmes individuels de chauffage et production d'eau chaude sanitaire de 30 groupes du Patrimoine de MEDUANE HABITA,50700.0,39715000-7,Procédure adaptée,55655032500030,,30134058406761,2023-12-06,1.0
Sans concurrence,2023M23031200,MARCHE SIMILAIRE PORTANT SUR LES PRESTATIONS D?ENTRETIEN DES ESPACES VERTS DU BARACHOIS,50686.68,77310000-6,Marché négocié sans publicité ni mise en concurrence préalable,21974011500015,,83505812400016,2023-12-18,
Sans concurrence,2023I84600,REALISATION D'UNE OEUVRE SCULPTURALE MONUMENTALE EN HOMMAGE A ETIENNE MOLIA,50432.0,45220000-5,Marché négocié sans publicité ni mise en concurrence préalable,21971113200015,,41226738700014,2023-12-12,
Sans concurrence,2023M23031800,MS4 AU LOT 6,50091.76,48000000-8,Marché négocié sans publicité ni mise en concurrence préalable,21974011500015,,48903112000020,2023-12-26,
Sans concurrence,2023O541900,Coproduction du spectacle Le Mandat,50000.0,92320000-0,Marché négocié sans publicité ni mise en concurrence préalable,21690123100011,,80926540800017,2023-12-15,
Sans concurrence,202420240030300,LOT 3 : ORGANISATION DE VISITE ET CREATION ELEMENTS COMMUNICATION POUR PROMOUVOIR LE TERRITOIRE,50000.0,75231240-8,Marché négocié sans publicité ni mise en concurrence préalable,21630430300011,,90779645200015,2023-12-14,
Sans concurrence,2023077LU00,ACHAT PLACES FOOTBALL SAISON 2023-2024,50000.0,22459000-2,Marché négocié sans publicité ni mise en concurrence préalable,20006925000013,,41938899600045,2023-12-14,
Sans concurrence,202320230850100,LIVRES ADULTES ET JEUNESSE,50000.0,22113000-5,Marché négocié sans publicité ni mise en concurrence préalable,21580194500019,,40289177400026,2023-12-07,
Sans concurrence,2023B15902,MAINTENANCE BOULE A VAGUES PISCINE GUYNEMER,50000.0,50800000-3,Marché négocié sans publicité ni mise en concurrence préalable,20002715900017,,,2023-11-29,
Fournisseur unique,249885201,Passation de marchés d'assurances pour les besoins de la Société Publique Aéroportuaire Régionale (SPLAR): Lot 1: Dommages aux biens mobiliers et immo,50000.0,66515000-3,Appel d'offres ouvert,85282836700015,,49184932900058,2023-12-20,1.0
Sans concurrence,20232316100,CONTRAT DE DIRECTION ARTISTIQUE ET DE CESSION DES DROITS D'AUTEUR POUR L'EXPOSITION CHIHARU SHIOTA DANS LE CADRE DE LA BIENNALE 2024,49900.0,92312000-1,Marché négocié sans publicité ni mise en concurrence préalable,21130001700012,,72201077400015,2023-12-08,
Sans concurrence,202320232100,Travaux de réfection d'étanchéité de l'Hôtel de Ville,49448.0,45261420-4,Marché passé sans publicité ni mise en concurrence préalable,21440026900012,,35195733700048,2023-12-06,
Sans concurrence,2023SIGD-007000,"MAINTENANCE, PRESTATIONS ET ACQUISITIONS COMPLÉMENTAIRES POUR LA SOLUTION INFORMATISÉE DU LDVHA «PHYLUM»",49000.0,72510000-3,Marché négocié sans publicité ni mise en concurrence préalable,22050001100220,,35403236900051,2023-12-19,
Sans concurrence,2023SSIN-003700,"MAINTENANCE, PRESTATIONS ET ACQUISITIONS COMPLEMENTAIRES DU SYSTEME D'INFORMATION ""PYTHEAS""",49000.0,48000000-8,Marché négocié sans publicité ni mise en concurrence préalable,22050001100089,,39072748500026,2023-11-27,
Sans concurrence,202323CO11800,MISE HORS D'EAU  BATIMENT THOMALEX,48821.37,45261920-9,Marché négocié sans publicité ni mise en concurrence préalable,21140366200011,,85164381700022,2023-11-28,
Sans concurrence,202323CO11801,MISE HORS D'EAU  BATIMENT THOMALEX,48821.37,45261920-9,Marché négocié sans publicité ni mise en concurrence préalable,21140366200011,,85164381700022,2023-11-28,
Sans concurrence,20231470001,Abbaye de Belleperche Réhabilitation d'une station d'assainissement,48650.0,45232410-9,Marché négocié sans publicité ni mise en concurrence préalable,22820001000012,,89254353900019,2023-12-07,
Sans concurrence,202323V1288-0000,ACHAT INSTRUMENTS DE MUSIQUE - FLUTES PROFESSIONNELLES,48000.0,37314000-2,Marché négocié sans publicité ni mise en concurrence préalable,21060088800015,,37989020500022,2023-12-21,
Sans concurrence,202309_23L4600,"Lot 46 - FAG (Fruit à pain, avocat, gombo)",48000.0,03222110-7,Marché négocié sans publicité ni mise en concurrence préalable,21971128000012,,41499861700024,2023-12-14,
Fournisseur unique,2023S08sepL7,Prestations de nettoyage des locaux de la Communauté de Communes : Lot 7 : Vitrerie de l'ensemble des bâtiments,48000.0,90911300-9,Appel d'offres ouvert,20007011800019,,95030878300063,2023-12-15,1.0
Fournisseur unique,20242024000499,Assurances «Responsabilité et risques annexes» et «Flotte automobile et risques annexes» A DESTINATION DE CHAUMONT HABITAT ET HAMARIS - marché alloti ,47681.0,66000000-0,Appel d'offres ouvert,88333378300016,,83381722400029,2023-12-26,1.0
Sans concurrence,202323E02500100,ACQUISITION DE L OEUVRE LE DEFI DE NICOLAS LAVARENNE,47500.0,92311000-4,Marché négocié sans publicité ni mise en concurrence préalable,21060004500012,,31234184500039,2023-12-08,
Sans concurrence,2023-31-0200,Lot 2 - Prestation de services en assurances - Responsabilité Civile,47369.05,66516000-0,Marché négocié sans publicité ni mise en concurrence préalable,25330347300057,,33904153500024,2023-12-19,
Sans concurrence,2023-31-0201,Lot 2 - Prestation de services en assurances - Responsabilité Civile,47369.05,66516000-0,Marché négocié sans publicité ni mise en concurrence préalable,25330347300057,,33904153500024,2023-12-19,
Fournisseur unique,249882937,Création d'ateliers relais destinés à recevoir des artisans au sein de la zone d'activités Actival d'Orne sur la commune de Sarceaux: Lot 7 : Menuiser,47000.0,45213252-4,Procédure adaptée,20006845000010,,38806162400010,2023-12-21,1.0
Sans concurrence,202323MA01800,FOURNITURE DE LED ET TRAVAUX DE POSE POUR LE RELAMPING SMA,46945.87,31520000-7,Marché négocié sans publicité ni mise en concurrence préalable,21140366200011,,50878629000033,2023-11-29,
Fournisseur unique,2446379,L'opération de travaux a pour objet  la construction de 23 logements collectifs-Zac du Ponterlant à Avion: Lot 2: Charpente bois,46908.0,45261100-5,Procédure adaptée,32791063400069,,80738224700029,2023-12-21,1.0
Sans concurrence,202319200,Aménagement de PAV pour les colonnes aériennes - Réalisation PAV communes Sud de la CCPM,46500.0,45112500-0,Marché négocié sans publicité ni mise en concurrence préalable,20004332100013,,44454977800041,2023-12-07,
Fournisseur unique,249911842,Hp 1634/1409/1115/1806 et#8211; alette/etaples/vacqueriette/ montreuil  -rehabilitation de logements diffus : Lot 2 : façades,46323.0,45443000-4,Procédure adaptée,61682020500154,,42075751000011,2023-12-26,1.0
Fournisseur unique,249931922,Contrat d'entretien des installations des résidences du patrimoine de Brive Habitat: Lot 02: Automatismes portes automatiques barrières,46320.0,48921000-0,Appel d'offres ouvert,27190310600026,,34928756500056,2023-12-12,1.0
Sans concurrence,2023660100,IRU FIBRE OPTIQUE,46020.0,64200000-8,Marché négocié sans publicité ni mise en concurrence préalable,21640024200014,,80525896900031,2023-12-08,
Sans concurrence,202330393200,MODIFICATION ET MISE A JOUR ARCHITECTURE PC VUE GTE ET AU,45900.0,72212900-8,Marché négocié sans publicité ni mise en concurrence préalable,24250036100017,,84460672300022,2023-11-29,
Sans concurrence,2023O545700,Cession du spectacle Daddy,45147.5,92320000-0,Marché négocié sans publicité ni mise en concurrence préalable,21690123100011,,83269484800017,2023-12-06,
Sans concurrence,2023V3N56800AU00,PRESTATIONS D EVOLUTION DU LOGICIEL iMUSE VERS UNE NOUVELLE VERSION SaaS ET SERVICES ASSOCIES,45000.0,72212900-8,Marché négocié sans publicité ni mise en concurrence préalable,21870850100018,,38165549700059,2023-12-24,
Sans concurrence,202398235700,Travaux de remplacement et d'amélioration des moyens de production de chauffage et de climatisation du centre d'incendie et de secours de Côte Bleue E,45000.0,45331000-6,Marché passé sans publicité ni mise en concurrence préalable,28130002000027,,37767379300040,2023-12-07,
Sans concurrence,20232358900,ACHAT DE PRESTATIONS DIVERSES - METZ HANDBALL SAISON 2023/2024,44520.75,79340000-9,Marché négocié sans publicité ni mise en concurrence préalable,20003986500106,,90393532800018,2023-11-28,
Sans concurrence,20232023-24-100,Assurance « Dommages aux biens et risques annexes »,44511.4,66515200-5,Marché négocié sans publicité ni mise en concurrence préalable,26060030900017,,83381722400029,2023-12-27,
Fournisseur unique,249896407,Maintenance des 900 000 km de 22 rames de tramways de type Citadis 302 et de marque Alstom du réseau de Soléa: Lot 7: Boitier électronique de commande,44194.0,50222000-7,Procédure avec négociation,94555101800019,,33333787100037,2023-11-27,1.0
Sans concurrence,2023O546000,"Cession du spectacle L'Homosexualité, ce douloureux problème",44181.2,92320000-0,Marché négocié sans publicité ni mise en concurrence préalable,21690123100011,,88219992000027,2023-12-14,
Sans concurrence,202319100,Aménagement de PAV pour les colonnes aériennes - Réalisation PAV communes Nord de la CCPM,43500.0,45112500-0,Marché négocié sans publicité ni mise en concurrence préalable,20004332100013,,44454977800041,2023-12-07,
Sans concurrence,202317ASSUR0400,Marché de prestations d'assurances - Lot 4 Véhicules à moteur,43171.95,66514110-0,Marché négocié sans publicité ni mise en concurrence préalable,21850035300014,,30130960500410,2023-12-29,
Sans concurrence,2023VOIRIESTJU00,Travaux de voirie et parking route de St Just,43169.9,45233140-2,Marché négocié sans publicité ni mise en concurrence préalable,21600104000015,,58215086800070,2023-11-27,
Sans concurrence,2023000001331100,MAGAZINE HORS SERIE CONNAISSANCE DES ARTS : BOURGES 2028,43000.0,92312211-3,Marché négocié sans publicité ni mise en concurrence préalable,23450002300028,,30495146000068,2023-12-20,
Sans concurrence,202301900,Assurance Automobiles et risques annexes (Auto-missions) pou,42715.28,66514110-0,Marché négocié sans publicité ni mise en concurrence préalable,21590165300018,,78651056000042,2023-11-28,
Sans concurrence,2024C23140100,SEJOUR EN  CRETE,42500.0,63511000-4,Marché négocié sans publicité ni mise en concurrence préalable,21770514400012,,37759275300059,2023-12-05,
Sans concurrence,202320900,Contrat de maintenance pour le logiciel  CANECO,42074.8,50312610-4,Marché négocié sans publicité ni mise en concurrence préalable,21340032800018,,39973700600078,2023-12-05,
Fournisseur unique,2024240300,PRESTATIONS DE REGIE GENERALE ET REGIE BAR - ATYPIK GUINGUETTE 2024 - VILLE DE BOUGUENAIS,41900.0,79952000-2,Procédure adaptée,21440020200013,,80882730700014,2023-12-13,1.0
Fournisseur unique,20240000000016,"Projet Ressources éducatives phase 2 :  Lot 1 : Mission d'audit dans le cadre du projet "" Ressources éducatives phase 2 """,41666.0,79212000-3,Appel d'offres ouvert,52971592200033,,77572641707266,2023-11-27,1.0
Fournisseur unique,2300002100,Marché n°23 - PA / S - 01 : SOUSCRIPTION DES CONTRATS D'ASSURANCES POUR LES BESOINS DE L'EPFLO: Lot 2: ASSURANCES DE RESPONSABILITE CIVILE ET DES RISQ,41313.0,66516000-0,Procédure adaptée,49840839200039,,53263229600010,2023-12-08,1.0
Fournisseur unique,24997458,Contrat de complémentaire santé entreprise pour les salariés de la SPL Lyon Part-Dieu (Lyon 3e) - relance,40711.0,66512200-4,Procédure adaptée,80537661300024,,39919553600012,2023-12-22,1.0
Sans concurrence,202323V1706-0000,IA700 CARNAVAL 2024 ALICE AU PAYS DES MERVEILLES ET FLOWERS DE STELZEN 1,40373.23,92340000-6,Marché négocié sans publicité ni mise en concurrence préalable,21060088800015,,999999999,2023-12-29,
Fournisseur unique,2373800,Hp 1664/403 et#8211; saint etienne au mont - travaux de maintenance de 27 logements individuels : Lot 3 : VMC,40311.0,45331000-6,Procédure adaptée,61682020500154,,38506440700021,2023-12-20,1.0
Sans concurrence,2023202313700,RENOVATo DES PELOUSES DES STADES DE LA COMMUNE DE SAINTE-MARIE,40000.0,45112723-9,Marché négocié sans publicité ni mise en concurrence préalable,21974018000019,,88523144900012,2023-12-29,
Sans concurrence,2024C3F11400AU00,MAINTENANCE LOGICIEL MILLÉSIME ET RÉALISATION DE SERVICES ASSOCIES,40000.0,72267000-4,Marché négocié sans publicité ni mise en concurrence préalable,26870853400014,,38251931200088,2023-12-29,
Sans concurrence,20235500,"Location, installation et maintenance copieur GS 4",40000.0,30121100-4,Marché négocié sans publicité ni mise en concurrence préalable,21770111900018,,63201751303320,2023-12-27,
Sans concurrence,2023024100,PARCOURS EDUCATION ARTISTIQUE ESPACE GAMBETTA,40000.0,92000000-1,Marché négocié sans publicité ni mise en concurrence préalable,20005684400018,,53529595000013,2023-12-23,
Sans concurrence,2023025000,ATELIER DANSE ESPACE BUISSON,40000.0,92312000-1,Marché négocié sans publicité ni mise en concurrence préalable,20005684400018,,53954597000011,2023-12-20,
Sans concurrence,2023202313600,MAINT. DE LOGICIEL INFORMATIQUE ET PRESTATIONS ASSOCIEES,40000.0,72267100-0,Marché négocié sans publicité ni mise en concurrence préalable,21974018000019,,75121896700014,2023-12-19,
Sans concurrence,202394200,SARL LES CLUS LOT 2  FOURNITURE DE CARBURANT EN STATION MARIGNIER,40000.0,09134220-5,Marché négocié sans publicité ni mise en concurrence préalable,20000017200011,,38407086800011,2023-12-19,
Sans concurrence,2023054800,GHT MN CARTO3D BIOSENSE,40000.0,33000000-0,Marché négocié sans publicité ni mise en concurrence préalable,20001803400013,,61203061900102,2023-12-19,
Sans concurrence,20232703232800,CONTRAT DE MAINTENANCE CENTRE AQUATIQUE CALYPSO,40000.0,50000000-5,Marché négocié sans publicité ni mise en concurrence préalable,24800049900025,,88302659300011,2023-12-18,
Sans concurrence,2023FM230700100,MISSIONS DE RENFORT COMPTABLE,40000.0,79211000-6,Marché négocié sans publicité ni mise en concurrence préalable,21920024300018,,79243020900025,2023-12-15,
Sans concurrence,2023018900,Acquisition de droits de diffusion d'un cycle de conférences géopolitiques franco-américain de la Maison Française de New-York et de visibilité de la ,40000.0,92000000-1,Marché passé sans publicité ni mise en concurrence préalable,20005340300057,,89428158300019,2023-12-14,
Sans concurrence,202323071_500,Maintenance des logiciels de gestion de l'urbanisme - Formations et interventions,40000.0,48000000-8,Marché négocié sans publicité ni mise en concurrence préalable,21110069800011,,34054699300668,2023-12-13,
Sans concurrence,2023M23030500,LOT 3 - FAMILLE CONTACT ALIMENTAIRE - PRODUITS ENTRETIEN ET MATERIELS RESTAURANTS,40000.0,39224100-9,Marché négocié sans publicité ni mise en concurrence préalable,21974011500015,,32365068900017,2023-12-12,
Sans concurrence,2023MSN00700,FOURNITURE D'ARTICLES DIVERS DE CUISINE A USAGE UNIQUE,40000.0,39222100-5,Marché négocié sans publicité ni mise en concurrence préalable,21650440700018,,38500623400160,2023-12-06,
Sans concurrence,20232800,Salage et déneigement voiries CCPM,40000.0,90620000-9,Marché négocié sans publicité ni mise en concurrence préalable,20004332100013,,44722009600021,2023-12-05,
Sans concurrence,202323SI174100,HEBERGEMENT ET MAINTENANCE DE L'OUTIL DE GESTION DU RECRUTEMENT,40000.0,72267000-4,Marché négocié sans publicité ni mise en concurrence préalable,24170043400020,,83055483800029,2023-12-01,
Sans concurrence,2024C3N10300AU00,ACQUISITION MAINTENANCE LOGICIEL ECONCEPT,40000.0,48900000-7,Marché négocié sans publicité ni mise en concurrence préalable,26870853400014,,48425506200016,2023-11-30,
Sans concurrence,20231259600,PRESTA.COMMUNICATION AGENCE COTEO DANS LE CADRE DES RENCONTRES ENTREPRISES ET TERRITOIRES 2023,40000.0,79341400-0,Marché négocié sans publicité ni mise en concurrence préalable,20005374200017,,43291728400049,2023-11-28,
Fournisseur unique,24991010,Marché d'assistance à maîtrise d'ouvrage programmiste,40000.0,71242000-6,Procédure adaptée,31826574100013,,88932305100017,2023-12-29,1.0
Sans concurrence,2023O539600,Dispositif de secours Croix-Rouge pour la Fête des Lumières 2023,39960.12,71317200-5,Marché négocié sans publicité ni mise en concurrence préalable,21690123100011,,77567227234719,2023-12-04,
Fournisseur unique,249882926,Création d'ateliers relais destinés à recevoir des artisans au sein de la zone d'activités Actival d'Orne sur la commune de Sarceaux: Lot 6 : Menuiser,38000.0,45213252-4,Procédure adaptée,20006845000010,,32194402700010,2023-12-22,1.0
Sans concurrence,202323CO12701,MISE EN PLACE SOLUTION GDP RÉGIE MARCHÉS,37560.0,48900000-7,Marché négocié sans publicité ni mise en concurrence préalable,21140366200011,,48125959600023,2023-12-22,
Fournisseur unique,24993026,Animation du projet ZIBAC Loire Estuaire visant à finaliser la contractualisation avec l'ADEME et à assurer la dynamique partenariale dans ce cadre,35300.0,79310000-0,Procédure adaptée,20007273400011,,52143694900023,2023-11-30,1.0
Sans concurrence,2023S12oct,Assurance des dommages aux biens et des risques annexes,35185.0,66510000-8,Marché passé sans publicité ni mise en concurrence préalable,20007011800019,,77983836600028,2023-12-19,1.0
Fournisseur unique,249888532,TRAVAUX DE REHABILITATION ENERGETIQUE ET FONCTIONNELLE DE L'HOTEL DE VILLE DE LA COMMUNE DE THOIRY ET SES ANNEXES: Lot 2: Terrassements VRD,33999.0,45112500-0,Procédure adaptée,21010419600014,,90175327700010,2023-11-27,1.0
Sans concurrence,2023032100,MNSC ACHAT 2 VL CH Les Andelys,33019.0,34100000-8,Marché passé sans publicité ni mise en concurrence préalable,26270874600215,,41963860600014,2023-12-05,
Fournisseur unique,20232023400446,Création et aménagement des futurs locaux de la pmi-pf (protection maternelle infantile et#8211; planning familial) rue du colonel denfert et#8211; 21,32683.0,45330000-9,Procédure adaptée,27210001700024,,47757971800024,2023-12-21,1.0
Sans concurrence,241002175,"Prestations de vérification des informations de la déclaration de performance extra financière ""DPEF"" prévues par le Code de Commerce",31500.0,79212000-3,Marché passé sans publicité ni mise en concurrence préalable,70201772400072,,79211178300025,2023-12-05,2.0
Fournisseur unique,2499679811,Construction de la maison de jeunesse du Pont et d'un restaurant collectif à Marcq-en-Baroeul: Lot 11: Ouvrage métallo-textile,30680.0,45223210-1,Procédure adaptée,21590378200013,,81824841100014,2023-12-06,1.0
Sans concurrence,20232305500,FOURNITURE DE MOBILIER ET MATERIEL DE BUREAU ERGONOMIQUES POUR TRAVAILLEUR EN SITUATION DE HANDICAP ET/OU DE RESTRICTION TEMPORAIRE D&#8217;APTITUDE,30000.0,30192000-1,Marché négocié sans publicité ni mise en concurrence préalable,20003991500018,,81823826300011,2023-12-21,
Fournisseur unique,249949421,Prestations de services d'assurances: Lot 1: Dommages aux biens et Risques annexes,30000.0,66515200-5,Appel d'offres ouvert,20006686800015,,38384469300887,2023-12-21,1.0
Fournisseur unique,2410076725,MARCHE DE SERVICE DE MAINTENANCE CURATIVE ET PREVENTIVE DE TYPE MECANIQUE ET CARROSSERIE POUR LES VEHICULES DE LA RTA: Lot 5: Maintenance curative de ,30000.0,50112111-4,Procédure adaptée,78018581500013,,44394245300012,2023-12-15,1.0
Fournisseur unique,249985043,"Passation de marchés d'assurances pour les besoins de la communauté de communes du pays de craon et du c.i.a.s du pays de craon, dans le cadre du grou",29944.0,66514110-0,Appel d'offres ouvert,20004855100010,,30130960500410,2023-12-21,1.0
Fournisseur unique,2023001110,Marché Public pour l'aménagement et la rénovation des intérieurs et extérieurs du Seaquarium: Lot 10: Plomberie,28744.0,42513200-7,Procédure adaptée,33791211700047,,33147680400033,2023-12-19,1.0
Fournisseur unique,202300114,Marché Public pour l'aménagement et la rénovation des intérieurs et extérieurs du Seaquarium: Lot 4: Audiovisuel Multimédias,28513.0,32321200-1,Procédure adaptée,33791211700047,,49156859800032,2023-12-19,1.0
Fournisseur unique,249900363,Marché 5541 SMACL - Passation de marchés d'assurances pour les besoins de CAEN LA MER HABITAT: Lot 3 : Flotte véhicules et risques annexes,27901.0,66510000-8,Appel d'offres ouvert,27140002000027,,83381722400029,2023-12-29,1.0
Fournisseur unique,2498902812,Travaux de construction d'une bibliothèque communale à Thoiry: Lot 12: Ascenseur,27700.0,42416100-6,Procédure adaptée,21010419600014,,43353619000088,2023-12-13,1.0
Sans concurrence,202323111100,PRESTATIONS D INGENIERIE PATRIMONIALE DANS LE CADRE DU PROJET ILE MONASTIQUE DE LERINS AU PATRIMOINE MONDIAL DE L UNESCO 2EME AUDITION,27500.0,71300000-1,Marché négocié sans publicité ni mise en concurrence préalable,21060029200010,,89231723100017,2023-11-29,
Fournisseur unique,20232023000500,Assurances «Responsabilité et risques annexes» et «Flotte automobile et risques annexes» A DESTINATION DE CHAUMONT HABITAT ET HAMARIS - marché alloti ,26615.0,66000000-0,Appel d'offres ouvert,88333378300016,,83381722400029,2023-12-26,1.0
Fournisseur unique,249923253,Marché de service relatif à la prestation d'assurance pour les besoins de la Caisse de Crédit Municipal de Bordeaux: Lot 3: Responsabilité et risques ,26576.0,66516000-0,Appel d'offres ouvert,26330636700016,,49083908100018,2023-12-22,1.0
Sans concurrence,230346,Opération de revente d'électricité en autoconsommation collective,26500.0,45000000-7,Marché passé sans publicité ni mise en concurrence préalable,26270874600215,,90104882700066,2023-12-11,1.0
Sans concurrence,2023O545800,Cession du spectacle Gres (tentative de sedimentation),26102.5,92320000-0,Marché négocié sans publicité ni mise en concurrence préalable,21690123100011,,80957630900029,2023-12-20,
Sans concurrence,2024323000,"Fourniture de spécialités pharmaceutiques au profit des adhérents du GCS GRAPS Grand Est - marchés négociés lots 58, 192, 416,, 425, 188,, 1451, 1582,",26100.0,33600000-6,Marché passé sans publicité ni mise en concurrence préalable,13002682600011,,38240122200064,2023-12-21,
Sans concurrence,2023O546900,Coproduction du spectacle Grand-Mère feuillage,25540.0,92320000-0,Marché négocié sans publicité ni mise en concurrence préalable,21690123100011,,80777551500024,2023-12-13,
Sans concurrence,2023O539100,Achat du spectacle Mariza,25521.4,92320000-0,Marché négocié sans publicité ni mise en concurrence préalable,21690123100011,,38519770200033,2023-12-05,
Fournisseur unique,249910604,M.2023-23 : Travaux de réhabilitation et d'extension de la Maison du Gardien - Quartier de Paris à Brignoles (83170): Lot 4: FAÇADES,25204.0,45223220-4,Procédure adaptée,20006810400013,,80508004100017,2023-12-27,1.0
Sans concurrence,202403,Souscription de contrats d'assurances du groupement de commandes constitué entre la Ville de Saint-Fargeau-Ponthierry et le CCAS: Lot 1 : Assurance Re,25153.0,66516000-0,Marché passé sans publicité ni mise en concurrence préalable,21770407100166,,83381722400029,2023-12-28,1.0
Fournisseur unique,249888521,TRAVAUX DE REHABILITATION ENERGETIQUE ET FONCTIONNELLE DE L'HOTEL DE VILLE DE LA COMMUNE DE THOIRY ET SES ANNEXES: Lot 1: Désamiantage,24900.0,45262660-5,Procédure adaptée,21010419600014,,32726756300010,2023-11-27,1.0
Fournisseur unique,249991352,Travaux de réhabilitation de 11 logements sis 6 avenue Damiette à Sannois (95): Lot 4 : électricité et chauffage,24481.0,45311200-2,Procédure adaptée,61205059100082,,34526098800026,2023-12-21,1.0
Fournisseur unique,249928061,PRESTATION DE SERVICE D'ASSURANCE _ Lots 1 à 8: Lot 1: Dommages aux biens,24000.0,66515000-3,Appel d'offres ouvert,20001734100120,,30130960500410,2023-12-12,1.0
Fournisseur unique,S_2023_11,"Marché de services relatif à la prestation d'assurance pour les besoins du SIGERLy: Lot 2: \""Responsabilité et risques annexes\""Le présen",23377.0,66516000-0,Procédure adaptée,20005849300053,,83381722400029,2023-12-28,1.0
Sans concurrence,20232023S0001500,MISSION D’EXPERTISE COMPTABLE POUR TERRE ET TOIT ET LA SPL CONSTRUCTION PUBLIQUE D’ILLE-ET-VILAINE,22970.0,79211000-6,Marché passé sans publicité ni mise en concurrence préalable,44504262500050,,90182922600025,2023-12-20,
Fournisseur unique,20240306,RÉNOVATION D'UNE GRANGE POUR LUDOTHÈQUE ET SALLE ASSOCIATIVE: Lot 6: Chauffage,22600.0,45232141-2,Procédure adaptée,21370266500018,,91918786400013,2023-12-18,1.0
Fournisseur unique,249962443,Souscription d'un contrat d'assurance pour les besoins du SYDOM du Jura: Lot 3: ASSURANCE RESPONSABILITE CIVILE GENERALE,21802.0,66514110-0,Appel d'offres ouvert,25390183900022,,83381722400029,2023-12-29,1.0
Fournisseur unique,2446378,L'opération de travaux a pour objet  la construction de 23 logements collectifs-Zac du Ponterlant à Avion: Lot 13: Ascenseur,21300.0,45313100-5,Procédure adaptée,32791063400069,,41467271700090,2023-12-21,1.0
Fournisseur unique,2023C01,"Prestations de prisées, renouvellements et ventes aux enchères publiques judiciaires du Crédit Municipal de Bordeaux en ses agences de prêts sur gages",21000.0,79957000-7,Appel d'offres ouvert,26330636700016,,42301257400012,2023-12-29,1.0
Sans concurrence,20233103,Prestations de services en assurances pour le SDEEG 33 (4 lots): Lot 3 : Véhicule à moteur,20056.0,66514110-0,Marché passé sans publicité ni mise en concurrence préalable,25330347300057,,30130960500410,2023-12-18,2.0
Fournisseur unique,249949093,Prestations de services d'assurances: Lot 3: Flotte automobile et Risques annexes,20000.0,66513100-0,Appel d'offres ouvert,20006686800015,,83381722400029,2023-12-22,1.0
Fournisseur unique,249949082,Prestations de services d'assurances: Lot 2: Responsabilité civile et Risques annexes,20000.0,66514110-0,Appel d'offres ouvert,20006686800015,,83381722400029,2023-12-22,1.0
Fournisseur unique,232304003,"Mise à disposition de contenants, transport et traitement des déchets: Lot 3: Déchets industriels dangeureux",20000.0,90500000-2,Procédure adaptée,21330009800018,,70198020300726,2023-12-19,1.0
Fournisseur unique,2410025714,Prestation de services d'assurance pour les besoins de l'Agence du Numérique en Santé: Lot 4: Assistance Rapatriement,20000.0,66510000-8,Appel d'offres ouvert,18751275100038,,30157314300023,2023-12-15,1.0
Fournisseur unique,2410076681,MARCHE DE SERVICE DE MAINTENANCE CURATIVE ET PREVENTIVE DE TYPE MECANIQUE ET CARROSSERIE POUR LES VEHICULES DE LA RTA: Lot 1: Maintenance curative de ,20000.0,50113100-1,Procédure adaptée,78018581500013,,44394245300012,2023-12-15,1.0
Sans concurrence,202394931700,Dispositif d'inclusion sociale des publics précaires: Lot 1: Actions de mobilisation sociale et d'entraide sur Limoges,19126.0,98133000-4,Marché passé sans publicité ni mise en concurrence préalable,22870851700989,,33007540900012,2023-12-21,
Sans concurrence,2024323200,Fourniture de spécialités pharmaceutiques au profit des adhérents du GCS GRAPS Grand Est - marchés négociés lots 257,18393.0,33600000-6,Marché passé sans publicité ni mise en concurrence préalable,13002682600011,,61203061900102,2023-12-21,
Sans concurrence,243232,Fourniture de spécialités pharmaceutiques au profit des adhérents du GCS GRAPS Grand Est - marchés négociés lots 257,18393.0,33600000-6,Marché passé sans publicité ni mise en concurrence préalable,13002682600011,,61203061900102,2023-12-20,1.0
Fournisseur unique,202406,Souscription de contrats d'assurances du groupement de commandes constitué entre la Ville de Saint-Fargeau-Ponthierry et le CCAS: Lot 4 : Assurance Au,18075.0,66514110-0,Appel d'offres ouvert,21770407100166,,38228526002533,2023-12-28,1.0
Sans concurrence,202323E18100100,CONTRAT COPIES INTERNES PROFESSIONNELLES D OEUVRES PROTEGEES,18000.0,79121000-8,Marché négocié sans publicité ni mise en concurrence préalable,21060004500012,,33028587500036,2023-12-05,
Fournisseur unique,20232300260200,Transports collectifs pour la ville de Vertou: Lot 2 : Déplacements ponctuels ' Annule et remplace,18000.0,60112000-6,Procédure adaptée,21440215800015,,30341064100037,2023-12-21,1.0
Sans concurrence,243195,"Fourniture de DM de cicatrisation, contention et immobilisation au profit des adhérents du GCS GRAPS Grand Est - Marchés Négociés - lots 22, 26",17305.0,33600000-6,Marché passé sans publicité ni mise en concurrence préalable,13002682600011,,35215450400034,2023-12-06,1.0
Sans concurrence,2024319501,"Fourniture de DM de cicatrisation, contention et immobilisation au profit des adhérents du GCS GRAPS Grand Est - Marchés Négociés - lots 22, 26",17305.0,33600000-6,Marché passé sans publicité ni mise en concurrence préalable,13002682600011,,35215450400034,2023-12-06,
Sans concurrence,2024319500,"Fourniture de DM de cicatrisation, contention et immobilisation au profit des adhérents du GCS GRAPS Grand Est - Marchés Négociés - lots 22, 26",17305.0,33600000-6,Marché passé sans publicité ni mise en concurrence préalable,13002682600011,,35215450400034,2023-12-06,
Fournisseur unique,249991001,"Entretien vignes CA89: Lot 1 : Réalisation des opérations manuelles d'entretien de la vigne ""Zone LM""",16848.0,77100000-1,Procédure adaptée,13002171000012,,91914568000014,2023-12-21,1.0
Sans concurrence,2024322500,Fourniture de spécialités pharmaceutiques au profit des adhérents du GCS GRAPS Grand Est - marchés négociés lot 10,16658.0,33600000-6,Marché passé sans publicité ni mise en concurrence préalable,13002682600011,,37050014200051,2023-12-26,
Sans concurrence,243225,Fourniture de spécialités pharmaceutiques au profit des adhérents du GCS GRAPS Grand Est - marchés négociés lot 10,16658.0,33600000-6,Marché passé sans publicité ni mise en concurrence préalable,13002682600011,,37050014200036,2023-12-20,1.0
Fournisseur unique,2023FCS07,"Marché public d'assurances: Lot 1: Assurance \""Incendie Divers Dommages aux Biens\""",15000.0,66515100-4,Procédure adaptée,28130003800029,,83381722400029,2023-12-20,1.0
Sans concurrence,202398035700,Maitrise d'oeuvre pour la restructuration et l'extension du multi-accueil Alexis Fleury.,13714.0,71000000-8,Marché passé sans publicité ni mise en concurrence préalable,21330529500254,,80965809900043,2023-11-28,
Fournisseur unique,249900352,Marché 5540 SMACL - Passation de marchés d'assurances pour les besoins de CAEN LA MER HABITAT: Lot 2 : Responsabilité civile et risques annexes,13306.0,66510000-8,Appel d'offres ouvert,27140002000027,,83381722400029,2023-12-29,1.0
Fournisseur unique,202308H00,Prestation de service d'assurance: Lot 8: Cyber Risques,12953.0,66515411-7,Appel d'offres ouvert,21430137600015,,84165157300013,2023-12-22,1.0
Sans concurrence,20232023S0001300,ASSURANCES POUR LES BESOINS DE TERRE&TOIT ET DE LA SPL CONSTRUCTION PUBLIQUE D’ILLE-ET-VILAINE -  - Prestations d’assurances pour TERRE&TOIT,12513.76,66518100-5,Marché passé sans publicité ni mise en concurrence préalable,44504262500050,,56200034902188,2023-12-20,
Fournisseur unique,24995910,Cités A France et Nouveau Monde-ERBM -Essais de perméabilité,12000.0,71300000-1,Procédure adaptée,21620178000014,,58262156100809,2023-11-28,1.0
Fournisseur unique,249896335,TRAVAUX DE REFECTION ET DE REAMENAGEMENT DES LOCAUX DU CLUB DE RUGBY: Lot 5: Bardage,11945.0,45262650-2,Procédure adaptée,21440190300155,,34984075100037,2023-12-22,1.0
Sans concurrence,20232023S0001400,ASSURANCES POUR LES BESOINS DE TERRE&TOIT ET DE LA SPL CONSTRUCTION PUBLIQUE D’ILLE-ET-VILAINE -  - Prestations d’assurances pour la SPL Construction ,11321.5,66518100-5,Marché passé sans publicité ni mise en concurrence préalable,44504262500050,,56200034902188,2023-12-20,
Fournisseur unique,249948381,Assurances construction pour realisation du cis loiron-ruille: Lot 1 : Assurance DommagesOuvrages (DO),10724.0,66513200-1,Procédure adaptée,28530001800030,,77568476400878,2023-12-30,1.0
Fournisseur unique,249929611,Souscription des contrats d'assurance de la Commune de Bages: Lot 1: Assurance des dommages aux biens et des risques annexes,10364.0,66515000-3,Appel d'offres ouvert,21660011400013,,83381722400029,2023-12-15,1.0
Fournisseur unique,249991012,"Entretien vignes CA89: Lot 2 : Réalisation des opérations manuelles d'entretien de la vigne ""Zone AB""",10238.0,77100000-1,Procédure adaptée,13002171000012,,91914568000014,2023-12-21,1.0
Sans concurrence,2024320000,Fourniture de spécialités pharmaceutiques - relance de lots au profit des adhérents du GCS GRAPS Grand Est lot 10191,10080.0,33600000-6,Marché passé sans publicité ni mise en concurrence préalable,13002682600011,,50884521100020,2023-12-27,
Fournisseur unique,249985032,"Passation de marchés d'assurances pour les besoins de la communauté de communes du pays de craon et du c.i.a.s du pays de craon, dans le cadre du grou",10035.0,66516400-4,Appel d'offres ouvert,20004855100010,,30130960500410,2023-12-21,1.0
Sans concurrence,249894823,Organisation des festivités de fin d'année pour les aînés de la Ville de L'Union  : Lot 3 : Fourniture de ballotins,10000.0,75200000-8,Marché passé sans publicité ni mise en concurrence préalable,21310561200013,,39827274000026,2023-11-30,1.0
Fournisseur unique,249898792,ACCORD CADRE A BONS DE COMMANDE MULTI ATTRIBUTAIRES POUR LA FOURNITURE DE DENREES ALIMENTAIRES- CHALET LES AIRELLES: Lot 2: BISCUITERIE,10000.0,15820000-2,Appel d'offres ouvert,21660124500014,,38500623400038,2023-12-06,1.0
Fournisseur unique,249929633,Souscription des contrats d'assurance de la Commune de Bages: Lot 3: Assurance des véhicules à moteur et des risques annexes,9789.0,66514110-0,Appel d'offres ouvert,21660011400013,,83381722400029,2023-12-15,1.0
Fournisseur unique,2498886312,TRAVAUX DE REHABILITATION ENERGETIQUE ET FONCTIONNELLE DE L'HOTEL DE VILLE DE LA COMMUNE DE THOIRY ET SES ANNEXES: Lot 12: Revêtements de sols souples,9746.0,45432100-5,Procédure adaptée,21010419600014,,52913825700025,2023-11-27,1.0
Fournisseur unique,249985054,"Passation de marchés d'assurances pour les besoins de la communauté de communes du pays de craon et du c.i.a.s du pays de craon, dans le cadre du grou",9500.0,66516000-0,Appel d'offres ouvert,20004855100010,,30157314300023,2023-12-21,1.0
Sans concurrence,20233102,Prestations de services en assurances pour le SDEEG 33 (4 lots): Lot 2 : Responsabilité Civile,9473.0,66516000-0,Marché passé sans publicité ni mise en concurrence préalable,25330347300057,,33904153500024,2023-12-19,1.0
Fournisseur unique,202300116,Marché Public pour l'aménagement et la rénovation des intérieurs et extérieurs du Seaquarium: Lot 6: Électricité,8976.0,45311200-2,Procédure adaptée,33791211700047,,79821670100036,2023-12-19,1.0
Sans concurrence,243233,Fourniture de spécialités pharmaceutiques au profit des adhérents du GCS GRAPS Grand Est - marchés négociés lot 650,8165.0,33600000-6,Marché passé sans publicité ni mise en concurrence préalable,13002682600011,,54204465600115,2023-12-26,1.0
Fournisseur unique,249885453,Marché de services d'assurance pour la SPL Lyon Part-Dieu: Lot 3: Responsabilité des mandataires sociaux et des dirigeants,8020.0,66516000-0,Appel d'offres ouvert,80537661300024,,56200034902188,2023-12-21,1.0
Fournisseur unique,20230022,Renouvellement des contrats d'assurances du Groupement de commandes: Lot 2: responsabilité générale et risques annexes,8000.0,66516000-0,Procédure adaptée,21600531400010,,83381722400029,2023-12-15,1.0
Fournisseur unique,2499478420,PATRIMOINE DE L'AVESNOISE - Travaux d'Entretien Courant Agences: Lot 20: Secteur CAUDRY  - Maçonnerie Gros Oeuvre Ravalement,8000.0,45262500-6,Appel d'offres ouvert,44632028500013,,53055492200035,2023-12-04,1.0
Fournisseur unique,24266,FOURNITURE ET LIVRAISON DES EQUIPEMENTS DES METIERS DE MAINTENANCE AUTO MOTO ET TRAVAIL DU BOIS DE LA CMAR PACA: Lot 6: Station de rivetage - CFAR Cam,7988.0,39162100-6,Appel d'offres ouvert,13002087800240,,38493364400278,2023-12-13,1.0
Fournisseur unique,20240307,RÉNOVATION D'UNE GRANGE POUR LUDOTHÈQUE ET SALLE ASSOCIATIVE: Lot 7: Plomberie - Sanitaire,7400.0,45330000-9,Procédure adaptée,21370266500018,,91918786400013,2023-12-18,1.0
Fournisseur unique,249929622,Souscription des contrats d'assurance de la Commune de Bages: Lot 2: Assurance des responsabilités et des risques annexes,7254.0,66516000-0,Appel d'offres ouvert,21660011400013,,83381722400029,2023-12-15,1.0
Fournisseur unique,249966992,Fourniture de denrées alimentaires pour la restauration scolaire de la ville de MANDUEL: Lot 2: Epicerie spécifique BIO,6840.0,15800000-6,Appel d'offres ouvert,21300155500019,,44236533400048,2023-11-29,1.0
Fournisseur unique,249991067,Entretien vignes CA89: Lot 7 : Vendanges - pressurage,6562.0,77100000-1,Procédure adaptée,13002171000012,,87995456800017,2023-12-21,1.0
Sans concurrence,20233101,Prestations de services en assurances pour le SDEEG 33 (4 lots): Lot 1 : Dommages aux biens,6524.0,66515000-3,Marché passé sans publicité ni mise en concurrence préalable,25330347300057,,30130960500410,2023-12-18,1.0
Sans concurrence,202321300,Maintenance du progiciel de gestion des DECI et ETARE du SDIS 74,6055.0,72267100-0,Marché passé sans publicité ni mise en concurrence préalable,28741020300015,,33441633600173,2023-12-27,
Sans concurrence,243193,"Fourniture de DM de cicatrisation, contention et immobilisation au profit des adhérents du GCS GRAPS Grand Est - Marchés Négociés - lot 27",5952.0,33600000-6,Marché passé sans publicité ni mise en concurrence préalable,13002682600011,,77570245900048,2023-11-29,1.0
Sans concurrence,243221,Fourniture de spécialités pharmaceutiques au profit des adhérents du GCS GRAPS Grand Est - marchés négociés lots 599 et 600,5835.0,33600000-6,Marché passé sans publicité ni mise en concurrence préalable,13002682600011,,82332606100046,2023-12-20,1.0
Fournisseur unique,2373900,Hp 1664/403 et#8211; saint etienne au mont - travaux de maintenance de 27 logements individuels : Lot 4 : Peintures,5646.0,45442100-8,Procédure adaptée,61682020500154,,75367396100029,2023-12-20,1.0
Fournisseur unique,249953636,Fourniture de végétaux et de produits horticoles: Lot 6: Fourniture de chrysanthèmes,5000.0,03117000-4,Appel d'offres ouvert,21440026900012,,41208378400014,2023-12-26,1.0
Fournisseur unique,24267,FOURNITURE ET LIVRAISON DES EQUIPEMENTS DES METIERS DE MAINTENANCE AUTO MOTO ET TRAVAIL DU BOIS DE LA CMAR PACA: Lot 7: Outil de débosselage - CFAR Ca,4990.0,39162100-6,Appel d'offres ouvert,13002087800240,,38493364400278,2023-12-13,1.0
Fournisseur unique,249892673,Marché de prestations de services d'assurances: Lot 3: Responsabilité générale et responsabilité civile maître d'ouvrage,4618.0,66516400-4,Appel d'offres ouvert,39028994000012,,77568476400019,2023-12-19,1.0
Fournisseur unique,249954985,Services d'assurances pour la Commune de L'Union: Lot 5: Assurance de la protection fonctionnelle des agents et des élus,4224.0,66513000-9,Appel d'offres ouvert,21310561200013,,30130960500410,2023-12-27,1.0
Sans concurrence,202398547800,POSE DE GRILLES DE SECURITEAIRE D'ACCUEIL DES GENS DU VOYAGEDJANGO REINHARDT A LIMOGES,4178.0,44316500-3,Marché passé sans publicité ni mise en concurrence préalable,24871931200162,,75850129000038,2023-12-13,
Fournisseur unique,249888565,TRAVAUX DE REHABILITATION ENERGETIQUE ET FONCTIONNELLE DE L'HOTEL DE VILLE DE LA COMMUNE DE THOIRY ET SES ANNEXES: Lot 5: Etanchéité,3985.0,45261420-4,Procédure adaptée,21010419600014,,75203574100038,2023-11-27,1.0
Fournisseur unique,249991056,"Entretien vignes CA89: Lot 6 : Réalisation des opérations manuelles d'entretien de la vigne ""Zone VV""",3828.0,77100000-1,Procédure adaptée,13002171000012,,92085350400016,2023-12-21,1.0
Sans concurrence,2024319400,"Fourniture de DM de cicatrisation, contention et immobilisation au profit des adhérents du GCS GRAPS Grand Est - Marchés Négociés - lot 99",3754.0,33600000-6,Marché passé sans publicité ni mise en concurrence préalable,13002682600011,,81961453800018,2023-12-06,
Sans concurrence,243194,"Fourniture de DM de cicatrisation, contention et immobilisation au profit des adhérents du GCS GRAPS Grand Est - Marchés Négociés - lot 99",3754.0,33600000-6,Marché passé sans publicité ni mise en concurrence préalable,13002682600011,,81961453800018,2023-11-29,1.0
Fournisseur unique,249991023,"Entretien vignes CA89: Lot 3 : Réalisation des opérations manuelles d'entretien de la vigne ""Zone 2015 BD""",3109.0,77100000-1,Procédure adaptée,13002171000012,,91914568000014,2023-12-21,1.0
Fournisseur unique,249948392,Assurances construction pour realisation du cis loiron-ruille: Lot 2 : Assurance Tous Risques Chantier (TRC),2966.0,66513200-1,Procédure adaptée,28530001800030,,77568476400878,2023-12-30,1.0
Fournisseur unique,249991078,"Entretien vignes CA89: Lot 8 : Réalisation des opérations mécaniques en itinéraire conventionnel : protection phytosanitaire, rognages",2537.0,77100000-1,Procédure adaptée,13002171000012,,87995456800017,2023-12-21,1.0
Fournisseur unique,24265,FOURNITURE ET LIVRAISON DES EQUIPEMENTS DES METIERS DE MAINTENANCE AUTO MOTO ET TRAVAIL DU BOIS DE LA CMAR PACA: Lot 5: Outillage électroportatif - CF,2379.0,39162100-6,Appel d'offres ouvert,13002087800240,,38493364400278,2023-12-13,1.0
Fournisseur unique,249991045,"Entretien vignes CA89: Lot 5 : Réalisation des opérations d'entretien de la vigne ""Zone AL""",2376.0,77100000-1,Procédure adaptée,13002171000012,,92085350400016,2023-12-21,1.0
Fournisseur unique,2023008D00,Prestation de service d'assurance: Lot 4: Protection juridique Agents/Élus,2336.0,66513100-0,Appel d'offres ouvert,21430137600015,,77983836600028,2023-12-22,1.0
Sans concurrence,202398112900,"Fournitures de matériels électro-portatifs, d'outillage pour les besoins du musée du louvre-lens : Accord cadre",2179.0,44511000-5,Marché passé sans publicité ni mise en concurrence préalable,20002766200028,,34293810700030,2023-12-04,
Fournisseur unique,249991034,"Entretien vignes CA89: Lot 4 : Réalisation des opérations manuelles d'entretien de la vigne ""Zone 2015 HD""",2049.0,77100000-1,Procédure adaptée,13002171000012,,91914568000014,2023-12-21,1.0
Fournisseur unique,24262,FOURNITURE ET LIVRAISON DES EQUIPEMENTS DES METIERS DE MAINTENANCE AUTO MOTO ET TRAVAIL DU BOIS DE LA CMAR PACA: Lot 2: Matériels Travail du Bois - CF,1613.0,39162100-6,Appel d'offres ouvert,13002087800240,,38493364400278,2023-12-13,1.0
Fournisseur unique,2499477714,PATRIMOINE DE L'AVESNOISE - Travaux d'Entretien Courant Agences: Lot 14: Secteur CAUDRY - Chaudronnerie Serrurerie,1600.0,44316500-3,Appel d'offres ouvert,44632028500013,,89953659300010,2023-12-04,1.0
Fournisseur unique,2499479026,PATRIMOINE DE L'AVESNOISE - Travaux d'Entretien Courant Agences: Lot 26: Secteur CAUDRY - Assainissement,1600.0,45232410-9,Appel d'offres ouvert,44632028500013,,38816102800013,2023-12-04,1.0
Fournisseur unique,249895323,Passation d'un marché d'assurance pour les besoins de la commune (CCAS inclus): Lot 03: Protection fonctionnelle,1500.0,66513100-0,Appel d'offres ouvert,21840138800010,,42206023600086,2023-12-28,1.0
Fournisseur unique,249962454,Souscription d'un contrat d'assurance pour les besoins du SYDOM du Jura: Lot 4: ASSURANCE PROTECTION JURIDIQUE ET PROTECTION FONCTIONNELLE,1455.0,66510000-8,Appel d'offres ouvert,25390183900022,,83381722400029,2023-12-29,1.0
Fournisseur unique,2499911011,Entretien vignes CA89: Lot 11 : Réalisation des opérations mécaniques en itinéraire conventionnel : broyage des sarments,1330.0,77100000-1,Procédure adaptée,13002171000012,,87995456800017,2023-12-21,1.0
Fournisseur unique,249991089,Entretien vignes CA89: Lot 9 : Réalisation des opérations mécaniques en itinéraire conventionnel : désherbage mécanique,1251.0,77100000-1,Procédure adaptée,13002171000012,,87995456800017,2023-12-21,1.0
Fournisseur unique,2499910910,Entretien vignes CA89: Lot 10 : Réalisation des opérations mécaniques en itinéraire conventionnel : application d'engrais,1202.0,77100000-1,Procédure adaptée,13002171000012,,87995456800017,2023-12-21,1.0
