id,objet,montant,codecpv,categorie_cpv,procedure,datenotification,acheteur_id,acheteur_nom,titulaire_siret,offres_recues,lieu,formeprix
20230030100,FOURN. MATERIELS-LOGICIELS INFO ET CONSOLES JEUX - MATERIELS - LOGICIELS INFORMATIQUE,3000000.0,30200000-1,Informatique & bureautique,Appel d'offres ouvert,2023-12-31,21920076300015,,42978416800065,,VAUCRESSON,Révisable
20230037201,FOURNITURE DE LIVRES IMPRIMES NON SCOLAIRES - LIVRES JEUNESSE FICTION ET DOCUMENTAIRES,80000.0,22113000-5,Imprimés,Appel d'offres ouvert,2023-12-31,21920076300015,,38276586500011,,VAUCRESSON,Révisable
202424NA10C100,FRUITS ET LEGUMES,50000.0,15000000-8,Alimentaire,Appel d'offres ouvert,2023-12-31,21400312100016,,82867642900032,,TARNOS,Révisable
2023F060100,FOURNITURE DE PAIN ET VIENNOISERIES FRAIS,184000.0,15810000-9,Alimentaire,Procédure adaptée,2023-12-31,21720003900014,,83276022700013,,ALLONNES,Révisable
2023AO18100,PRESTATION DE SERVICES DE TÉLÉCOMMUNICATION - TÉLÉPHONIE FIXE ET TRUNK SIP,120000.0,32412100-5,Télécommunications,Appel d'offres ouvert,2023-12-31,21330449600010,,39748093003498,,SAINT-MEDARD-EN-JALLES,Révisable
2023AO18200,PRESTATION DE SERVICES DE TÉLÉCOMMUNICATION - TÉLÉPHONIE MOBILE,100000.0,32250000-0,Télécommunications,Appel d'offres ouvert,2023-12-31,21330449600010,,39748093003498,,SAINT-MEDARD-EN-JALLES,Révisable
20230037301,FOURNITURE DE LIVRES IMPRIMES NON SCOLAIRES - BANDES DESSINEES ADULTE ET JEUNESSE,50000.0,22113000-5,Imprimés,Appel d'offres ouvert,2023-12-31,21920076300015,,38276586500011,,VAUCRESSON,Ferme et actualisable
20230037101,FOURNITURE DE LIVRES IMPRIMES NON SCOLAIRES -  LIVRES ADULTE FICTION ET DOCUMENTAIRES,110000.0,22113000-5,Imprimés,Appel d'offres ouvert,2023-12-31,21920076300015,,38276586500011,,VAUCRESSON,Révisable
2024016400,"Maintenance du parc d?équipements dont la société BERNAS MEDICAL assure la maintenance exclusive incluant la fourniture de pièces détachées, accessoires et consommables ainsi que la réalisation de prestations associées",300005.0,33100000-1,Matériel médical,Marché négocié sans publicité ni mise en concurrence préalable,2023-12-31,26310012500016,,41832957900035,,Occitanie,Révisable
2023AO27300,"FOURNITURE BARQUETTE,FILMS,CONTENANT CUISINE CENTR - SACS, FILM, PAPIER ALU, SACHETS",60000.0,39222100-5,Mobilier & ménager,Appel d'offres ouvert,2023-12-31,21330449600010,,37798160000044,,SAINT-MEDARD-EN-JALLES,Révisable
202312800,"MDI/2023-128/Lot7/Abonnement, accès en ligne et fourniture de ressources documentaires numériques pour le Département de l'Isère et la Ville de Grenoble",60000.0,30211300-4,Informatique & bureautique,Appel d'offres ouvert,2023-12-30,22380001200013,,82312486200017,,GRENOBLE,Ferme
2023091414MVG00,FOURNITURE DE MOBILIER MEDIATHEQUES,100000.0,39100000-3,Mobilier & ménager,Appel d'offres ouvert,2023-12-30,24440064400013,,38365393800027,,SAINT JOACHIM,Révisable
2023091414MVG00,FOURNITURE DE MOBILIER MEDIATHEQUES,900000.0,39100000-3,Mobilier & ménager,Appel d'offres ouvert,2023-12-30,21440184600016,,38365393800027,,SAINT-NAZAIRE,Révisable
2024071200,24M02 GAULOYS FRESENIUS KABI,224492.85,33000000-0,Matériel médical,Appel d'offres ouvert,2023-12-29,26690025700046,,41987578600032,,Rhone,Révisable
2374700,"Accord-cadre a bons de commandes pour les travaux sur les reseaux d'interphonie, de controle d'acces et videosurveillance sur le patrimoine de flandre opale habitat: Lot 2 : INTERPHONIE et#8211, CONTROLE Det#8217,ACCES et#8211, TERRITOIRE INTERIEUR",38348.0,32360000-4,Télécommunications,Procédure adaptée,2023-12-29,61682020500154,,41838583700020,3.0,,Forfaitaire
2375100,"Accord-cadre a bons de commandes pour les travaux sur les reseaux d'interphonie, de controle d'acces et videosurveillance sur le patrimoine de flandre opale habitat: Lot 6 : VIDEOSURVEILLANCE et#8211, DEPARTEMENT 59",96406.0,32323500-8,Télécommunications,Procédure adaptée,2023-12-29,61682020500154,,44082093400014,3.0,,Forfaitaire
2374900,"Accord-cadre a bons de commandes pour les travaux sur les reseaux d'interphonie, de controle d'acces et videosurveillance sur le patrimoine de flandre opale habitat: Lot 4 : INTERPHONIE et#8211, CONTROLE Det#8217,ACCES et#8211, TERRITOIRE DUNKERQUE",56149.0,32360000-4,Télécommunications,Procédure adaptée,2023-12-29,61682020500154,,44082093400014,3.0,,Forfaitaire
2024071100,24M02 GAULOYS VIFOR France ALLOGA,5437082.9,33000000-0,Matériel médical,Appel d'offres ouvert,2023-12-29,26690025700046,,39891369900045,,Rhone,Révisable
20242301000000,LOCATION ET ENTRETIEN DE VETEMENTD DE TRAVAIL DES AGENTS,150000.0,18100000-0,Vêtements,Procédure adaptée,2023-12-29,21370156800015,,37975368400016,,MONTLOUIS SUR LOIRE,Révisable
2024072100,24M02 GAULOYS BIOGARAN_CSP,65923.56,33000000-0,Matériel médical,Appel d'offres ouvert,2023-12-29,26690025700046,,40511359800032,,Rhone,Révisable
20242317100,FOURNITURES DE BUREAU DE LIBRAIRIE SCOLAIRES ET MOBILIERS ADMINISTRATIFS SCOLAIRES DES COLLECTIVITES LOCALES  LOT 6 - L01 LIVRES SCOLAIRES,40000.0,22111000-1,Imprimés,Appel d'offres ouvert,2023-12-29,21830129900010,,65950183700010,,SIX-FOURS-LES-PLAGES,Ferme
2023045800,AO Maintenance et extension de l?enregistreur audio affecté aux besoins du SAMU 31,180000.0,32333000-6,Télécommunications,Appel d'offres ouvert,2023-12-29,26310012500016,,44386676900252,,Occitanie,Révisable
2024071500,24M02 GAULOYS MEDIPHA SANTE CSP LOT 71 AU 01/01/2025,308221.66,33000000-0,Matériel médical,Appel d'offres ouvert,2023-12-29,26690025700046,,45353354900011,,Rhone,Révisable
2024070800,24M02 GAULOYS DB PHARMA _CSP,71873.98,33000000-0,Matériel médical,Appel d'offres ouvert,2023-12-29,26690025700046,,85720052100022,,Rhone,Révisable
202312200,"MDI/2023-122/Lot1/Abonnement, accès en ligne et fourniture de ressources documentaires numériques pour le Département de l'Isère et la Ville de Grenoble",80000.0,30211300-4,Informatique & bureautique,Appel d'offres ouvert,2023-12-29,22380001200013,,34841061400021,,GRENOBLE,Ferme
2023M2400006800,FRE ET LIV REPAS CHAUD ACTIVITES ALSH ET MJ CCAS - LOT 1,191100.0,15894200-3,Alimentaire,Appel d'offres ouvert,2023-12-29,26974018900023,,44931731200030,,STE MARIE,Révisable
2023C3F09127AU00,LOT 27 CEREALES INSTANTANEES HP,80000.0,15880000-0,Alimentaire,Appel d'offres ouvert,2023-12-29,26870853400014,,40302939000065,,CCAS LIMOGES,Révisable
249887111,"Fourniture de rations alimentaires chaudes, froides et consommables nécessaires à la constitution d'une collation: Lot 1: Fourniture de rations alimentaires chaudes",140000.0,15897100-3,Alimentaire,Procédure adaptée,2023-12-29,28130002000027,,39298581800047,2.0,,Unitaire
2024072400,24M02 GAULOYS SANOFI WINTHROP INDUSTRIE,316311.26,33000000-0,Matériel médical,Appel d'offres ouvert,2023-12-29,26690025700046,,77566225700150,,Rhone,Révisable
20242316800,FOURNITURES DE BUREAU DE LIBRAIRIE SCOLAIRES ET MOBILIERS ADMINISTRATIFS SCOLAIRES DES COLLECTIVITES LOCALES  LOT 2 - F02 FOURNITURES DE BUREAU,66000.0,30192000-1,Informatique & bureautique,Appel d'offres ouvert,2023-12-29,21830129900010,,65950183700010,,SIX-FOURS-LES-PLAGES,Ferme
2375000,"Accord-cadre a bons de commandes pour les travaux sur les reseaux d'interphonie, de controle d'acces et videosurveillance sur le patrimoine de flandre opale habitat: Lot 5 : VIDEOSURVEILLANCE et#8211, DEPARTEMENT 62",107975.0,32323500-8,Télécommunications,Procédure adaptée,2023-12-29,61682020500154,,44082093400014,3.0,,Forfaitaire
202319839023,Fourniture d'abris-bacs destinés à la collecte des biodéchets,210000.0,34928480-6,Transport & véhicules,Procédure adaptée,2023-12-29,25390063300020,,32181911200483,,BREVANS,Révisable
202435ACH230100,CHIMIE,120000.0,39830000-9,Mobilier & ménager,Procédure adaptée,2023-12-29,21380382800010,,32698156000054,,SAINT-EGREVE,Ferme et actualisable
20232304100,Fourniture gestion livraison de titres restaurants - Titres restaurant dématérialisé personnel salarié,5520000.0,30199770-8,Informatique & bureautique,Marché négocié sans publicité ni mise en concurrence préalable,2023-12-29,28974011000019,,64204436600242,,ST DENIS,Révisable
202435ACH230200,DROGUERIE,60000.0,39830000-9,Mobilier & ménager,Procédure adaptée,2023-12-29,21380382800010,,44030355000154,,SAINT-EGREVE,Ferme et actualisable
2023IMENAGE00,Matériel de Nettoyage,43401.5,39713410-0,Mobilier & ménager,Procédure adaptée,2023-12-29,21770482400010,,53257857200028,,Varennes-sur-Seine,Ferme
2023276310002,"23_2763_1_00 Evolution, maintenance et prestations associées du logiciel de la suite Scribe",165600.64,48900000-7,Logiciels,Procédure négociée avec mise en concurrence préalable,2023-12-29,22910228000018,,35028626600050,,EVRY COURCOURONNES,Révisable
2023SPEDF15-0100,Lot no01 : Approvisionnement de carburant par cartes accréditives des véhicules de la CCPCP,612000.0,30163100-0,Informatique & bureautique,Appel d'offres ouvert,2023-12-29,20006724700011,,52824980800031,,Châteaulin,Révisable
20232304200,Fourniture gestion livraison de titres restaurants - Titres restaurant dématérialisé personn. formation,720000.0,30199770-8,Informatique & bureautique,Appel d'offres ouvert,2023-12-29,28974011000019,,64204436600242,,ST DENIS,Révisable
2024RLV230500300,Achat de matériel pour les services techniques - lot 3 : Quincaillerie,50000.0,44316400-2,Matériaux de construction,Procédure adaptée,2023-12-29,20007075300013,,32968134000017,,Riom-Cedex,Ferme et actualisable
2023M2400006700,FRE ET LIV PETIT DEJ-GOUTER ET COLLATION ACTIVITES S.ENFANCE,195886.39,39222000-4,Mobilier & ménager,Procédure négociée avec mise en concurrence préalable,2023-12-29,26974018900023,,44931731200030,,STE MARIE,Ferme
202325-00300,Lot 3 : Produits surgelés,40000.0,38343000-1,Instruments de mesure,Procédure adaptée,2023-12-29,21240547600012,,31680701501340,,Terrasson-Lavilledieu,Révisable
202313000,"MDI/2023-130/Lot9/Abonnement, accès en ligne et fourniture de ressources documentaires numériques pour le Département de l'Isère et la Ville de Grenoble",180000.0,30211300-4,Informatique & bureautique,Appel d'offres ouvert,2023-12-29,22380001200013,,43232728600022,,GRENOBLE,Ferme
2024071900,24M02 GAULOYS BAXTER,41533207.49,33000000-0,Matériel médical,Appel d'offres ouvert,2023-12-29,26690025700046,,30431735700172,,Rhone,Révisable
2024071600,24M02 GAULOYS ACCORD HEALTHCARE,1924620.0,33000000-0,Matériel médical,Appel d'offres ouvert,2023-12-29,26690025700046,,50884521100038,,Rhone,Révisable
2024072300,24M02 GAULOYS PFIZER,5067247.73,33000000-0,Matériel médical,Appel d'offres ouvert,2023-12-29,26690025700046,,43362355000020,,Rhone,Révisable
202312900,"MDI/2023-129/Lot8/Abonnement, accès en ligne et fourniture de ressources documentaires numériques pour le Département de l'Isère et la Ville de Grenoble",40000.0,30211300-4,Informatique & bureautique,Appel d'offres ouvert,2023-12-29,22380001200013,,79350777300026,,GRENOBLE,Ferme
2023A13L100,ELECTRICITE ET CONNEXE,400000.0,44111000-1,Matériaux de construction,Appel d'offres ouvert,2023-12-29,21930078700013,,82448465300012,,VILLEPINTE,Révisable
2024000101,UNIHA - FOURNITURES DE CONSOMMABLES POUR IMPRIMANTES,167379.52,30125100-2,Informatique & bureautique,Appel d'offres ouvert,2023-12-29,20001803400013,,75377852100066,,SEINE ST DENIS,Révisable
202398755000,"Construction de 40 logements collectifs et d'une salle commune à Aulnoye Aymeries, rue Henri Barbusse: Lot 2 : Réseaux secs",35510.0,32400000-7,Télécommunications,Procédure adaptée,2023-12-29,45650355600080,,30713280300049,,AULNOYE AYMERIES,Révisable
2023M2400006900,FRE ET LIV REPAS FROID ACTIVITES ALSH ET MJ CCAS - LOT 2,63700.0,15894200-3,Alimentaire,Appel d'offres ouvert,2023-12-29,26974018900023,,44931731200030,,STE MARIE,Révisable
20242317200,FOURNITURES DE BUREAU DE LIBRAIRIE SCOALIRES ET MOBILIERS ADMINISTRATIFS SCOLAIRES DES COLLECTIVITES LOCALES  LOT 7 - L02 LIVRES NON SCOLAIRES A DESTINATION DES ECOLES,40000.0,22110000-4,Imprimés,Appel d'offres ouvert,2023-12-29,21830129900010,,65950183700010,,SIX-FOURS-LES-PLAGES,Ferme
2023MFO01000,"FOURNITURE DE PLOMBERIE, SANITAIRE ET CHAUFFAGE",400000.0,44115200-1,Matériaux de construction,Appel d'offres ouvert,2023-12-29,21650440700018,,56080040100112,,TARBES,Révisable
2023TC0400,ACQUISITION D'UNE EPANDEUSE A EMULSION NEUVE,150000.0,34144400-2,Transport & véhicules,Procédure adaptée,2023-12-29,21470001500016,,81953106200027,,AGEN,Ferme
2023362L600,FRUITS ET LEGUMES,49000.0,15300000-1,Alimentaire,Procédure adaptée,2023-12-29,20006541500016,,55204499202861,,LA HAGUE,Révisable
2023231300,"FOURNITURE DE MATERIELS, CONSOMMABLES ET DE PRODUITS D'ENTRETIEN ET D'HYGIENE - LOT 2 CONSOMMABLES ET OUATES",400000.0,33770000-8,Matériel médical,Appel d'offres ouvert,2023-12-29,21760451100014,,44031947300284,,MONT-SAINT-AIGNAN,Révisable
2023231200,"FOURNITURE DE MATERIELS, CONSOMMABLES ET PRODUITS D'ENTRETIEN ET D'HYGIENE - LOT 1 PRODUITS D'HYGIENE ET D'ENTRETIEN",400000.0,39800000-0,Mobilier & ménager,Appel d'offres ouvert,2023-12-29,21760451100014,,44030355000154,,MONT-SAINT-AIGNAN,Révisable
249938271,"Accord-cadre a bons de commandes pour les travaux sur les reseaux d'interphonie, de controle d'acces et videosurveillance sur le patrimoine de flandre opale habitat: Lot 1 : INTERPHONIE et#8211, CONTROLE Det#8217,ACCES et#8211, TERRITOIRE ARC SUD",32138.0,32360000-4,Télécommunications,Procédure adaptée,2023-12-29,61682020500154,,41838583700020,2.0,,Forfaitaire
2023091600,Maintenance parc société PERKINELMER SCIENTIFIC,200000.0,33000000-0,Matériel médical,Marché négocié sans publicité ni mise en concurrence préalable,2023-12-29,26310012500016,,92049283200026,,Occitanie,Révisable
20242316700,FOURNITURES DE BUREAU DE LIBRAIRIE SCOLAIRES ET MOBILIERS ADMINISTRATIFS SCOLAIRES DES COLLECTIVITES LOCALES  LOT 1 - F01 PAPIER TOUTES IMPRESSIONS (REPROGRAPHIE PHOTO ETC),44000.0,30197630-1,Informatique & bureautique,Appel d'offres ouvert,2023-12-29,21830129900010,,65950183700010,,SIX-FOURS-LES-PLAGES,Ferme
249887122,"Fourniture de rations alimentaires chaudes, froides et consommables nécessaires à la constitution d'une collation: Lot 2: Fourniture de rations alimentaires froides et cons",74000.0,15897100-3,Alimentaire,Procédure adaptée,2023-12-29,28130002000027,,39298581800047,2.0,,Unitaire
202312600,"MDI/2023-126/Lot5/Abonnement, accès en ligne et fourniture de ressources documentaires numériques pour le Département de l'Isère et la Ville de Grenoble",320000.0,30211300-4,Informatique & bureautique,Appel d'offres ouvert,2023-12-29,22380001200013,,43232728600022,,GRENOBLE,Ferme
2024002000000000,Fourniture de locaux et de repas pour la restauration scolaire du site de SEMUR Rempart,162144.0,15894200-3,Alimentaire,Procédure adaptée,2023-12-29,20007101700095,,77825876400019,,Semur-en-Auxois,Révisable
2023A2401100,MAINT VERIF PEIRODIQUES SYST DETECT. INCENDIE,70000.0,31625100-4,Matériel électrique,Procédure adaptée,2023-12-29,44078435300011,,52318138600021,,METZ,Révisable
2024072500,24M02 GAULOYS ESTEVE PHARMACEUTICALS-CSP,586740.02,33000000-0,Matériel médical,Appel d'offres ouvert,2023-12-29,26690025700046,,49284635700043,,Rhone,Révisable
249938293,"Accord-cadre a bons de commandes pour les travaux sur les reseaux d'interphonie, de controle d'acces et videosurveillance sur le patrimoine de flandre opale habitat: Lot 3 : INTERPHONIE et#8211, CONTROLE Det#8217,ACCES et#8211, TERRITOIRE LITTORAL",40279.0,32360000-4,Télécommunications,Procédure adaptée,2023-12-29,61682020500154,,38878492800193,2.0,,Forfaitaire
2024071700,24M02 GAULOYS CORREVIO_CSP,879459.0,33000000-0,Matériel médical,Appel d'offres ouvert,2023-12-29,26690025700046,,85720052100022,,Rhone,Révisable
202312400,"MDI/2023-124/Lot3/Abonnement, accès en ligne et fourniture de ressources documentaires numériques pour le Département de l'Isère et la Ville de Grenoble",100000.0,30211300-4,Informatique & bureautique,Marché négocié sans publicité ni mise en concurrence préalable,2023-12-29,22380001200013,,33132078800028,,GRENOBLE,Ferme
202313200,"MDI/2023-132/Lot11/Abonnement, accès en ligne et fourniture de ressources documentaires numériques pour le Département de l'Isère et la Ville de Grenoble",160000.0,30211300-4,Informatique & bureautique,Appel d'offres ouvert,2023-12-29,22380001200013,,49334147300079,,GRENOBLE,Ferme
202398753700,MERSCOPE -Technologie MERFISH,232226.0,38510000-3,Instruments de mesure,Marché passé sans publicité ni mise en concurrence préalable,2023-12-29,77574110100031,,,,GUSTAVE ROUSSY,Ferme et actualisable
2023L01200,TRAVAUX REALISATION ESPACE SANTE SIMONE VEIL LOT 3 COURANTS FORT ET FAIBLES - SSI,66458.14,44115800-7,Matériaux de construction,Procédure adaptée,2023-12-29,21130117100016,,81800844300033,,13127,Ferme
202323EXP0230000,FOURNITURE DE FIL RECUIT POUR PRESSE A BALLES,480000.0,44531700-8,Matériaux de construction,Appel d'offres ouvert,2023-12-29,45337299700016,,,,CATUS,Révisable
2023IMENAGE01,Matériel de Nettoyage,43401.5,39713410-0,Mobilier & ménager,Procédure adaptée,2023-12-29,21770482400010,,53257857200028,,Varennes-sur-Seine,Ferme
202423000650100,FOURNITURE & POSE DE MOBILIER D'AMENAGEMENT CONSERVATOIRE KB,115357.21,39130000-2,Mobilier & ménager,Procédure adaptée,2023-12-29,20005801400016,,39952875100049,,ORLY,Ferme
202322N0823-0000,DP-FOURNITURES ET POSE DE COMPTEURS VELOS ET DE TOTEMS D'AFFICHAGE,480000.0,38550000-5,Instruments de mesure,Appel d'offres ouvert,2023-12-29,20003019500115,,47762777200023,,NICE CEDEX 4,Révisable
2023PA23170100,FOURNITURE D'OUTILLAGE A MAINS ET DE CONSOMMABLES - LOT N°1 - OUTILLAGE POLYVALENT,72000.0,44512000-2,Matériaux de construction,Procédure adaptée,2023-12-29,21310069600011,,66850296600041,,BLAGNAC,Ferme
20232304300,Fourniture gestion livraison de titres restaurants - Titres restaurant dématérialisé SPV,1920000.0,30199770-8,Informatique & bureautique,Appel d'offres ouvert,2023-12-29,28974011000019,,64204436600242,,ST DENIS,Révisable
2024071501,24M02 GAULOYS MEDIPHA SANTE CSP LOT 71 AU 01/01/2025,308221.66,33000000-0,Matériel médical,Appel d'offres ouvert,2023-12-29,26690025700046,,85720052100022,,Rhone,Révisable
2024072200,24M02 GAULOYS CELLTRION HEALTHCARE ALLOGA,3512621.98,33000000-0,Matériel médical,Appel d'offres ouvert,2023-12-29,26690025700046,,84965054400034,,Rhone,Révisable
202323150100,FOURNITURES SCOLAIRES ET ADMINISTRATIVES - LOT 1 FOURNITURES SCOLAIRES ET MATÉRIELS POUR LES ACTIVITÉS MANUELLES (HORS PETITE ENFANCE),150000.0,39162110-9,Mobilier & ménager,Procédure adaptée,2023-12-28,21760451100014,,40149482800023,,MONT-SAINT-AIGNAN,Révisable
2023070100000000,LOT 1 PRODUITS D'ENTRETIEN,40000.0,39830000-9,Mobilier & ménager,Procédure adaptée,2023-12-28,21060108400010,,41306933700041,,La Roquette-sur-Siagne,Ferme et actualisable
20232024F0001800,"Fournitures de denrées alimentaires et fournitures diverses pour la commune de Theix-Noyalo - Viandes fraîches de bœuf, veau, agneau bio",4000.0,15110000-2,Alimentaire,Appel d'offres ouvert,2023-12-28,20005595200010,,32231483200021,,(56) Morbihan,
20232024F0001000,"Fournitures de denrées alimentaires et fournitures diverses pour la commune de Theix-Noyalo - Bases culinaires, épices, préparations et ingrédients",7000.0,15893100-5,Alimentaire,Appel d'offres ouvert,2023-12-28,20005595200010,,33187698700024,,(56) Morbihan,
202306090827G00,TVX CONSTRUCTION MAISON HABITAT LOT07,49193.51,44316500-3,Matériaux de construction,Appel d'offres ouvert,2023-12-28,24440064400013,,89365952400027,,SAINT-NAZAIRE,Révisable
20232319010000,"TRVX RENOUVELLEMENT RESEAUX EAUX POTABLE, USEES, PLUVIALES",1090439.2,44162500-8,Matériaux de construction,Procédure adaptée,2023-12-28,21370156800015,,42134004300072,,MONTLOUIS SUR LOIRE,Ferme
2023X14900,ABONNEMENT 2024-2026 A UNE PLATEFORME NUMERIQUE DU RESEAU DE LA MEDIATHEQUE DEPARTEMENTALE (AVEC PARTICIPATION FINANCIERE DE PLUSIEURS COMMUNES ET EPCI),175000.0,48161000-4,Logiciels,Marché négocié sans publicité ni mise en concurrence préalable,2023-12-28,22880001700011,,34841061400021,,LES VOSGES,Ferme
20232024F0002800,Fournitures de denrées alimentaires et fournitures diverses pour la commune de Theix-Noyalo - Viandes fraîches de porc conventionnelles et labellisées,11000.0,15113000-3,Alimentaire,Appel d'offres ouvert,2023-12-28,20005595200010,,31680701500706,,(56) Morbihan,
2023C3F09128AU00,FOURNITURE DENRÉES ALIMENTAIRES :  LOT 28 EAUX GELIFIEES,80000.0,15880000-0,Alimentaire,Appel d'offres ouvert,2023-12-28,26870853400014,,40302939000065,,CCAS LIMOGES,Révisable
202330394100,ACHAT LOCATION AUTOLAVEUSE ET MONOBROSSE,90000.0,39713410-0,Mobilier & ménager,Procédure adaptée,2023-12-28,24250036100017,,32328624500051,,Département du Doubs,Ferme
20232023-13-200,Lot 2- Achat,40000.0,35113400-3,Sécurité & défense,Procédure adaptée,2023-12-28,20006702300016,,32997932200032,,COUTANCES,Révisable
2024069900,24M02 GAULOYS VIATRIS SANTE,551523.89,33000000-0,Matériel médical,Appel d'offres ouvert,2023-12-28,26690025700046,,39929538500070,,Rhone,Révisable
20232023F0003800,Fournitures de denrées alimentaires et fournitures diverses pour la commune de Theix-Noyalo - Fruits et légumes frais conventionnels,43000.0,15300000-1,Alimentaire,Appel d'offres ouvert,2023-12-28,20005595200010,,80853384800012,,(56) Morbihan,
20232024F0002600,Fournitures de denrées alimentaires et fournitures diverses pour la commune de Theix-Noyalo - Viandes fraîches de porc conventionnelles et labellisées,11000.0,15113000-3,Alimentaire,Appel d'offres ouvert,2023-12-28,20005595200010,,86550051600238,,(56) Morbihan,
20232024F0002300,Fournitures de denrées alimentaires et fournitures diverses pour la commune de Theix-Noyalo - Viandes fraîches de porc bio,2000.0,15113000-3,Alimentaire,Appel d'offres ouvert,2023-12-28,20005595200010,,86550051600238,,(56) Morbihan,
2023V23F0080300,FRN PDT ENTRETIEN LT3 ESSUYAGE ET HYGIENE,73333.32,39830000-9,Mobilier & ménager,Procédure adaptée,2023-12-28,21680154800019,,34391449500027,,ILLZACH CEDEX,Révisable
20232023F0003900,Fournitures de denrées alimentaires et fournitures diverses pour la commune de Theix-Noyalo - Fruits et légumes frais conventionnels,43000.0,15300000-1,Alimentaire,Appel d'offres ouvert,2023-12-28,20005595200010,,80480955600017,,(56) Morbihan,
20232024F0001900,"Fournitures de denrées alimentaires et fournitures diverses pour la commune de Theix-Noyalo - Viandes fraîches de bœuf, veau, agneau bio",4000.0,15110000-2,Alimentaire,Appel d'offres ouvert,2023-12-28,20005595200010,,50851378500123,,(56) Morbihan,
20232024F0000700,Fournitures de denrées alimentaires et fournitures diverses pour la commune de Theix-Noyalo - Produits d'épicerie générique conventionnelle,99000.0,15800000-6,Alimentaire,Appel d'offres ouvert,2023-12-28,20005595200010,,43392733200265,,(56) Morbihan,
20232024F0003500,Fournitures de denrées alimentaires et fournitures diverses pour la commune de Theix-Noyalo - Produits d'entretien courant et articles de droguerie,5000.0,39830000-9,Mobilier & ménager,Appel d'offres ouvert,2023-12-28,20005595200010,,50315165600033,,(56) Morbihan,
20232024F0001100,"Fournitures de denrées alimentaires et fournitures diverses pour la commune de Theix-Noyalo - Produits laitiers, beurre, œufs, fromages",85000.0,15550000-8,Alimentaire,Appel d'offres ouvert,2023-12-28,20005595200010,,43392733200265,,(56) Morbihan,
20232024F0002100,"Fournitures de denrées alimentaires et fournitures diverses pour la commune de Theix-Noyalo - Viandes fraîches de bœuf, veau, agneau conventionnelles et labellisées",48000.0,15110000-2,Alimentaire,Appel d'offres ouvert,2023-12-28,20005595200010,,32231483200021,,(56) Morbihan,
2023A13L1000,MATERIAUX DE VOIRIE,200000.0,44111000-1,Matériaux de construction,Appel d'offres ouvert,2023-12-28,21930078700013,,80243477900038,,VILLEPINTE,Révisable
2024240200,ACHAT ET MAINTENANCE DE VIDEO-PROJECTEURS INTERACTIFS (VP) POUR LES ECOLES DE LA VILLE DE BOUGUENAIS,135000.0,38652120-7,Instruments de mesure,Procédure adaptée,2023-12-28,21440020200013,,35009370400657,5.0,,Unitaire
20232023F0003600,Fournitures de denrées alimentaires et fournitures diverses pour la commune de Theix-Noyalo - Fruits et légumes frais bio,29000.0,15300000-1,Alimentaire,Appel d'offres ouvert,2023-12-28,20005595200010,,32954199900010,,(56) Morbihan,
20232024F0000900,"Fournitures de denrées alimentaires et fournitures diverses pour la commune de Theix-Noyalo - Bases culinaires, épices, préparations et ingrédients",7000.0,15893100-5,Alimentaire,Appel d'offres ouvert,2023-12-28,20005595200010,,38239726300031,,(56) Morbihan,
20232024F0000300,Fournitures de denrées alimentaires et fournitures diverses pour la commune de Theix-Noyalo - Produits alimentaires surgelés conventionnels,58000.0,15896000-5,Alimentaire,Appel d'offres ouvert,2023-12-28,20005595200010,,31680701500706,,(56) Morbihan,
2023TX0011-100,PITHIVIERS_LOT 01 EAU POTABLE_REQUALIFICATION RUE CAPITAINE GIRY,96126.2,44162500-8,Matériaux de construction,Procédure adaptée,2023-12-28,20006628000096,,32933888305004,,PITHIVIERS-LE-VIEIL,Révisable
202323150200,FOURNITURES SCOLAIRES ET ADMINISTRATIVES - LOT 1 FOURNITURES SCOLAIRES ET MATÉRIELS POUR LES ACTIVITÉS MANUELLES (HORS PETITE ENFANCE),150000.0,39162110-9,Mobilier & ménager,Procédure adaptée,2023-12-28,21760451100014,,38498856400025,,MONT-SAINT-AIGNAN,Révisable
20237420231200,74202312  LOT 1 : ACHAT D?UN VEHICULE ISOTHERME NEUF,44698.93,34144700-5,Transport & véhicules,Procédure adaptée,2023-12-28,21130039700018,,47991657900010,,FOS SUR MER CEDEX,Ferme
202423SAB12LT100,2024-2027 FOURNITURE TENUE TRAVAIL HAUTE VISIBILITE,600000.0,18410000-6,Vêtements,Procédure adaptée,2023-12-28,21720264700012,,33990152200047,,SABLE SUR SARTHE,Révisable
20232023F0003000,Fournitures de denrées alimentaires et fournitures diverses pour la commune de Theix-Noyalo - Produits de la mer frais,60000.0,15200000-0,Alimentaire,Appel d'offres ouvert,2023-12-28,20005595200010,,34965524100025,,(56) Morbihan,
20232023F0003500,Fournitures de denrées alimentaires et fournitures diverses pour la commune de Theix-Noyalo - Fruits et légumes frais bio,29000.0,15300000-1,Alimentaire,Appel d'offres ouvert,2023-12-28,20005595200010,,80853384800012,,(56) Morbihan,
20232023F0002800,Fournitures de denrées alimentaires et fournitures diverses pour la commune de Theix-Noyalo - Produits de la mer frais,60000.0,15200000-0,Alimentaire,Appel d'offres ouvert,2023-12-28,20005595200010,,55204499202614,,(56) Morbihan,
2023AOO00158,"Fourniture, livraison et installation d'équipements et de matériels pédagogiques pour les antennes formation de la Chambre de métiers et de l'artisanat Hauts-de-France: Lot 8: ÉQUIPEMENTS ESTHÉTIQUES",80000.0,39162100-6,Mobilier & ménager,Appel d'offres ouvert,2023-12-28,13002374000439,,41040745600038,2.0,,Unitaire
2023-007 LOT 100,IMPRESSION  DES SUPPORTS DE COMMUNICATIONS,152000.0,22000000-0,Imprimés,Procédure adaptée,2023-12-28,24770070100136,,78735021400039,,NANGIS,Révisable
2023A13L500,SERRURERIE ET CONNEXE,200000.0,44111000-1,Matériaux de construction,Appel d'offres ouvert,2023-12-28,21930078700013,,32968134000173,,VILLEPINTE,Révisable
2023BSM036CART00,FOURNITURE DE TITRES-RESTAURANT POUR LES AGENTS DE LA COMMUNE DE BOURG SAINT MAURICE-LES ARCS,684000.0,22000000-0,Imprimés,Appel d'offres ouvert,2023-12-28,21730054000010,,64204436600242,,COMMUNE DE BOURG SAINT MAURICE,Révisable
2024070100,24M02 GAULOYS CSP,186553.68,33000000-0,Matériel médical,Appel d'offres ouvert,2023-12-28,26690025700046,,85720052100022,,Rhone,Révisable
2023AOO00162,Fourniture et livraison d'équipements pédagogiques pour la formation automobile de la Chambre de métiers et de l'artisanat Hauts-de-France: Lot 2: Outils de diagnostic multimarques et calibration,720000.0,33124100-6,Matériel médical,Appel d'offres ouvert,2023-12-28,13002374000439,,58558103600019,6.0,,Unitaire
20232023F0003700,Fournitures de denrées alimentaires et fournitures diverses pour la commune de Theix-Noyalo - Fruits et légumes frais conventionnels,43000.0,15300000-1,Alimentaire,Appel d'offres ouvert,2023-12-28,20005595200010,,55204499202614,,(56) Morbihan,
20232024F0003200,"Fournitures de denrées alimentaires et fournitures diverses pour la commune de Theix-Noyalo - Produits jetables, essuyage, hygiène du personnel, cuisine",7000.0,39830000-9,Mobilier & ménager,Appel d'offres ouvert,2023-12-28,20005595200010,,50315165600033,,(56) Morbihan,
202391283900,ACHAT LOCATION AUTOLAVEUSE ET MONOBROSSE,105000.0,39713410-0,Mobilier & ménager,Procédure adaptée,2023-12-28,21250056500016,,32328624500051,,BESANCON,Ferme
20232024F0002500,Fournitures de denrées alimentaires et fournitures diverses pour la commune de Theix-Noyalo - Viandes fraîches de porc bio,2000.0,15113000-3,Alimentaire,Appel d'offres ouvert,2023-12-28,20005595200010,,31680701500706,,(56) Morbihan,
202423CPS11LT100,2024-2027 FOURNITURES DE TENUES DE TRAVAIL HAUTE VISIBLITE,600000.0,18410000-6,Vêtements,Procédure adaptée,2023-12-28,24720009000014,,33990152200047,,SABLE SUR SARTHE,Révisable
20242024010100,MOBILIER SCOLAIRE,60000.0,39160000-1,Mobilier & ménager,Procédure adaptée,2023-12-28,21950527800057,,84966150900026,,ROISSY EN FRANCE,Ferme
2023A13L300,PEINTURE REVETEMENTS DE SOLS ET CONNEXE,360000.0,44111000-1,Matériaux de construction,Appel d'offres ouvert,2023-12-28,21930078700013,,30628930703402,,VILLEPINTE,Révisable
20232024F0000600,Fournitures de denrées alimentaires et fournitures diverses pour la commune de Theix-Noyalo - Produits d'épicerie générique conventionnelle,99000.0,15800000-6,Alimentaire,Appel d'offres ouvert,2023-12-28,20005595200010,,33187698700024,,(56) Morbihan,
20232024F0000100,Fournitures de denrées alimentaires et fournitures diverses pour la commune de Theix-Noyalo - Produits alimentaires surgelés conventionnels,58000.0,15896000-5,Alimentaire,Appel d'offres ouvert,2023-12-28,20005595200010,,86550051600238,,(56) Morbihan,
2023231700,FOURNITURES SCOLAIRES ET ADMINISTRATIVES - LOT 3 MATERIELS ADMINISTRATIFS,56000.0,30192000-1,Informatique & bureautique,Procédure adaptée,2023-12-28,21760451100014,,38498856400025,,MONT-SAINT-AIGNAN,Révisable
241000008,"DEVELOPPEMENT, MISE A DISPOSITION ET ACCOMPAGNEMENT DANS L'UTILISATION D'UN LOGICIEL ERP ("" ENTERPRISE RESOURCE PLANNING "") DANS LE DOMAINE DES ENERGIES RENOUVELABLES",150000.0,48421000-5,Logiciels,Procédure adaptée,2023-12-28,75256187800014,,89140307300010,3.0,,Forfaitaire
20232023-13-100,lot 1- location/entretien,40000.0,35113400-3,Sécurité & défense,Procédure adaptée,2023-12-28,21500147000016,,77573383500497,,COUTANCES,Révisable
2023269010204,"23_2690_1_02 Lot 2 usages et services numériques, territoires intelligents_MPGP mise en place de serv. interconnexion de sites et d'équipements publics, ainsi que le déploiement d'usages et de servi. numériques à destination collecti. territo et EPCI 91",75000000.0,32523000-5,Télécommunications,Appel d'offres ouvert,2023-12-28,20006609000016,,39776783100811,,EVRY COURCOURONNES,Révisable
2024070300,24M02 GAULOYS HIKMA ALLOGA,110080234.49,33000000-0,Matériel médical,Appel d'offres ouvert,2023-12-28,26690025700046,,58211867500054,,Rhone,Révisable
20232304500,LOT 3 PRODUITS BOF,720000.0,15550000-8,Alimentaire,Appel d'offres ouvert,2023-12-28,21760322400015,,32077461500027,,Grand Quevilly,Révisable
2023V3M42100GF00,ACQUISITION D UN VEHICULE FUNERAIRE DE TRANSPORT DE CORPS AVANT MISE EN BIERE,52896.42,34114000-9,Transport & véhicules,Procédure adaptée,2023-12-28,21870850100018,,41032225900020,,VILLE DE LIMOGES,Ferme
20232023F0003200,Fournitures de denrées alimentaires et fournitures diverses pour la commune de Theix-Noyalo - Fruits et légumes 4ème et 5ème gamme,34000.0,15300000-1,Alimentaire,Appel d'offres ouvert,2023-12-28,20005595200010,,80853384800012,,(56) Morbihan,
20232024F0001200,"Fournitures de denrées alimentaires et fournitures diverses pour la commune de Theix-Noyalo - Produits laitiers, beurre, œufs, fromages",85000.0,15550000-8,Alimentaire,Appel d'offres ouvert,2023-12-28,20005595200010,,55204499202267,,(56) Morbihan,
20232024F0003000,Fournitures de denrées alimentaires et fournitures diverses pour la commune de Theix-Noyalo - Viandes fraîches de volailles bio,3000.0,15112100-7,Alimentaire,Appel d'offres ouvert,2023-12-28,20005595200010,,6620009800086,,(56) Morbihan,
20232024F0000200,Fournitures de denrées alimentaires et fournitures diverses pour la commune de Theix-Noyalo - Produits alimentaires surgelés conventionnels,58000.0,15896000-5,Alimentaire,Appel d'offres ouvert,2023-12-28,20005595200010,,55204499202267,,(56) Morbihan,
20232024F0000100,Fourniture de services internet du siège et des sites distants - Accès internet du siège de Golfe du Morbihan - Vannes agglomération en fibre optique,88000.0,32412000-4,Télécommunications,Procédure adaptée,2023-12-28,20006793200018,,47889051000017,,(56) Morbihan,Révisable
20232024F0001700,"Fournitures de denrées alimentaires et fournitures diverses pour la commune de Theix-Noyalo - Viandes fraîches de bœuf, veau, agneau bio",4000.0,15110000-2,Alimentaire,Appel d'offres ouvert,2023-12-28,20005595200010,,86550051600238,,(56) Morbihan,
20232304600,LOT 4 PRODUITS BOF CIRCUIT COURT,120000.0,15550000-8,Alimentaire,Appel d'offres ouvert,2023-12-28,21760322400015,,50821668600016,,Grand Quevilly,Révisable
2024069800,24M02 GAULOYS ARROW GENERIQUES,265532.02,33000000-0,Matériel médical,Appel d'offres ouvert,2023-12-28,26690025700046,,43394448500021,,Rhone,Révisable
2023091414MVE00,FOURNITURE ET POSE TABLEAUX VITRINES,331200.0,30195600-8,Informatique & bureautique,Appel d'offres ouvert,2023-12-28,21440184600016,,40267356000023,,SAINT-NAZAIRE,Révisable
20232024F0003900,Fournitures de denrées alimentaires et fournitures diverses pour la commune de Theix-Noyalo - Viandes fraîches de volailles conventionnelles et labellisées,26000.0,15112100-7,Alimentaire,Appel d'offres ouvert,2023-12-28,20005595200010,,6620009800086,,(56) Morbihan,
20232023F0003300,Fournitures de denrées alimentaires et fournitures diverses pour la commune de Theix-Noyalo - Fruits et légumes 4ème et 5ème gamme,34000.0,15300000-1,Alimentaire,Appel d'offres ouvert,2023-12-28,20005595200010,,80480955600017,,(56) Morbihan,
2024070700,24M02 GAULOYS ASTRAZENECA,79846.96,33000000-0,Matériel médical,Appel d'offres ouvert,2023-12-28,26690025700046,,55820107500071,,Rhone,Révisable
2023269010202,"23_2690_1_02 Lot 2 usages et services numériques, territoires intelligents_MPGP mise en place de serv. interconnexion de sites et d'équipements publics, ainsi que le déploiement d'usages et de servi. numériques à destination collecti. territo et EPCI 91",75000000.0,32523000-5,Télécommunications,Appel d'offres ouvert,2023-12-28,20006609000016,,50124162400045,,EVRY COURCOURONNES,Révisable
2024053000,24M02 GAULOYS VIATRIS SANTE LOT 77 AU 01/01/2024,65820.0,33000000-0,Matériel médical,Appel d'offres ouvert,2023-12-28,26690025700046,,39929538500070,,Rhone,Révisable
249935491,Aménagements sur divers ouvrages d'assainissement - Lot 1 : Métallerie et électro-mécanique,149730.0,31710000-6,Matériel électrique,Procédure adaptée,2023-12-28,20007011800019,,97350735300025,2.0,,Forfaitaire
2023269010101,"23_2690_1_01_Lot 1_Infrastructures_MPGP pour la mise en place de services d'interconnexion de sites d'équipements publics, ainsi que le déploiement d'usages et de services numériques à destination des collectivités territoriales et des EPCI de l'Essonne",55000000.0,32523000-5,Télécommunications,Appel d'offres ouvert,2023-12-28,20006609000016,,43909965600142,,EVRY COURCOURONNES,Révisable
20232024F0003600,Fournitures de denrées alimentaires et fournitures diverses pour la commune de Theix-Noyalo - Produits d'entretien courant et articles de droguerie,5000.0,39830000-9,Mobilier & ménager,Appel d'offres ouvert,2023-12-28,20005595200010,,44030355000154,,(56) Morbihan,
20232024F0002900,Fournitures de denrées alimentaires et fournitures diverses pour la commune de Theix-Noyalo - Viandes fraîches de volailles bio,3000.0,15112100-7,Alimentaire,Appel d'offres ouvert,2023-12-28,20005595200010,,86550051600238,,(56) Morbihan,
2023EIFFAGE00,Aménagement entrée nord LO rd 338 - E Duduc,512544.13,39200000-4,Mobilier & ménager,Procédure adaptée,2023-12-28,20008707000013,,39882711300323,,69490 VINDRY-SUR-TURDINE,Révisable
243199,Fourniture de spécialités pharmaceutiques - relance de lots au profit des adhérents du GCS GRAPS Grand Est lot 1720,22409.0,33600000-6,Matériel médical,Appel d'offres ouvert,2023-12-28,13002682600011,,75077566000012,36.0,,Unitaire
20232023F0002900,Fournitures de denrées alimentaires et fournitures diverses pour la commune de Theix-Noyalo - Produits de la mer frais,60000.0,15200000-0,Alimentaire,Appel d'offres ouvert,2023-12-28,20005595200010,,80480955600017,,(56) Morbihan,
2023F2302001,ACHAT MISE EN PLACE MANCHES FILTRANTES CATALYTIQUE,487903.0,39525200-0,Mobilier & ménager,Appel d'offres ouvert,2023-12-28,44078435300037,,,,METZ,Révisable
2023269010200,"23_2690_1_02 Lot 2 usages et services numériques, territoires intelligents_MPGP mise en place de serv. interconnexion de sites et d'équipements publics, ainsi que le déploiement d'usages et de servi. numériques à destination collecti. territo et EPCI 91",75000000.0,32523000-5,Télécommunications,Appel d'offres ouvert,2023-12-28,20006609000016,,52904067700567,,EVRY COURCOURONNES,Révisable
2023A13L400,QUINCAILLERIE ET CONNEXE,360000.0,44111000-1,Matériaux de construction,Appel d'offres ouvert,2023-12-28,21930078700013,,40309296800029,,VILLEPINTE,Révisable
20232023F0007700,"Acquisition, transport et mise en service d'une station de carburant container",59990.0,44611400-0,Matériaux de construction,Procédure adaptée,2023-12-28,25220316100028,,39500831100056,,(22) Côtes-d'Armor,Ferme et actualisable
2023V3F35918AU00,FOURNITURES DE DENREES ALIMENTAIRES LOT 18 :SUBSTITUT DE VIANDE A BASE DE PROTEINES VEGETALES FRAIS ET SURGELES,220000.0,15800000-6,Alimentaire,Appel d'offres ouvert,2023-12-28,21870850100018,,31680701501340,,VILLE DE LIMOGES,Révisable
2023011300000001,FOURNITURE DE MATERIELS + REALISATION DES PRESTATIONS DE SERVICES ASSOCIEES + MAINTENANCE PREVENTIVE ET CURATIVE DE LA SOLUTION EN PLACE POUR LA SECURITE PHYSIQUE DES BIENS ET DES PERSONNES DU,323660.12,35113100-0,Sécurité & défense,Appel d'offres ouvert,2023-12-28,26590673500013,,43419008800022,,FRANCE,Révisable
2023REXEL EP00,Fourniture de matériels pour l'éclairage public - sources lumineuses et appareillages,100000.0,31000000-6,Matériel électrique,Appel d'offres ouvert,2023-12-28,25090018000036,,30930461605851,,Foix,Ferme
2023CAD1600,Acquisition de livres non scolaires et dcuments imprimés pour la bibliothèque René Char de Cadenet,40500.0,22113000-5,Imprimés,Procédure adaptée,2023-12-28,21840026500011,,89977429300018,,Cadenet,Ferme
202323DMG62900,"23DMG629 : LOT 2 - Acquisition d?ouvrages non scolaires, publications spécialisées, pour les Services de la Collectivité de Corse - Bastia",80000.0,22110000-4,Imprimés,Procédure adaptée,2023-12-28,20007695800012,,48184399300017,,AJACCIO CEDEX 1,Révisable
2023ST03500,ACQUISITION DE VEHICULES LEGERS - MAPA - 3 VÉHICULES LÉGERS HYBRIDE,68229.87,34100000-8,Transport & véhicules,Procédure adaptée,2023-12-28,28972001300027,,42814876100029,,FORT DE FRANCE,Ferme
20232023F0003100,Fournitures de denrées alimentaires et fournitures diverses pour la commune de Theix-Noyalo - Fruits et légumes 4ème et 5ème gamme,34000.0,15300000-1,Alimentaire,Appel d'offres ouvert,2023-12-28,20005595200010,,55204499202614,,(56) Morbihan,
20232024F0000100,Refonte de l’infrastructure de virtualisation et de stockage de la Ville de Vannes et de Golfe du Morbihan Vannes Agglomération,1000000.0,48822000-6,Logiciels,Appel d'offres ouvert,2023-12-28,21560260800014,,34503941600028,,(56) Morbihan,Révisable
2023A13L700,BOIS ET DERIVES,200000.0,44111000-1,Matériaux de construction,Appel d'offres ouvert,2023-12-28,21930078700013,,30322778900052,,VILLEPINTE,Révisable
2023V3F35901AU00,LOT 01 VIANDES SURGELEES FOURNITURE DE DENREES ALIMENTAIRES,200000.0,15896000-5,Alimentaire,Appel d'offres ouvert,2023-12-28,21870850100018,,31680701501340,,VILLE DE LIMOGES,Révisable
2023-01200,FOURNITURE DE PETITS EQUIPEMENTS-PIECES MECANIQUES POUR VL,40000.0,34324000-4,Transport & véhicules,Procédure adaptée,2023-12-28,20006542300010,,49487640200012,,SEGRE EN ANJOU BLEU,Ferme et actualisable
2023C3F09101AU00,LOT 01 VIANDES SURGELEES,600000.0,15896000-5,Alimentaire,Appel d'offres ouvert,2023-12-28,26870853400014,,31680701501340,,CCAS LIMOGES,Révisable
20232024F0002000,"Fournitures de denrées alimentaires et fournitures diverses pour la commune de Theix-Noyalo - Viandes fraîches de bœuf, veau, agneau conventionnelles et labellisées",48000.0,15110000-2,Alimentaire,Appel d'offres ouvert,2023-12-28,20005595200010,,86550051600238,,(56) Morbihan,
2024319900,Fourniture de spécialités pharmaceutiques - relance de lots au profit des adhérents du GCS GRAPS Grand Est lot 1720,22409.0,33600000-6,Matériel médical,Appel d'offres ouvert,2023-12-28,13002682600011,,75077566000012,,GRAND EST,Révisable
2023A13L200,PLOMBERIE ET CONNEXE,400000.0,44111000-1,Matériaux de construction,Appel d'offres ouvert,2023-12-28,21930078700013,,77558685200227,,VILLEPINTE,Révisable
20232024F0001500,"Fournitures de denrées alimentaires et fournitures diverses pour la commune de Theix-Noyalo - Charcuterie conventionnelle, labellisée, bio",21000.0,15131120-2,Alimentaire,Appel d'offres ouvert,2023-12-28,20005595200010,,55204499202267,,(56) Morbihan,
20232024F0002400,Fournitures de denrées alimentaires et fournitures diverses pour la commune de Theix-Noyalo - Viandes fraîches de porc bio,2000.0,15113000-3,Alimentaire,Appel d'offres ouvert,2023-12-28,20005595200010,,71920180800057,,(56) Morbihan,
2023ST03400,ACQUISITION DE VEHICULES LEGERS - MAPA - 2 FOURGONNETTES UTILITAIRES 5 P,53956.84,34100000-8,Transport & véhicules,Procédure adaptée,2023-12-28,28972001300027,,42814876100029,,FORT DE FRANCE,Ferme
2023V3M42100GF01,ACQUISITION D UN VEHICULE FUNERAIRE DE TRANSPORT DE CORPS AVANT MISE EN BIERE,52896.42,34114000-9,Transport & véhicules,Procédure adaptée,2023-12-28,21870850100018,,41032225900020,,VILLE DE LIMOGES,Ferme
20230450100,TX REHABILITATION RESEAUX AEP ET BRANHTS COEUR DE VILLE VERNON,125354.0,44162500-8,Matériaux de construction,Marché négocié sans publicité ni mise en concurrence préalable,2023-12-28,20007231200016,,43998740500024,,DOUAINS,Révisable
20232024F0003800,Fournitures de denrées alimentaires et fournitures diverses pour la commune de Theix-Noyalo - Viandes fraîches de volailles conventionnelles et labellisées,26000.0,15112100-7,Alimentaire,Appel d'offres ouvert,2023-12-28,20005595200010,,86550051600238,,(56) Morbihan,
20232024F0001400,"Fournitures de denrées alimentaires et fournitures diverses pour la commune de Theix-Noyalo - Charcuterie conventionnelle, labellisée, bio",21000.0,15131120-2,Alimentaire,Appel d'offres ouvert,2023-12-28,20005595200010,,86550051600238,,(56) Morbihan,
20232024F0003700,Fournitures de denrées alimentaires et fournitures diverses pour la commune de Theix-Noyalo - Produits d'entretien courant et articles de droguerie,5000.0,39830000-9,Mobilier & ménager,Appel d'offres ouvert,2023-12-28,20005595200010,,44031947300268,,(56) Morbihan,
24000002,"Fourniture de forfait d'hémodialyse en coût à la séance pour le centre hospitalier eure-seine, site de vernon: Accord cadre",1500000.0,33181100-3,Matériel médical,Procédure avec négociation,2023-12-28,26270874600215,,34821460200024,3.0,,Unitaire
2023K2322400,FOURNITURE DE VEHICULES LEGERS DE VEHICULES UTILITAIRES LEGERS DE VEHICULES UTILITAIRES BENNES ET D UN POIDS LOURD POUR L AGGLOMERATION DU COTENTIN,52121.14,34100000-8,Transport & véhicules,Appel d'offres ouvert,2023-12-28,20006720500019,,34269247200026,,MANCHE,Ferme
20232024F0001600,"Fournitures de denrées alimentaires et fournitures diverses pour la commune de Theix-Noyalo - Charcuterie conventionnelle, labellisée, bio",21000.0,15131120-2,Alimentaire,Appel d'offres ouvert,2023-12-28,20005595200010,,31680701500706,,(56) Morbihan,
2024320800,Fourniture de spécialités pharmaceutiques - relance de lots au profit des adhérents du GCS GRAPS Grand Est lot 12102,4932.0,33600000-6,Matériel médical,Appel d'offres ouvert,2023-12-28,13002682600011,,8548079600151,,GRAND EST,Révisable
20232024F0003400,"Fournitures de denrées alimentaires et fournitures diverses pour la commune de Theix-Noyalo - Produits jetables, essuyage, hygiène du personnel, cuisine",7000.0,39830000-9,Mobilier & ménager,Appel d'offres ouvert,2023-12-28,20005595200010,,44031947300268,,(56) Morbihan,
2023BSM036CHEQ00,FOURNITURE DE TITRES-RESTAURANT POUR LES AGENTS DE LA COMMUNE DE BOURG SAINT MAURICE-LES ARCS,516000.0,22000000-0,Imprimés,Appel d'offres ouvert,2023-12-28,21730054000010,,64204436600242,,COMMUNE DE BOURG SAINT MAURICE,Révisable
2024070600,24M02 GAULOYS TEVA SANTE,298215.57,33000000-0,Matériel médical,Appel d'offres ouvert,2023-12-28,26690025700046,,40197247600063,,Rhone,Révisable
2023269010203,"23_2690_1_02 Lot 2 usages et services numériques, territoires intelligents_MPGP mise en place de serv. interconnexion de sites et d'équipements publics, ainsi que le déploiement d'usages et de servi. numériques à destination collecti. territo et EPCI 91",75000000.0,32523000-5,Télécommunications,Appel d'offres ouvert,2023-12-28,20006609000016,,52904067700567,,EVRY COURCOURONNES,Révisable
2023022100,CARROSSAGE D UN POIDS LOURD DE 19 TONNES,103105.0,34200000-9,Transport & véhicules,Appel d'offres ouvert,2023-12-28,22530001100015,,73675013400016,,MAYENNE,Ferme
2023070200000000,LOT 2 ARTICLES D'HYGIENE ET DE DROGUERIE,64000.0,39830000-9,Mobilier & ménager,Procédure adaptée,2023-12-28,21060108400010,,41306933700041,,La Roquette-sur-Siagne,Ferme et actualisable
20232024F0000800,"Fournitures de denrées alimentaires et fournitures diverses pour la commune de Theix-Noyalo - Bases culinaires, épices, préparations et ingrédients",7000.0,15893100-5,Alimentaire,Appel d'offres ouvert,2023-12-28,20005595200010,,37928011800058,,(56) Morbihan,
20232024F0003300,"Fournitures de denrées alimentaires et fournitures diverses pour la commune de Theix-Noyalo - Produits jetables, essuyage, hygiène du personnel, cuisine",7000.0,39830000-9,Mobilier & ménager,Appel d'offres ouvert,2023-12-28,20005595200010,,44030355000154,,(56) Morbihan,
20232023F0003400,Fournitures de denrées alimentaires et fournitures diverses pour la commune de Theix-Noyalo - Fruits et légumes frais bio,29000.0,15300000-1,Alimentaire,Appel d'offres ouvert,2023-12-28,20005595200010,,55204499202614,,(56) Morbihan,
2024070200,24M02 GAULOYS AGUETTANT LOT 79 80 AU 01/01/2025,332654.25,33000000-0,Matériel médical,Appel d'offres ouvert,2023-12-28,26690025700046,,44780021000018,,Rhone,Révisable
2024070400,24M02 GAULOYS NOVARTIS PHARMA,181345.05,33000000-0,Matériel médical,Appel d'offres ouvert,2023-12-28,26690025700046,,41034907000178,,Rhone,Révisable
2023269010103,"23_2690_1_01_Lot 1_Infrastructures_MPGP pour la mise en place de services d'interconnexion de sites d'équipements publics, ainsi que le déploiement d'usages et de services numériques à destination des collectivités territoriales et des EPCI de l'Essonne",55000000.0,32523000-5,Télécommunications,Appel d'offres ouvert,2023-12-28,20006609000016,,44958654400016,,EVRY COURCOURONNES,Révisable
2023K2322500,FOURNITURE DE VEHICULES LEGERS DE VEHICULES UTILITAIRES LEGERS DE VEHICULES UTILITAIRES BENNES ET D'UN POIDS LOURD POUR L AGGLOMERATION DU COTENTIN LOT 2 FOURNITURE DE VEHICULES UTILITAIRES LEGERS,284228.84,34100000-8,Transport & véhicules,Appel d'offres ouvert,2023-12-28,20006720500019,,34269247200026,,MANCHE,Ferme
20232024F0002700,Fournitures de denrées alimentaires et fournitures diverses pour la commune de Theix-Noyalo - Viandes fraîches de porc conventionnelles et labellisées,11000.0,15113000-3,Alimentaire,Appel d'offres ouvert,2023-12-28,20005595200010,,50851378500123,,(56) Morbihan,
20232024F0001300,"Fournitures de denrées alimentaires et fournitures diverses pour la commune de Theix-Noyalo - Produits laitiers, beurre, œufs, fromages",85000.0,15550000-8,Alimentaire,Appel d'offres ouvert,2023-12-28,20005595200010,,33187698700024,,(56) Morbihan,
2023500401,Aménagement d'un square communal au 7 rue Simonnot - 93310 Le Pré Saint-Gervais: Lot 4: ÉCLAIRAGE PUBLIC,47348.0,31500000-1,Matériel électrique,Procédure adaptée,2023-12-28,21930061300011,,48816890700035,,Le Pré-Saint-Gervais,Révisable
202333PE230100,FOURNITURE DE DENREES ALIMENTAIRES BIO POUR LES CRECHES,210000.0,15800000-6,Alimentaire,Procédure adaptée,2023-12-28,21380382800010,,48269130000024,,SAINT-EGREVE,Révisable
2023011300100000,Sécurité des biens et des personnes,323660.12,35113100-0,Sécurité & défense,Procédure adaptée,2023-12-28,26590673500013,,43419008800022,,FRANCE,Révisable
202391710000,"Conception, réalisation, installation, suivi, démontage et enlèvement du stand du Département pour l",73402.35,39154100-7,Mobilier & ménager,Procédure adaptée,2023-12-28,22260001700016,,90873587100018,,VALENCE,Ferme
20232024F0002200,"Fournitures de denrées alimentaires et fournitures diverses pour la commune de Theix-Noyalo - Viandes fraîches de bœuf, veau, agneau conventionnelles et labellisées",48000.0,15110000-2,Alimentaire,Appel d'offres ouvert,2023-12-28,20005595200010,,55204499202267,,(56) Morbihan,
2024000300100000,PRESTATIONS DE FOURNITURES DE JOURNAUX REVUES SPECIALISEES PERIODIQUES ET MAGAZINE,150000.0,22200000-2,Imprimés,Procédure concurrentielle avec négociation,2023-12-28,26920154700016,,,,FRANCE,Ferme
2023AOO00163,Fourniture et livraison d'équipements pédagogiques pour la formation automobile de la Chambre de métiers et de l'artisanat Hauts-de-France: Lot 3: Servante outillage,80000.0,34224200-5,Transport & véhicules,Appel d'offres ouvert,2023-12-28,13002374000439,,58558103600019,6.0,,Unitaire
20235500,"Location, installation et maintenance copieur GS 4",40000.0,30121100-4,Informatique & bureautique,Marché négocié sans publicité ni mise en concurrence préalable,2023-12-27,21770111900018,,63201751303320,,Chessy,Ferme
2023V3F35910AU00,LOT 10 FRUITS ET LEGUMES FRAIS 1ERE 4EME ET 5EME GAMME,1680000.0,15300000-1,Alimentaire,Appel d'offres ouvert,2023-12-27,21870850100018,,30819895100052,,VILLE DE LIMOGES,Révisable
2023M11800,"UTILISATION, MAINTENANCE ET ASSISTANCE DU LOGICIEL ADEQUACY CORPORATE",96656.0,48612000-1,Logiciels,Marché négocié sans publicité ni mise en concurrence préalable,2023-12-27,21920026800015,,44811688900024,,COURBEVOIE,Révisable
2023TELESCOPIQ00,TELESCOPIQUE,72945.0,34144751-7,Transport & véhicules,Procédure adaptée,2023-12-27,20007288200059,,31652285300126,,LE POIRE SUR VIE,Ferme
2023F03000,FOURNITURE DE DENREES ALIMENTAIRES LOT 2 PORC ET CHARCUTERIE,960000.0,15113000-3,Alimentaire,Appel d'offres ouvert,2023-12-27,22470001300424,,32224980600025,,Département Lot-et-Garonne,Ferme
202323MSF130100,FOURNITURE PRODUITS ET MATÉRIELS D'ENTRETIEN ET DE DROGUERIE,80000.0,39830000-9,Mobilier & ménager,Procédure adaptée,2023-12-27,20005939200015,,39424000600152,,ST ETIENNE DE ST GEOIRS,Révisable
202320700,Marché subséquent n° 2 - fourniture de consommables pour solutions de copie et d'impression: Accord cadre,10000.0,30200000-1,Informatique & bureautique,Procédure adaptée,2023-12-27,28741020300015,,33365921700041,2.0,,Unitaire
2023C3F09116AU00,LOT 16 PRODUITS LAITIERS ET OVOPRODUITS,1720000.0,15500000-3,Alimentaire,Appel d'offres ouvert,2023-12-27,26870853400014,,30631047500026,,CCAS LIMOGES,Révisable
2023C3F09106AU00,LOT 06 FOURNITURE DE VIANDE FRAICHE DE VOLAILLE ET DE LAPIN  VILLE/CCAS,320000.0,15112100-7,Alimentaire,Appel d'offres ouvert,2023-12-27,26870853400014,,30819895100052,,CCAS LIMOGES,Révisable
202398742100,Fourniture de produits d'entretien,17438.0,39830000-9,Mobilier & ménager,Procédure adaptée,2023-12-27,21570332300257,,44031947300417,,Commune de Hombourg-Haut,Révisable
2023O4667A04,"Acquisition maintenance serveurs Windows-Linux-Equipements actifs de réseaux, sécurité, téléphonie sur IP et prestations associées-Lot 1- Acquisition et maintenance des équipements actifs de réseau, sécurité, téléphonie sur IP",8000000.0,32420000-3,Télécommunications,Appel d'offres ouvert,2023-12-27,21690123100011,,81193436300441,,A Lyon,Révisable
202398703700,Fourniture de carburant à la pompe et prestations annexes pour les véhicules du SDEM50,90000.0,30163100-0,Informatique & bureautique,Procédure adaptée,2023-12-27,25500288300023,,53168044500024,,Manche,Ferme et actualisable
20232023F0003900,Groupement de commandes Fourniture de denrées alimentaires - Pain biologique,30000.0,15811100-7,Alimentaire,Appel d'offres ouvert,2023-12-27,21290103700011,,39168589800028,,(29) Finistère,Révisable
2023F03200,FOURNITURE DE DENREES ALIMENTAIRES LOT 4 AGNEAU,460000.0,15115100-8,Alimentaire,Appel d'offres ouvert,2023-12-27,22470001300424,,32224980600025,,Département Lot-et-Garonne,Ferme
2023F03250100,LOT1 ENDUIT A FROID BI COMPOSANT,600000.0,44811000-8,Matériaux de construction,Appel d'offres ouvert,2023-12-27,22160001800016,,50934949400062,,ANGOULEME,Révisable
2023B0971100,Affaire 2023-12 - acquisition d'une tondeuse autoportée - relance.: Accord cadre,12500.0,34390000-7,Transport & véhicules,Appel d'offres ouvert,2023-12-27,22870851700989,,43195338900019,,Département de la Haute-Vienne,Ferme
2024DG-2023-0200,FOURNITURE D'ELECTRICITE,69299.47,31682000-0,Matériel électrique,Procédure adaptée,2023-12-27,21830001000012,,55208131766522,,Les Adrets-de-l'Estérel,Ferme
2023V3F35916AU00,LOT 16 PRODUITS LAITIERS ET OVOPRODUITS,2120000.0,15500000-3,Alimentaire,Appel d'offres ouvert,2023-12-27,21870850100018,,30631047500091,,VILLE DE LIMOGES,Révisable
202323MSF130200,FOURNITURE DE PRODUITS CONSOMMABLES,70000.0,33760000-5,Matériel médical,Procédure adaptée,2023-12-27,20005939200015,,39424000600152,,ST ETIENNE DE ST GEOIRS,Révisable
20232023F0002700,Groupement de commandes Fourniture de denrées alimentaires - Viande de porc fraîche,69000.0,15113000-3,Alimentaire,Appel d'offres ouvert,2023-12-27,21290103700011,,43241118900066,,(29) Finistère,Révisable
2023F03250400,LOT4 PEINTURE AQUEUSE,600000.0,44811000-8,Matériaux de construction,Appel d'offres ouvert,2023-12-27,22160001800016,,50934949400062,,ANGOULEME,Révisable
2023CP086A00100,ACQUISITION DE VEHICULES NEUF POUR LE DEPARTEMENT DES LANDES LOT1,56340.0,34100000-8,Transport & véhicules,Procédure adaptée,2023-12-27,22400001800016,,41410197200027,,Département des Landes,Révisable
2023CP086A00200,ACQUISITION DE VEHICULES NEUF POUR LE DEPARTEMENT DES LANDES LOT2,155000.0,34100000-8,Transport & véhicules,Procédure adaptée,2023-12-27,22400001800016,,41410197200027,,Département des Landes,Révisable
202398691700,FOURNITURE DE BACS ET PIECES DETACHEES,483775.0,34928480-6,Transport & véhicules,Appel d'offres ouvert,2023-12-27,79488591300010,,77815194401138,,SAUMUR,Révisable
20232023F0003000,Groupement de commandes Fourniture de denrées alimentaires - Produits surgelés biologiques,90000.0,15331170-9,Alimentaire,Appel d'offres ouvert,2023-12-27,21290103700011,,54685023100020,,(29) Finistère,Révisable
2023V3F35909AU00,FOURNITURE DE DENREES ALIMENTAIRES LOT 09 FRUITS ET LEGUMES SURGELES,300000.0,15896000-5,Alimentaire,Appel d'offres ouvert,2023-12-27,21870850100018,,55204499202382,,VILLE DE LIMOGES,Révisable
2024321300,Fourniture de spécialités pharmaceutiques - relance de lots au profit des adhérents du GCS GRAPS Grand Est lot 5792,8656.0,33600000-6,Matériel médical,Appel d'offres ouvert,2023-12-27,13002682600011,,32611850200102,,GRAND EST,Révisable
2024321200,Fourniture de spécialités pharmaceutiques - relance de lots au profit des adhérents du GCS GRAPS Grand Est lot 13432,4652.0,33600000-6,Matériel médical,Appel d'offres ouvert,2023-12-27,13002682600011,,88923826700013,,GRAND EST,Révisable
20232023AP211500,EPICERIES ET BOISSONS,90000.0,15890000-3,Alimentaire,Appel d'offres ouvert,2023-12-27,21830115800018,,47698032100303,,SAINTE-MAXIME,Ferme
2023V3F35912AU00,LOT 12 FRUITS ET LEGUMES A HAUTE VALEUR ENVIRONNEMENTALE,480000.0,15300000-1,Alimentaire,Appel d'offres ouvert,2023-12-27,21870850100018,,30819895100052,,VILLE DE LIMOGES,Révisable
2023F03400,FOURNITURE DE DENREES ALIMENTAIRES LOT 06 VEAU BIO,480000.0,15111200-1,Alimentaire,Appel d'offres ouvert,2023-12-27,22470001300424,,32224980600025,,Département Lot-et-Garonne,Ferme
2023057901,RH CAT1123 23-27 BOSTON SC,105000.0,33000000-0,Matériel médical,Appel d'offres ouvert,2023-12-27,20001803400013,,32993824500076,,SEINE ST DENIS,Révisable
20232023180000,FOURNITURES CARBURANTS AU MOYEN DE CARTES ACCREDITIVES POUR LE PARC VEHICULES,50000.0,30163100-0,Informatique & bureautique,Procédure adaptée,2023-12-27,21370214500011,,81442098000025,,SAINT CYR SUR LOIRE,Révisable
2023V3F35913AU00,FOURNITURE DE DENREES ALIMENTAIRES   LOT 13 PREPARATIONS SURGELEES SALEES ET GLACES,320000.0,15896000-5,Alimentaire,Appel d'offres ouvert,2023-12-27,21870850100018,,55204499202382,,VILLE DE LIMOGES,Révisable
20232304300,LOT 1 CHARCUTERIE,160000.0,15131120-2,Alimentaire,Appel d'offres ouvert,2023-12-27,21760322400015,,55204499201483,,Grand Quevilly,Révisable
202323231M07100,FOURNITURE ET POSE DE BATIMENTS MODULAIRES A USAGE DE BUREAUX ET VESTIAIRES,176584.23,44211000-2,Matériaux de construction,Procédure adaptée,2023-12-27,21790191700013,,89229832400013,,NIORT CEDEX,Ferme et actualisable
2023F03250200,LOT2 PEINTURE BI COMPOSANT BLANCHE PULVERISEES,200000.0,44811000-8,Matériaux de construction,Appel d'offres ouvert,2023-12-27,22160001800016,,38376579900143,,ANGOULEME,Révisable
2023059401,RH CAT1123 23-27 HORIZON,120000.0,33000000-0,Matériel médical,Appel d'offres ouvert,2023-12-27,20001803400013,,85126725200019,,SEINE ST DENIS,Révisable
2023058902,RH CAT1123 23-27 EDIMEX,71100.0,33000000-0,Matériel médical,Appel d'offres ouvert,2023-12-27,20001803400013,,42443308400029,,SEINE ST DENIS,Révisable
202398723700,Fourniture de spécialités pharmaceutiques - relance de lots au profit des adhérents du GCS GRAPS Grand Est lot 16481,36887.0,33600000-6,Matériel médical,Appel d'offres ouvert,2023-12-27,13002682600011,,,,GRAND EST,Révisable
2023058701,RH CAT1123 23-27 CREO,53700.0,33000000-0,Matériel médical,Appel d'offres ouvert,2023-12-27,20001803400013,,40926154200032,,SEINE ST DENIS,Révisable
2023C3F09102AU00,LOT 02 VIANDE FRAICHE BOEUF VEAU AGNEAU,920000.0,15111100-0,Alimentaire,Appel d'offres ouvert,2023-12-27,26870853400014,,40238454900026,,CCAS LIMOGES,Révisable
2024321400,Fourniture de spécialités pharmaceutiques - relance de lots au profit des adhérents du GCS GRAPS Grand Est lot 8001,28717.0,33600000-6,Matériel médical,Appel d'offres ouvert,2023-12-27,13002682600011,,30773695900064,,GRAND EST,Révisable
20232023F0003300,Groupement de commandes Fourniture de denrées alimentaires - Produits ultra-frais biologiques,72000.0,15800000-6,Alimentaire,Appel d'offres ouvert,2023-12-27,21290103700011,,44236533400014,,(29) Finistère,Révisable
202423VH01800100,CAMION POLYBENNE 3.5T,65340.0,34134200-7,Transport & véhicules,Procédure adaptée,2023-12-27,21850109600018,,82368781900107,,LES HERBIERS,Ferme
2024A60800,Marché de concession des droits d'utilisation d'une licence site pour les logiciels ESRI et prestations associées,350150.0,48610000-7,Logiciels,Marché négocié sans publicité ni mise en concurrence préalable,2023-12-27,20006799900017,,34849974000028,,BEAUVAIS,Ferme
2023C3F09110AU00,LOT 10 FRUITS ET LEGUMES FRAIS 1ERE 4EME ET 5EME GAMME  VILLE /CCAS,640000.0,15300000-1,Alimentaire,Appel d'offres ouvert,2023-12-27,26870853400014,,30819895100052,,CCAS LIMOGES,Révisable
2023057601,RH CAT1123 23-27 ASEPT,65350.0,33000000-0,Matériel médical,Appel d'offres ouvert,2023-12-27,20001803400013,,38360059000038,,SEINE ST DENIS,Révisable
2023K2322700,FOURNITURE DE VEHICULES LEGERS DE VEHICULES UTILITAIRES LEGERS DE VEHICULES UTILITAIRES BENNES ET D'UN POIDS LOURD POUR L AGGLOMERATION DU COTENTIN LOT 4 FOURNITURE D UN VEHICULE POIDS LOURD BENNE,154435.0,34100000-8,Transport & véhicules,Appel d'offres ouvert,2023-12-27,20006720500019,,34882452500078,,MANCHE,Ferme
2023K2322600,FOURNITURE DE VEHICULES LEGERS DE VEHICULES UTILITAIRES LEGERS DE VEHICULES UTILITAIRES BENNES ET D UN POIDS LOURD POUR L AGGLOMERATION DU COTENTIN LOT 3 FOURNITURE DE VEHICULES UTILITAIRES BENNES,120000.0,34100000-8,Transport & véhicules,Appel d'offres ouvert,2023-12-27,20006720500019,,34882452500011,,MANCHE,Ferme
20232023F0003700,Groupement de commandes Fourniture de denrées alimentaires - Fruits et légumes biologiques en circuit court,49500.0,15300000-1,Alimentaire,Appel d'offres ouvert,2023-12-27,21290103700011,,63732026800062,,(29) Finistère,Révisable
202336820230100,MIGRATION SAAS DE SEDIT RH,62848.0,48900000-7,Logiciels,Procédure adaptée,2023-12-27,21590295800010,,75580064600373,,HAZEBROUCK CEDEX,Ferme
202323A03400,PERMIS CONDUIRE POIDS LOURDS-SUPER LOURD,96490.0,22454000-7,Imprimés,Appel d'offres ouvert,2023-12-27,28310001400028,,31797891400115,,SAINT GAUDENS COMMINGES,Révisable
2023C3F09109AU00,LOT 9 FRUITS ET LEGUMES SURGELES VILLE/CCAS,400000.0,15896000-5,Alimentaire,Appel d'offres ouvert,2023-12-27,26870853400014,,55204499202382,,CCAS LIMOGES,Révisable
2024322800,"Fourniture de spécialités pharmaceutiques au profit des adhérents du GCS GRAPS Grand Est - marchés négociés lots 50, 186, 190",295161.0,33600000-6,Matériel médical,Marché passé sans publicité ni mise en concurrence préalable,2023-12-27,13002682600011,,85210884400022,,GRAND EST,Révisable
202323FO18-0300,FOURNITURE DE MATERIELS ET MATERIAUX POUR LES SERVICES TECHNIQUES DE LA VILLE DE LATTES LOT 3 MATERIAUX DE GROS OEUVRE,40000.0,44190000-8,Matériaux de construction,Procédure adaptée,2023-12-27,21340129200015,,56292047001413,,LATTES,Révisable
2023O4668A00,"Acquisition maintenance serveurs Windows-Linux - Equipements actifs de réseaux, sécurité, téléphonie sur IP et prestations associées-Lot 2- acquisition et maintenance de serveurs",5000000.0,48822000-6,Logiciels,Appel d'offres ouvert,2023-12-27,21690123100011,,33156643000384,,A Lyon,Révisable
20232023F0002300,Fourniture et livraison de barrières ralentisseur anti-véhicules béliers,71058.0,35113000-9,Sécurité & défense,Procédure adaptée,2023-12-27,21290046800019,,90913037900029,,(29) Finistère,Ferme et actualisable
202323FO1900,FOURNITURE POSE ET REPARATION DE PNEUMATIQUES,60000.0,34351100-3,Transport & véhicules,Procédure adaptée,2023-12-27,21340129200015,,34304155400035,,LATTES,Révisable
20232023F0003800,Groupement de commandes Fourniture de denrées alimentaires - Jus de pomme biologique en circuit court,5400.0,15982000-5,Alimentaire,Appel d'offres ouvert,2023-12-27,21290103700011,,63732026800062,,(29) Finistère,Révisable
202323A03300,PERMIS CONDUIRE POIDS LOURDS-SUPER LOURD,176750.0,22454000-7,Imprimés,Appel d'offres ouvert,2023-12-27,28310001400028,,77684805300042,,COLOMIERS,Révisable
20232023F0003400,Groupement de commandes Fourniture de denrées alimentaires - Fruits et légumes biologiques,58200.0,15300000-1,Alimentaire,Appel d'offres ouvert,2023-12-27,21290103700011,,50452369700010,,(29) Finistère,Révisable
2023F03250300,LOT3 PEINTURE SOLVANTEE ET SOLVANTEE VNTP SANS SOLVANT NOCIF,600000.0,44811000-8,Matériaux de construction,Appel d'offres ouvert,2023-12-27,22160001800016,,38376579900143,,ANGOULEME,Révisable
2023C3F09112AU00,LOT 13 PRÉPARATION SURGELÉES SALÉES SUCRÉES ET GLACES,480000.0,15896000-5,Alimentaire,Appel d'offres ouvert,2023-12-27,26870853400014,,55204499202382,,CCAS LIMOGES,Révisable
20232023F0005700,"Fourniture, livraison et pose de mobiliers pour le hall d'accueil de la piscine de la Guerche de Bretagne",5211.81,39156000-0,Mobilier & ménager,Procédure adaptée,2023-12-27,20003902200013,,42133938300091,,(35) Ille-et-Vilaine,Ferme
2023V3F35902AU00,LOT 02 VIANDE FRAICHE DE BOEUF VEAU ET AGNEAU,1480000.0,15800000-6,Alimentaire,Appel d'offres ouvert,2023-12-27,21870850100018,,40238454900026,,VILLE DE LIMOGES,Révisable
249930571,PA - FCS - Achat et aménagement VL SMUR pour le CHJS site de Lons-le-Saunier et le CH Léon Bérard de Morez.Publication faisant suite au précédent marché à procédure adaptée publié le 18 Juillet 2023 et déclaré infructueux.: Lot 1: 2 VL SMUR type SUV 200 cv minimum.Le lot est d,49603.0,34114000-9,Transport & véhicules,Procédure adaptée,2023-12-27,26390005200014,,30150675400029,12.0,,Unitaire
2023F03250500,LOT5 PRODUITS PREFABRIQUES ET THERMOCOLLES,200000.0,44811000-8,Matériaux de construction,Appel d'offres ouvert,2023-12-27,22160001800016,,38376579900143,,ANGOULEME,Révisable
20232303500,LOT 2 LIVRES ET LIVRES AUDIO FOURNITURE DE LIVRES ET LIVRES AUDIO DOC SONORES DOC VIDÉO PARTITIONS ET E-BOOK PR LA MEDIATHEQUE F.MITTERRAND,200000.0,22113000-5,Imprimés,Appel d'offres ouvert,2023-12-27,21760322400015,,64050034400042,,Grand Quevilly,Révisable
20232023A0070600,"Affaire 2023-11 - acquisition d'un camion 19 t de ptac, remorqueur, carrossé transports fermés: Accord cadre",136365.0,34140000-0,Transport & véhicules,Appel d'offres ouvert,2023-12-27,22870851700989,,30327375900017,,CONSEIL DEPARTEMENTAL,Ferme
20232023F0003200,Groupement de commandes Fourniture de denrées alimentaires - Produits d'épicerie biologiques,108000.0,15800000-6,Alimentaire,Appel d'offres ouvert,2023-12-27,21290103700011,,44236533400014,,(29) Finistère,Révisable
20232312500,SIGNALETIQUES (PANNEAUX ENSEIGNES VITROPHANIE MAQUAGE BACHES PERSONNALISEES...) POUR AQTA,50000.0,35261000-1,Sécurité & défense,Procédure adaptée,2023-12-27,20004312300013,,33832171400028,,AURAY,Ferme
2023F03100,FOURNITURE DE DENREES ALIMENTAIRES LOT 3 BOEUF,1200000.0,15111100-0,Alimentaire,Appel d'offres ouvert,2023-12-27,22470001300424,,32224980600025,,Département Lot-et-Garonne,Ferme
2024IECOLELOT500,Construction de l'École Élémentaire de la Grande Garennes - LOT 5 : CVC PLOMBERIE,220000.0,39715000-7,Mobilier & ménager,Procédure adaptée,2023-12-27,21770482400010,,53386930100028,,Varennes-sur-Seine,Ferme et actualisable
2023V3F35906AU00,LOT 06 VIANDE FRAICHE VOLAILLE ET LAPIN,480000.0,15112100-7,Alimentaire,Appel d'offres ouvert,2023-12-27,21870850100018,,30819895100052,,VILLE DE LIMOGES,Révisable
2023000000000300,Fournitures et livraison de repas en vue du portage à domici,150000.0,15894200-3,Alimentaire,Procédure adaptée,2023-12-27,26380055900019,,34815434500014,,SEYSSINS,Ferme
20232304100000,"INSTALLATION,EXTENSION ET MAINTENANCE DES EQUIPEMENTS DE VIDEOPROTECTION POUR 18 COMMUNES DE L'AGGLO ET LES BATIMENTS DE THONON AGGLOMERATION",176000.0,32323500-8,Télécommunications,Procédure adaptée,2023-12-27,20006755100016,,43408539500581,,THONON LES BAINS CEDEX,Révisable
2023059101,RH CAT1123 23-27 ERBE,111500.0,33000000-0,Matériel médical,Appel d'offres ouvert,2023-12-27,20001803400013,,31590844200041,,SEINE ST DENIS,Révisable
2023058601,RH CAT1123 23-27 COOK,124500.0,33000000-0,Matériel médical,Appel d'offres ouvert,2023-12-27,20001803400013,,32912046300073,,SEINE ST DENIS,Révisable
2023C3F09105AU00,LOT 05 FOURNITURE DE CHARCUTERIE FRAICHE VILLE/CCAS,360000.0,15131120-2,Alimentaire,Appel d'offres ouvert,2023-12-27,26870853400014,,55204499202382,,CCAS LIMOGES,Révisable
2024320000,Fourniture de spécialités pharmaceutiques - relance de lots au profit des adhérents du GCS GRAPS Grand Est lot 10191,10080.0,33600000-6,Matériel médical,Marché passé sans publicité ni mise en concurrence préalable,2023-12-27,13002682600011,,50884521100020,,GRAND EST,Révisable
2024320200,Fourniture de spécialités pharmaceutiques - relance de lots au profit des adhérents du GCS GRAPS Grand Est lot 12101,10896.0,33600000-6,Matériel médical,Appel d'offres ouvert,2023-12-27,13002682600011,,43394448500021,,GRAND EST,Révisable
2023057801,RH CAT1123 23-27 BENEWMEDICAL,84000.0,33000000-0,Matériel médical,Appel d'offres ouvert,2023-12-27,20001803400013,,34517003900043,,SEINE ST DENIS,Révisable
2023C3F09113AU00,LOT 13 PREPA SURGELEES SALEES SUCREES ET GLACES,480000.0,15896000-5,Alimentaire,Appel d'offres ouvert,2023-12-27,26870853400014,,55204499202382,,CCAS LIMOGES,Révisable
2024320600,Fourniture de spécialités pharmaceutiques - relance de lots au profit des adhérents du GCS GRAPS Grand Est lot 689,110285.0,33600000-6,Matériel médical,Appel d'offres ouvert,2023-12-27,13002682600011,,52926101800038,,GRAND EST,Révisable
202323FO18-0200,FOURNITURE DE MATERIELS ET MATERIAUX POUR LES SERVICES TECHNIQUES DE LA VILLE DE LATTES LOT 2 PLOMBERIE,40000.0,44190000-8,Matériaux de construction,Procédure adaptée,2023-12-27,21340129200015,,56382048900182,,LATTES,Révisable
20232023F0002600,Groupement de commandes Fourniture de denrées alimentaires - Charcuterie,156000.0,15131120-2,Alimentaire,Appel d'offres ouvert,2023-12-27,21290103700011,,63732026800062,,(29) Finistère,Révisable
20232023F0003500,"Groupement de commandes Fourniture de denrées alimentaires - Produits laitiers biologiques, filière lin, en circuit court",64500.0,15551000-5,Alimentaire,Appel d'offres ouvert,2023-12-27,21290103700011,,32225878129290,,(29) Finistère,Révisable
20232023F0002900,Groupement de commandes Fourniture de denrées alimentaires - Fruits et légumes frais,180000.0,15300000-1,Alimentaire,Appel d'offres ouvert,2023-12-27,21290103700011,,50452369700010,,(29) Finistère,Révisable
2023003500,FOURNITURES DE BIENS CULTURELS DVD,40000.0,30234400-2,Informatique & bureautique,Procédure adaptée,2023-12-27,21920076300015,,33132078800028,,VAUCRESSON,Révisable
202398724400,"Fourniture de spécialités pharmaceutiques - relance de lots au profit des adhérents du GCS GRAPS Grand Est lots 47,73,74,80,633 et 1235",1512739.0,33600000-6,Matériel médical,Appel d'offres ouvert,2023-12-27,13002682600011,,55201968900066,,GRAND EST,Révisable
202323VPTPB19800,REMPLACEMENT DU SOL SOUPLE SPORTIF DE LA SALLE D'ESCRIME DU PEGLE,56989.57,44112200-0,Matériaux de construction,Procédure adaptée,2023-12-27,21400192700018,,45311138700024,,MONT DE MARSAN CEDEX,Ferme et actualisable
2023V3N35905AU00,FOURNITURE DE DENREES ALIMENTAIRES  LOT 05  CHARCUTERIE FRAICHE,240000.0,15131120-2,Alimentaire,Appel d'offres ouvert,2023-12-27,21870850100018,,55204499202382,,VILLE DE LIMOGES,Révisable
2023V3F35911AU00,LOT 11 FRUITS ET LEGUMES BIO,960000.0,15300000-1,Alimentaire,Appel d'offres ouvert,2023-12-27,21870850100018,,30819895100052,,VILLE DE LIMOGES,Révisable
20232023F0002500,Groupement de commandes Fourniture de denrées alimentaires - Produits surgelés,249000.0,15896000-5,Alimentaire,Appel d'offres ouvert,2023-12-27,21290103700011,,55204499202267,,(29) Finistère,Révisable
20232023AP210900,"FRUITS, LEGUMES 1ERE, 4EME ET 5EME GAMME, ET POMMES DE TERRE",155000.0,15300000-1,Alimentaire,Appel d'offres ouvert,2023-12-27,21830115800018,,55204499202648,,SAINTE-MAXIME,Ferme
24993582,"MarchÉ de fourniture, de produits, materiels et articles divers de nettoyage",55556.0,39830000-9,Mobilier & ménager,Procédure adaptée,2023-12-27,61682020500154,,43186392700023,3.0,,Forfaitaire
243233,Fourniture de spécialités pharmaceutiques au profit des adhérents du GCS GRAPS Grand Est - marchés négociés lot 650,8165.0,33600000-6,Matériel médical,Marché passé sans publicité ni mise en concurrence préalable,2023-12-26,13002682600011,,54204465600115,1.0,,Unitaire
202324101500,"Fourniture, collecte, traitement, élimination : DASRI, CYTOTOXIQUES, PAOH, DMIA: Lot 5: Fourniture de fût",101477.0,34928480-6,Transport & véhicules,Appel d'offres ouvert,2023-12-26,20003978200012,,44030355000154,,GHT Coeur Grand Est,Révisable
202324101200,"Fourniture, collecte, traitement, élimination : DASRI, CYTOTOXIQUES, PAOH, DMIA: Lot 2: Fourniture de carton de couleur jaune pour DASRI",198858.0,34928480-6,Transport & véhicules,Appel d'offres ouvert,2023-12-26,20003978200012,,44030355000154,,GHT Coeur Grand Est,Révisable
202398703500,"Entretien, contrôle et remplacement des hydrants sur le territoire intercommunal du Pays d'Ancenis: Lot 2: Contrôle, entretien et remplacement des hydrants",180000.0,35000000-4,Sécurité & défense,Procédure adaptée,2023-12-26,24440055200026,,57202552611398,,ANCENIS-SAINT-GEREON,Révisable
2023-F-1100,REMPLACEMENT DES AUTOMATES ET INTEGRATION DE LA SUPERVISION DES STATIONS D?EPURATION DE LA CC7V,277100.0,39350000-0,Mobilier & ménager,Appel d'offres ouvert,2023-12-26,20004403000027,,41482925900061,,CC7V Stations d'épuration,Ferme et actualisable
243209,Fourniture de spécialités pharmaceutiques - relance de lots au profit des adhérents du GCS GRAPS Grand Est lot 10192,1045760.0,33600000-6,Matériel médical,Appel d'offres ouvert,2023-12-26,13002682600011,,53064104200037,36.0,,Unitaire
243201,Fourniture de spécialités pharmaceutiques - relance de lots au profit des adhérents du GCS GRAPS Grand Est lot 3441,1827.0,33600000-6,Matériel médical,Appel d'offres ouvert,2023-12-26,13002682600011,,44780021000018,36.0,,Unitaire
243200,Fourniture de spécialités pharmaceutiques - relance de lots au profit des adhérents du GCS GRAPS Grand Est lot 10191,10080.0,33600000-6,Matériel médical,Appel d'offres ouvert,2023-12-26,13002682600011,,50884521100038,36.0,,Unitaire
2024174I000,RENOVATION DE L'ECLAIRAGE PUBLIC 2023 A 2025,439752.15,34928500-3,Transport & véhicules,Procédure adaptée,2023-12-26,21620525200010,,5680065901518,,LONGUENESSE,Révisable
243214,Fourniture de spécialités pharmaceutiques - relance de lots au profit des adhérents du GCS GRAPS Grand Est lot 8001,28717.0,33600000-6,Matériel médical,Appel d'offres ouvert,2023-12-26,13002682600011,,30773695900072,36.0,,Unitaire
2024320400,Fourniture de spécialités pharmaceutiques - relance de lots au profit des adhérents du GCS GRAPS Grand Est lot 1124,19094.0,33600000-6,Matériel médical,Appel d'offres ouvert,2023-12-26,13002682600011,,40511359800032,,GRAND EST,Révisable
243220,Fourniture de dispositifs médicaux d'équipements de protection individuelle en vinyl et d'articles de conditionnement en stérilisation - relance de lots - lots 206 et 207,172075.0,33600000-6,Matériel médical,Appel d'offres ouvert,2023-12-26,13002682600011,,32171684700025,11.0,,Unitaire
243217,Fourniture de spécialités pharmaceutiques - relance de lots au profit des adhérents du GCS GRAPS Grand Est lots 1216 et 13431,2462.0,33600000-6,Matériel médical,Appel d'offres ouvert,2023-12-26,13002682600011,,80324795600011,36.0,,Unitaire
243219,Fourniture de dispositifs médicaux d'équipements de protection individuelle en vinyl et d'articles de conditionnement en stérilisation - relance de lots - lot 71,1378933.0,33600000-6,Matériel médical,Appel d'offres ouvert,2023-12-26,13002682600011,,37050014200051,7.0,,Unitaire
243218,"Fourniture de spécialités pharmaceutiques - relance de lots au profit des adhérents du GCS GRAPS Grand Est lots 5791, 6981 et 6982",1444873.0,33600000-6,Matériel médical,Appel d'offres ouvert,2023-12-26,13002682600011,,39929538500070,36.0,,Unitaire
2023M23-075AGG01,M23-075AGG MOBILIER D ARCHIVAGE POUR L ANCIENNE BANQUE DE FRANCE,189224.0,39131100-0,Mobilier & ménager,Procédure adaptée,2023-12-26,24360032700015,,33110243400056,,CHATEAUROUX CEDEX,Ferme
2024321700,Fourniture de spécialités pharmaceutiques - relance de lots au profit des adhérents du GCS GRAPS Grand Est lots 1216 et 13431,2462.0,33600000-6,Matériel médical,Appel d'offres ouvert,2023-12-26,13002682600011,,80324795600011,,GRAND EST,Révisable
20232302600,ABRIS-BACS POUR PRE-COLLECTE DES BIODECHETS,1500000.0,44112100-9,Matériaux de construction,Appel d'offres ouvert,2023-12-26,20003991500018,,82311847600014,,ALPES-MARITIMES,Révisable
20232023F0000900,Fourniture et livraison de produits d'incontinence,210000.0,33141621-9,Matériel médical,Procédure adaptée,2023-12-26,26350183500155,,40332416300167,,(35) Ille-et-Vilaine,Révisable
2023AC20232300,Fourniture et livraison de batteries de démarrage pour l'ensemble du matériel roulant ou fixe du SDIS 37,100000.0,31440000-2,Matériel électrique,Procédure adaptée,2023-12-26,28370011000085,,33011174100048,,FONDETTES,Révisable
243205,Fourniture de spécialités pharmaceutiques - relance de lots au profit des adhérents du GCS GRAPS Grand Est lot 16481,36887.0,33600000-6,Matériel médical,Appel d'offres ouvert,2023-12-26,13002682600011,,,36.0,,Unitaire
2023M23031800,MS4 AU LOT 6,50091.76,48000000-8,Logiciels,Marché négocié sans publicité ni mise en concurrence préalable,2023-12-26,21974011500015,,48903112000020,,SAINT-DENIS,Ferme
202398725300,"Fourniture de spécialités pharmaceutiques - relance de lots au profit des adhérents du GCS GRAPS Grand Est lots 189, 1765",408266.0,33600000-6,Matériel médical,Appel d'offres ouvert,2023-12-26,13002682600011,,40197247600063,,GRAND EST,Révisable
243216,Fourniture de spécialités pharmaceutiques - relance de lots au profit des adhérents du GCS GRAPS Grand Est lot 91,4321.0,33600000-6,Matériel médical,Appel d'offres ouvert,2023-12-26,13002682600011,,81748313400026,36.0,,Unitaire
2023138A00,FOURNITURE ET LIVRAISON DE PIECES DETACHEES POUR VEHICULES DU CD SICOMETAL LOT09,40000.0,34300000-0,Transport & véhicules,Appel d'offres ouvert,2023-12-26,22390001000362,,83196316000013,,DEPARTEMENT DU JURA,Ferme
243208,Fourniture de spécialités pharmaceutiques - relance de lots au profit des adhérents du GCS GRAPS Grand Est lot 12102,4932.0,33600000-6,Matériel médical,Appel d'offres ouvert,2023-12-26,13002682600011,,8548079600151,36.0,,Unitaire
202398751700,Cytomètre spectral Cytek Aurora et maintenance,450516.0,38434510-4,Instruments de mesure,Marché passé sans publicité ni mise en concurrence préalable,2023-12-26,77574110100031,,,,GUSTAVE ROUSSY,Ferme et actualisable
2024322500,Fourniture de spécialités pharmaceutiques au profit des adhérents du GCS GRAPS Grand Est - marchés négociés lot 10,16658.0,33600000-6,Matériel médical,Marché passé sans publicité ni mise en concurrence préalable,2023-12-26,13002682600011,,37050014200051,,GRAND EST,Révisable
2024M-2023-08800,LOT 8 - ELECTRICITE COURANTS FAIBLES,393300.0,44115800-7,Matériaux de construction,Procédure adaptée,2023-12-26,28741201900021,,77566487304147,,Annecy,Ferme et actualisable
2023M11600,LOGICIEL PRINEO- MAINTENANCE ET ACHAT DE MODULES ET PRESTATIONS COMPLEMENTAIRES,91751.6,48219300-9,Logiciels,Marché négocié sans publicité ni mise en concurrence préalable,2023-12-26,21920026800015,,41177545500040,,COURBEVOIE,Révisable
202408-20006-200,TRAVAUX RECONSTRUCTION STEP TARDAIS - MO,89370.0,32400000-7,Télécommunications,Procédure adaptée,2023-12-26,20006991200018,,80035860800027,,Senonches,Ferme
2023302774CU00,ACHAT DE LIVRES NON SCOLAIRES ET PRESTATIONS DE SERVICE ASSOCIEES POUR LE DEPARTEMENT DE VAUCLUSE : LOT N°1 OUVRAGES DE FICTION ET DOCUMENTAIRES ADULTES POUR LA CENTRALE DU SERVICE LIVRE ET LECTURE A SORGUES,296000.0,22113000-5,Imprimés,Appel d'offres ouvert,2023-12-26,22840001600017,,40122845700032,,Département de Vaucluse,Ferme
2024240400,Fourniture de matériels compatibles avec le système de clés électroniques pour la Ville de Bouguenais,160000.0,44520000-1,Matériaux de construction,Procédure adaptée,2023-12-26,21440020200013,,32968134000173,1.0,,Unitaire
2023-08RS00,"LOT no1 : FOURNITURE ET LIVRAISON DE REPAS CUISINES EN LIAISON FROIDE POUR LA RESTAURATION SCOLAIRE, L'ACCUEIL DE LOISIRS, LES MINIS-CAMPS, L'ACTIVITE JEUNESSE",200000.0,15800000-6,Alimentaire,Appel d'offres ouvert,2023-12-26,21600577700018,,42287321600010,,Saint-Leu-d'Esserent,Révisable
243212,Fourniture de spécialités pharmaceutiques - relance de lots au profit des adhérents du GCS GRAPS Grand Est lot 13432,4652.0,33600000-6,Matériel médical,Appel d'offres ouvert,2023-12-26,13002682600011,,88923826700054,36.0,,Unitaire
2024320300,Fourniture de spécialités pharmaceutiques - relance de lots au profit des adhérents du GCS GRAPS Grand Est lot 3442,593860.0,33600000-6,Matériel médical,Appel d'offres ouvert,2023-12-26,13002682600011,,56205085600235,,GRAND EST,Révisable
243210,Fourniture de spécialités pharmaceutiques - relance de lots au profit des adhérents du GCS GRAPS Grand Est lot 1220,118046.0,33600000-6,Matériel médical,Appel d'offres ouvert,2023-12-26,13002682600011,,44097551400025,36.0,,Unitaire
202398715600,"Fourniture de spécialités pharmaceutiques au profit des adhérents du GCS GRAPS Grand Est - marchés négociés lots 920, 923 et 927",272392.0,33600000-6,Matériel médical,Appel d'offres ouvert,2023-12-26,13002682600011,,80006635900012,,GRAND EST,Révisable
20231200,Acquisition de droits d'utilisation et installation d'un logiciel auprès du service finances pour le traitement de la gestion financière de la commune de SAINT ETIENNE DE MONTLUC,88840.0,48000000-8,Logiciels,Procédure adaptée,2023-12-26,21440158000011,,30516304000119,,SAINT-ETIENNE-DE-MONTLUC,Ferme
2024M-2023-08900,LOT 9 - CHAUFFAGE VENTILATION RAFRAICHISSEMENT SANITAIRES,640052.39,44115800-7,Matériaux de construction,Procédure adaptée,2023-12-26,28741201900021,,34400116900020,,Annecy,Ferme et actualisable
243213,Fourniture de spécialités pharmaceutiques - relance de lots au profit des adhérents du GCS GRAPS Grand Est lot 5792,8656.0,33600000-6,Matériel médical,Appel d'offres ouvert,2023-12-26,13002682600011,,32611850200201,36.0,,Unitaire
243202,Fourniture de spécialités pharmaceutiques - relance de lots au profit des adhérents du GCS GRAPS Grand Est lot 12101,10896.0,33600000-6,Matériel médical,Appel d'offres ouvert,2023-12-26,13002682600011,,43394448500021,36.0,,Unitaire
20230520100,FOURNITURES DE TENUES DE SERVICE ET D'INTERVENTION,831168.0,18100000-0,Vêtements,Appel d'offres ouvert,2023-12-26,28910099200030,,80184942300018,,ESSONNE,Révisable
2023160100,ACQUISITION D'UN POIDS LOURD D'OCCASION,70000.0,34140000-0,Transport & véhicules,Procédure adaptée,2023-12-26,21910521000013,,39056913500036,,RIS-ORANGIS,Ferme
20232318800,Fourniture de composteurs individuels en bois,1500000.0,44613800-8,Matériaux de construction,Appel d'offres ouvert,2023-12-26,20005561400057,,62708017900013,7.0,,Mixte
2023302778CU00,ACHAT DE LIVRES NON SCOLAIRES ET PRESTATIONS DE SERVICE ASSOCIEES POUR LE DEPARTEMENT DE VAUCLUSE : LOT N°5 BANDES DESSINEES (ADULTE ET JEUNESSE) POUR LA CENTRALE DU SERVICE LIVRE ET LECTURE A SORGUES,48000.0,22113000-5,Imprimés,Appel d'offres ouvert,2023-12-26,22840001600017,,43332028000038,,Département de Vaucluse,Ferme
2023M23032600,MS4 AU LOT 13,137520.0,48000000-8,Logiciels,Marché négocié sans publicité ni mise en concurrence préalable,2023-12-26,21974011500015,,44212391500039,,SAINT-DENIS,Ferme
202320230940000,LOCATION ET ENTRETIEN DE 3 VÉHICULES FRIGORIFIQUES 23CAS03,107460.0,34114000-9,Transport & véhicules,Procédure adaptée,2023-12-26,26580194400041,,30057104900018,,NEVERS,Révisable
2024IECOLELOT300,"Construction de l'École Élémentaire de la Grande Garennes - LOT 3 : CLOISON - DOUBLAGE - FAUX PLAFOND, MENUISERIE INTÉRIEURE",269488.8,44112300-1,Matériaux de construction,Procédure adaptée,2023-12-26,21770482400010,,95720213800013,,Varennes-sur-Seine,Ferme et actualisable
202314A00,TX aménagement OTI HOURTIN LOT1 Mobilier,57685.52,44115800-7,Matériaux de construction,Procédure adaptée,2023-12-26,20007072000012,,31688131700028,,HOURTIN,Ferme
202300200,Gestion de la restauration scolaire et municipale,480997.16,38343000-1,Instruments de mesure,Appel d'offres ouvert,2023-12-26,21620201000064,,47718101000729,,Camiers,Ferme et actualisable
243231,Fourniture de spécialités pharmaceutiques au profit des adhérents du GCS GRAPS Grand Est - marchés négociés lot 1413,620172.0,33600000-6,Matériel médical,Marché passé sans publicité ni mise en concurrence préalable,2023-12-26,13002682600011,,42434701100076,1.0,,Unitaire
243203,Fourniture de spécialités pharmaceutiques - relance de lots au profit des adhérents du GCS GRAPS Grand Est lot 3442,593860.0,33600000-6,Matériel médical,Appel d'offres ouvert,2023-12-26,13002682600011,,56205085600235,36.0,,Unitaire
202423010800,ACHAT ET MAINTENANCE DEFRIBRILLATEURS,51787.75,33182100-0,Matériel médical,Appel d'offres ouvert,2023-12-26,20004024400010,,43244316600041,,BRESSUIRE,Ferme
202324101300,"Fourniture, collecte, traitement, élimination : DASRI, CYTOTOXIQUES, PAOH, DMIA: Lot 3: Fourniture de petits collecteur",62588.0,34928480-6,Transport & véhicules,Appel d'offres ouvert,2023-12-26,20003978200012,,85720088500278,,GHT Coeur Grand Est,Révisable
20232024F0000100,"GROUPEMENT DE COMMANDES - FOURNITURE DE PAPIER, MATERIELS ET CONSOMMABLES DE BUREAU ET FOURNITURES SCOLAIRES - RAMETTE DE PAPIER",240000.0,30197642-8,Informatique & bureautique,Appel d'offres ouvert,2023-12-26,21290103700011,,44455346500014,,(29) Finistère,Révisable
20232609L400,LOT 4 CHARPENTE METALLIQUE - METALLERIE - SERRUERIE,54900.0,44230000-1,Matériaux de construction,Procédure adaptée,2023-12-26,21850004900018,,50991089900020,,Angles,Ferme
202323OM0020200,FOURNITURE D UNE BENNE,510725.9,34144511-3,Transport & véhicules,Appel d'offres ouvert,2023-12-26,24850053000139,,50242454200046,,LES ACHARDS,Ferme
2023302775CU00,ACHAT DE LIVRES NON SCOLAIRES ET PRESTATIONS DE SERVICE ASSOCIEES POUR LE DEPARTEMENT DE VAUCLUSE : LOT N°2 OUVRAGES DE FICTION ET DOCUMENTAIRES ADULTES POUR L'ANNEXE DU SERVICE LIVRE ET LECTURE A CADENET,170000.0,22113000-5,Imprimés,Appel d'offres ouvert,2023-12-26,22840001600017,,34097717200022,,Département de Vaucluse,Ferme
20232023060800,Fourniture de matériels électriques,1440000.0,31600000-2,Matériel électrique,Appel d'offres ouvert,2023-12-26,21260235300014,,82448465300012,,PIERRELATTE,Ferme
202398725700,Fourniture de spécialités pharmaceutiques - relance de lots au profit des adhérents du GCS GRAPS Grand Est lot 91,4321.0,33600000-6,Matériel médical,Appel d'offres ouvert,2023-12-26,13002682600011,,81748313400026,,GRAND EST,Révisable
2023192200,PATES FRAICHES,88000.0,15000000-8,Alimentaire,Appel d'offres ouvert,2023-12-26,21310157900018,,32167433500013,,CUGNAUX,Révisable
2023302777CU00,ACHAT DE LIVRES NON SCOLAIRES ET PRESTATIONS DE SERVICE ASSOCIEES POUR LE DEPARTEMENT DE VAUCLUSE : LOT N°4 LITTERATURE JEUNESSE (FICTION ET DOCUMENTAIRES) POUR L'ANNEXE DU SERVICE LIVRE ET LECTURE A CADENET,68000.0,22113000-5,Imprimés,Appel d'offres ouvert,2023-12-26,22840001600017,,37751304900017,,Département de Vaucluse,Ferme
2023302776CU00,ACHAT DE LIVRES NON SCOLAIRES ET PRESTATIONS DE SERVICE ASSOCIEES POUR LE DEPARTEMENT DE VAUCLUSE : LOT N°3 LITTERATURE JEUNESSE (FICTION ET DOCUMENTAIRES) POUR LA CENTRALE DU SERVICE LIVRE ET LECTURE A SORGUES,170000.0,22113000-5,Imprimés,Appel d'offres ouvert,2023-12-26,22840001600017,,37751304900017,,Département de Vaucluse,Ferme
202398724100,Fourniture de spécialités pharmaceutiques - relance de lots au profit des adhérents du GCS GRAPS Grand Est lot 1220,118046.0,33600000-6,Matériel médical,Appel d'offres ouvert,2023-12-26,13002682600011,,44097551400025,,GRAND EST,Révisable
2024322000,Fourniture de dispositifs médicaux d'équipements de protection individuelle en vinyl et d'articles de conditionnement en stérilisation - relance de lots - lots 206 et 207,43018.0,33600000-6,Matériel médical,Appel d'offres ouvert,2023-12-26,13002682600011,,32171684700025,,GRAND EST,Ferme
20232023F0007300,"Fourniture et livraison de véhicules neufs de moins de 3.5 tonnes pour les services techniques de la Ville de Quimper - Véhicules légers segment B, C et ludospace 4 ou 5 places",87438.3,34144900-7,Transport & véhicules,Appel d'offres ouvert,2023-12-26,21290232400012,,33862176600017,,(29) Finistère,Ferme
243206,Fourniture de spécialités pharmaceutiques - relance de lots au profit des adhérents du GCS GRAPS Grand Est lot 689,110285.0,33600000-6,Matériel médical,Appel d'offres ouvert,2023-12-26,13002682600011,,52926101800038,36.0,,Unitaire
243204,Fourniture de spécialités pharmaceutiques - relance de lots au profit des adhérents du GCS GRAPS Grand Est lot 1124,19094.0,33600000-6,Matériel médical,Appel d'offres ouvert,2023-12-26,13002682600011,,40511359800032,36.0,,Unitaire
243215,"Fourniture de spécialités pharmaceutiques - relance de lots au profit des adhérents du GCS GRAPS Grand Est lots 189, 1765",408266.0,33600000-6,Matériel médical,Appel d'offres ouvert,2023-12-26,13002682600011,,40197247600063,36.0,,Unitaire
202324101100,"Fourniture, collecte, traitement, élimination : DASRI, CYTOTOXIQUES, PAOH, DMIA: Lot 1: Fourniture de sacs DASRI jaune",110776.0,34928480-6,Transport & véhicules,Appel d'offres ouvert,2023-12-26,20003978200012,,44030355000154,,GHT Coeur Grand Est,Révisable
202398716900,Fourniture de spécialités pharmaceutiques au profit des adhérents du GCS GRAPS Grand Est - marchés négociés lot 97,87059.0,33600000-6,Matériel médical,Marché passé sans publicité ni mise en concurrence préalable,2023-12-26,13002682600011,,81058510900020,,GRAND EST,Révisable
2024321900,Fourniture de dispositifs médicaux d'équipements de protection individuelle en vinyl et d'articles de conditionnement en stérilisation - relance de lots - lot 71,344733.0,33600000-6,Matériel médical,Appel d'offres ouvert,2023-12-26,13002682600011,,37050014200051,,GRAND EST,Ferme
2023140A00,FOURNITURE ET LIVRAISON DE PIECES DETACHEES POUR VEHICULES DU CD NOREMAT LOT11,90000.0,34300000-0,Transport & véhicules,Appel d'offres ouvert,2023-12-26,22390001000362,,32221367900036,,DEPARTEMENT DU JURA,Ferme
202324101400,"Fourniture, collecte, traitement, élimination : DASRI, CYTOTOXIQUES, PAOH, DMIA: Lot 4: Fourniture de grands collecteur",166866.0,34928480-6,Transport & véhicules,Appel d'offres ouvert,2023-12-26,20003978200012,,85720088500278,,GHT Coeur Grand Est,Révisable
2024323100,Fourniture de spécialités pharmaceutiques au profit des adhérents du GCS GRAPS Grand Est - marchés négociés lot 1413,620172.0,33600000-6,Matériel médical,Marché passé sans publicité ni mise en concurrence préalable,2023-12-26,13002682600011,,42434701100076,,GRAND EST,Révisable
2024320100,Fourniture de spécialités pharmaceutiques - relance de lots au profit des adhérents du GCS GRAPS Grand Est lot 3441,1827.0,33600000-6,Matériel médical,Appel d'offres ouvert,2023-12-26,13002682600011,,44780021000018,,GRAND EST,Révisable
20232317000,ACQUISITION ET INSTALLATION DE COMMUTATEURS RESEAU POE - SIEGE CINOR,67670.0,32400000-7,Télécommunications,Procédure adaptée,2023-12-26,24974011900063,,38012986615475,,SAINTE-CLOTILDE CEDEX,Ferme
202305200,FOURNITURE DE TENUES DE SERVICE D'INTERVENTION TSI,1039000.0,18100000-0,Vêtements,Appel d'offres ouvert,2023-12-26,28770831700014,,80184942300018,,SEINE-ET-MARNE,Ferme
2373100,Hp 1523/1522 et#8211; la gorgue et#8211; rehabilitation energetique et travaux de forage  - 20 logements collectifs et 17 logements individuels: Lot 3 : Chauffage,816893.0,44115220-7,Matériaux de construction,Procédure adaptée,2023-12-26,61682020500154,,51069673500032,2.0,,Forfaitaire
23020200,Achat de véhicules de service urbains écologiques,99500.0,34144900-7,Transport & véhicules,Marché passé sans publicité ni mise en concurrence préalable,2023-12-26,20005340300057,,88750249000014,1.0,,Unitaire
202323A06700100,ACQUISITION DE VAISSSELLE ET ARTICLES POUR LA CUISINE ET LA TABLE,60000.0,39221110-1,Mobilier & ménager,Procédure adaptée,2023-12-26,21060004500012,,42446088900019,,ANTIBES,Ferme
202320230165-P00,REHABILITATION DU SYSTEME D'EVACUATION DES EAUX PLUVIALES DE LA MAIRIE ANNEXE KAWENI,59900.0,33711100-8,Matériel médical,Marché négocié sans publicité ni mise en concurrence préalable,2023-12-26,20000883700011,,2407552500014,,MAMOUDZOU,Ferme
243211,"Fourniture de spécialités pharmaceutiques - relance de lots au profit des adhérents du GCS GRAPS Grand Est lots 47,73,74,80,633 et 1235",1512739.0,33600000-6,Matériel médical,Appel d'offres ouvert,2023-12-26,13002682600011,,55201968900066,36.0,,Unitaire
2024320900,Fourniture de spécialités pharmaceutiques - relance de lots au profit des adhérents du GCS GRAPS Grand Est lot 10192,1045760.0,33600000-6,Matériel médical,Appel d'offres ouvert,2023-12-26,13002682600011,,53064104200029,,GRAND EST,Révisable
2024321800,"Fourniture de spécialités pharmaceutiques - relance de lots au profit des adhérents du GCS GRAPS Grand Est lots 5791, 6981 et 6982",1444873.0,33600000-6,Matériel médical,Appel d'offres ouvert,2023-12-26,13002682600011,,39929538500070,,GRAND EST,Révisable
20232021IBP1600,CONCOURS MO CONSTRUCTION MEDIATHEQUE,429448.15,39122200-5,Mobilier & ménager,Procédure concurrentielle avec négociation,2023-12-26,21440135800095,,85265984600012,,LE POULIGUEN,Révisable
24988763,"Acquisition, intégration et maintenance d'une solution logicielle de rapprochement de l'offre et de la demande de logements locatifs",241350.0,48000000-8,Logiciels,Appel d'offres ouvert,2023-12-25,61205059100082,,75336986700035,4.0,,Forfaitaire
20230300,ACQUISITION CHARGEUSE ET REPRISE,73250.0,34100000-8,Transport & véhicules,Procédure adaptée,2023-12-25,21730132400018,,40490704000012,,Hauteluce,Ferme
2024EH2024-03A00,LOT No1- FOURNITURE ET LIVRAISON DES PETITS DISPOSITIFS MEDICAUX,40000.0,33140000-3,Matériel médical,Procédure adaptée,2023-12-25,26830251000022,,30563503900194,,Puget-sur-Argens,Ferme
2024M-2023-0500,"LOCATION, INSTALLATION et MAINTENANCE DE COPIEURS MULTIFONCTIONS CONNECTES",41666.66,30121100-4,Informatique & bureautique,Procédure adaptée,2023-12-24,28741201900021,,33332163600586,,Annecy,Ferme et actualisable
20232023F0006800,Fourniture de boissons pour la ville et le CCAS - Boissons en gros,140000.0,15982000-5,Alimentaire,Procédure adaptée,2023-12-23,21220113100019,,30931848300208,,(22) Côtes-d'Armor,Ferme et actualisable
20232023004200,ACQUISITION BALAYEUSE ASPIRATRICE 2M3 OCCASION,85526.0,34144431-8,Transport & véhicules,Procédure adaptée,2023-12-23,21220113100019,,33218581800017,,LANNION,Ferme
20232023F0007000,Fourniture de boissons pour la ville et le CCAS - Cidres et jus de pomme bio en circuit court,26000.0,15910000-0,Alimentaire,Procédure adaptée,2023-12-23,21220113100019,,82010665600011,,(22) Côtes-d'Armor,Ferme et actualisable
20232023088-100,"Maintenance BPU bornes escamotable,des barrières levantes et des poutres levantes motorisées",110000.0,31224500-7,Matériel électrique,Procédure adaptée,2023-12-23,21930029000018,,57207890500021,,DRANCY,Révisable
20232023F0006900,Fourniture de boissons pour la ville et le CCAS - Vins et pétillants,20000.0,15982000-5,Alimentaire,Procédure adaptée,2023-12-23,21220113100019,,30931848300208,,(22) Côtes-d'Armor,Ferme et actualisable
202323280300,TVX AMENAG SQ LANNOY BISSY/BLV THEATRE/QUARTIERS CENTRE VILLE LOT 3 ELECTRICITE/ECLAIRAGE,127934.8,34990000-3,Transport & véhicules,Appel d'offres ouvert,2023-12-22,21730065600014,,51302782100018,,Commune de Chambéry,Révisable
2023027000,FOURNITURE TITRE RESTAURANT ET CHEQUES AIDE PERSONNALISE,400000.0,30199770-8,Informatique & bureautique,Appel d'offres ouvert,2023-12-22,20005688500011,,39336513500358,,MANCHE,Ferme
202323CPETRO2700,Fourniture de carburant auprès d'un pétrolier,600000.0,30163100-0,Informatique & bureautique,Appel d'offres ouvert,2023-12-22,28880001400020,,53168044500024,,GOLBEY,Ferme
20232023F0006000,"Achat de pièces de rechange VL-VU et achat de pièces de rechange et/ou réparations pour camions, tracteurs, débrousailleuses, porte-outils, chargeuses et pelles - Achat et livraison de pièces de rechange d'origine et/ou réparations de chargeuses et pelles",160000.0,34300000-0,Transport & véhicules,Appel d'offres ouvert,2023-12-22,22290001100016,,33212303300018,,(29) Finistère,Ferme
202319500,Acquisition d'équipements de montagne: Lot 3: Matériel de sécurité avalanche,24000.0,34928330-0,Transport & véhicules,Appel d'offres ouvert,2023-12-22,28741020300015,,49483016900020,,Annecy,Ferme
20232023F0003200,Acquisition et livraison de conteneurs aériens destinés à la collecte sélective des ordures ménagères,129617.0,44613800-8,Matériaux de construction,Procédure adaptée,2023-12-22,20002702700016,,41055382000037,,(56) Morbihan,Révisable
20220922105100,FOURNITURE AUTOBUS ARTICULES ELECTRIQUES,120000000.0,34144910-0,Transport & véhicules,Marché négocié sans publicité ni mise en concurrence préalable,2023-12-22,24440064400013,,41968381800027,,SAINT JOACHIM,Ferme
202304100,"fourniture, réparation et autres prestations de pneumatiques neufs et rechapés pour les poids lourds",45000.0,34352100-0,Transport & véhicules,Appel d'offres ouvert,2023-12-22,20004027700010,,39447903400164,,DREUX,Révisable
202412TU00,202312 ACQUISITION CAMION ORDURES MENAGERES D'OCCASION,110000.0,34144511-3,Transport & véhicules,Procédure adaptée,2023-12-22,24010061000080,,43359903200045,,MONTLUEL,Ferme
2023C3F09104AU00,LOT 4 VIANDE FRAICHE DE PORC SAUCISSERIE ET JAMBON,240000.0,15113000-3,Alimentaire,Appel d'offres ouvert,2023-12-22,26870853400014,,33159575100032,,CCAS LIMOGES,Révisable
2023190300,CHARCUTERIE,92000.0,15000000-8,Alimentaire,Appel d'offres ouvert,2023-12-22,21310157900018,,38500623400285,,CUGNAUX,Révisable
2023M23031400,MS4 AU LOT 2,106209.31,48000000-8,Logiciels,Marché négocié sans publicité ni mise en concurrence préalable,2023-12-22,21974011500015,,75580064600373,,SAINT-DENIS,Ferme
2023176001,AO MARCHE DE FOURNITURES ET MAINTENANCE DES EQUIPEMENTS DE RADIOCOMMUNICATIONS DU CHU DE TOULOUSE,600000.0,32000000-3,Télécommunications,Appel d'offres ouvert,2023-12-22,26310012500016,,44386676900252,,Occitanie,Révisable
2499066818,Construction d'un groupe scolaire et de salles associatives sur le Parc Mulonnière à Orvault.: Lot 18: EQUIPEMENTS DE CUISINE,148649.0,39221000-7,Mobilier & ménager,Appel d'offres ouvert,2023-12-22,21440114300018,,40911825400039,3.0,,Forfaitaire
202430397900,Fourniture et pose de matériel de réseau informatique pour les parkings et bornes escamotables,298000.0,30236000-2,Informatique & bureautique,Appel d'offres ouvert,2023-12-22,24250036100017,,88968240700024,,Département du Doubs,Ferme
249983051,Acquisition de 5 véhicules pour les besoins de la CIVIS.: Lot 1: Acquisition de véhicule de type Crossover/SUV hybr,42437.0,34110000-1,Transport & véhicules,Procédure adaptée,2023-12-22,24974007700048,,39958274100027,5.0,,Mixte
20230370000,FOURNITURE NACELLE POIDS LOURDS,173510.0,34100000-8,Transport & véhicules,Procédure adaptée,2023-12-22,21140220100019,,39791428400096,,DEAUVILLE,Ferme
2023MG0700,FOURN-LIVRAISON LAVEUSES AUTO EQUIPEES BENNE COLL,1000000.0,34144000-8,Transport & véhicules,Appel d'offres ouvert,2023-12-22,25330661700015,,35105191700034,,SAINT-DENIS-DE-PILE,Révisable
2023M09100,FOURNITURES ADMINISTRATIVES ET INFORMATIQUES,400000.0,30192000-1,Informatique & bureautique,Appel d'offres ouvert,2023-12-22,20008339200015,,52863317500021,,COMMUNE DE LAVAL,Révisable
2024001202,MN MED CUTAQUIG,2250005.0,33600000-6,Matériel médical,Marché négocié sans publicité ni mise en concurrence préalable,2023-12-22,26310012500016,,45132730800024,,Occitanie,Ferme
2023190100,VIANDE PORCINE FRAICHE,200000.0,15000000-8,Alimentaire,Appel d'offres ouvert,2023-12-22,21310157900018,,44986705000022,,CUGNAUX,Révisable
202398634800,Lot n°3 : soclage - travaux d'aménagements pour l'exposition « mondes souterrains » - galerie d'exposition temporaire du musée du louvre-lens: Accord cadre,3170.0,44115800-7,Matériaux de construction,Appel d'offres ouvert,2023-12-22,20002766200028,,43806895900032,,Musée du Louvre-Lens,Ferme
20232023500477,Fourniture et pose d'équipements de cuisines aménagées,360000.0,39141000-2,Mobilier & ménager,Procédure adaptée,2023-12-22,27520003800030,,83171191600021,3.0,,Unitaire
202323CO12701,MISE EN PLACE SOLUTION GDP RÉGIE MARCHÉS,37560.0,48900000-7,Logiciels,Marché négocié sans publicité ni mise en concurrence préalable,2023-12-22,21140366200011,,48125959600023,,LISIEUX,Révisable
2023029100,ACQUISITION ET DEPLOIEMENT DUN SYSTEME DARCHIVAGE ELECTRONIQUE,103995.0,48900000-7,Logiciels,Procédure adaptée,2023-12-22,20005684400018,,49101169800033,,LA MANCHE,Révisable
202319400,Acquisition d'équipements de montagne: Lot 2: Effets chaussants montagne,100000.0,18821000-0,Vêtements,Appel d'offres ouvert,2023-12-22,28741020300015,,62201254000010,,Annecy,Ferme
2023170100,"Acquisition de deux automates de déshydratation , avec prestation d?installation, de mise en service et de formation",214999.0,33000000-0,Matériel médical,Appel d'offres ouvert,2023-12-22,26310012500016,,34282043800030,,Occitanie,Ferme
20232023F0004900,"Achat de pièces de rechange VL-VU et achat de pièces de rechange et/ou réparations pour camions, tracteurs, débrousailleuses, porte-outils, chargeuses et pelles - Achat et livraison de pièces de rechange d'origine et/ou réparations de camions de marque IV",32000.0,34300000-0,Transport & véhicules,Appel d'offres ouvert,2023-12-22,22290001100016,,32662082000240,,(29) Finistère,Ferme
2023-11-050700,Menuiseries intérieures bois,203830.99,44220000-8,Matériaux de construction,Procédure adaptée,2023-12-22,21260191800015,,43587191800023,,MONTBOUCHER SUR JABRON,Ferme et actualisable
2024000023M02400,GSI MAINTENANCE DES PEROPHERIQUES D IMPRESSION SHARP ET DES SOLUTIONS LOGICIELLES ASSOCIEES,120000.0,30232100-5,Informatique & bureautique,Procédure adaptée,2023-12-22,28691200100042,,33332163600586,,RHONE,Révisable
20233800,ACQUISITION EQUIPEMENTS SALLE DE CONFERENCE ET PRESTATIONS ASSOCIES,82235.5,32321200-1,Télécommunications,Appel d'offres ouvert,2023-12-22,20005851900071,,52282190900010,,LE PECQ,Révisable
2023FC04800,INFRASTRUCTURE VIRTUALISEE SYSTEME ALARME SGA/SGO,85425.0,32424000-1,Télécommunications,Procédure adaptée,2023-12-22,28400332400035,,39449277100057,,MONT-DE-MARSAN,Ferme
202323M065600,FOURNITURE D'OBJETS PROMOTIONNELS ECO-RESPONSABLES,1200000.0,39294100-0,Mobilier & ménager,Appel d'offres ouvert,2023-12-22,24310051800170,,91501223100014,,TOULOUSE,Ferme
2022222497-1B00,Lot 1B - Recyclerie - Réemploi de matériaux de 2nd uvre,69334.0,44000000-0,Matériaux de construction,Procédure adaptée,2023-12-22,25700342600059,,88054032300024,,Arc-lès-Gray,Ferme et actualisable
2023191300,FROMAGES BIO,52000.0,15000000-8,Alimentaire,Appel d'offres ouvert,2023-12-22,21310157900018,,38500623400285,,CUGNAUX,Révisable
20232023F0006400,"001_Fourniture, installation et maintenance de bornes de recharge pour véhicules électriques dans les locaux  SemBreizh de Rennes, Saint-Brieuc, Lorient et Brest",76677.16,31224500-7,Matériel électrique,Procédure adaptée,2023-12-22,59920013600241,,38145982500026,,(35) Ille-et-Vilaine,Ferme
202323V052800,FOURNITURE D'OBJETS PROMOTIONNELS ECO-RESPONSABLES,1200000.0,39294100-0,Mobilier & ménager,Appel d'offres ouvert,2023-12-22,21310555400017,,91501223100014,,TOULOUSE,Ferme
2024072902,LA FOURNITURE ET LA LIVRAISON DE FRUITS ET LEGUMES FRAIS ET PRODUITS DE 4EME ET 5EME GAMMES (dupliqué) (dupliqué),6596437.24,15800000-6,Alimentaire,Appel d'offres ouvert,2023-12-22,26690025700046,,97250112600023,,Rhone,Révisable
2023F02900,FOURNITURES DENREES ALIMENTAIRES LOT 1 VOLAILLE,1240000.0,15112000-6,Alimentaire,Appel d'offres ouvert,2023-12-22,22470001300424,,31805516700023,,Département Lot-et-Garonne,Ferme
202317160020000,Accord-cadre à BC et à MS relatif à la fourniture et la livraison de fondants (sel) routiers demi-sec/humide pour la viabilité hivernale pour le Département du Nord Lot 2 : Fourniture de sel en sac de 25 kg,80000.0,34927100-2,Transport & véhicules,Appel d'offres ouvert,2023-12-22,22590001801244,,42473175000057,,LILLE,Révisable
2023190500,VIANDE BOVINE FRAICHE,320000.0,15000000-8,Alimentaire,Appel d'offres ouvert,2023-12-22,21310157900018,,44986705000022,,CUGNAUX,Révisable
202323N0080-BC00,23N0080-BC PART MARCHE A BON DE COMMANDE LOT 1 :ACQUISITION D'AMEUBLEMENTS INTERIEURS,60000.0,39000000-2,Mobilier & ménager,Appel d'offres ouvert,2023-12-22,20003019500115,,34765724900087,,NICE CEDEX 4,Révisable
249907014,Travaux de rénovation de l'église : Le lot 4 concerne des travaux d'électricité et de mise en lumière,15130.0,31527000-6,Matériel électrique,Procédure adaptée,2023-12-22,21130033000019,,5680065901740,2.0,,Forfaitaire
2024CAMION00,CAMION MULTIFONCTION,215880.0,34134200-7,Transport & véhicules,Appel d'offres ouvert,2023-12-22,21740005000019,,79688047400013,,Allinges,Ferme
2023M030200,FOURNITURE SACS DE SPORT SPORT COLLECTIF,50280.0,18932000-1,Vêtements,Procédure adaptée,2023-12-22,22150001000014,,31742730000080,,AURILLAC,Ferme
2023M09100,FOURNITURES ADMINISTRATIVES ET INFORMATIQUES,200000.0,30192000-1,Informatique & bureautique,Appel d'offres ouvert,2023-12-22,26530085500193,,52863317500021,,COMMUNE DE LAVAL,Révisable
2022222497-1300,Lot 13 - Recyclerie - Serrurerie,126132.6,44316500-3,Matériaux de construction,Procédure adaptée,2023-12-22,25700342600059,,45211221200017,,Arc-Les-Gray,Ferme et actualisable
20232023F0004800,"Achat de pièces de rechange VL-VU et achat de pièces de rechange et/ou réparations pour camions, tracteurs, débrousailleuses, porte-outils, chargeuses et pelles - Achat et livraison de pièces de rechange d'origine et/ou réparations de camions de marque RE",540000.0,34300000-0,Transport & véhicules,Appel d'offres ouvert,2023-12-22,22290001100016,,32662082000240,,(29) Finistère,Ferme
202398748400,Travaux de mise en accessibilité de l'école jules ferry à la montagne: Lot 8 : Revêtements de sols-Peinture-Nettoyage,38814.0,44810000-1,Matériaux de construction,Procédure adaptée,2023-12-22,21440101000019,,49443293300039,,LA MONTAGNE,Révisable
2023175901,AO MARCHE DE FOURNITURES ET MAINTENANCE DES EQUIPEMENTS DE RADIOCOMMUNICATIONS DU CHU DE TOULOUSE,100000.0,32000000-3,Télécommunications,Appel d'offres ouvert,2023-12-22,26310012500016,,44386676900252,,Occitanie,Révisable
202323DTM61900,Lot 03 : Eclairage public,77192.5,34993000-4,Transport & véhicules,Procédure adaptée,2023-12-22,20007695800012,,89988941400046,,AJACCIO CEDEX 1,Révisable
2023131A00,FOURNITURE ET LIVRAISON DE PIECES DETACHEES POUR VEHICULES DU CD LOT02,120000.0,34300000-0,Transport & véhicules,Appel d'offres ouvert,2023-12-22,22390001000362,,89129465400050,,DEPARTEMENT DU JURA,Ferme
20232023F0008100,Système d'acquisition dynamique pour l'achat de véhicules d'occasion : véhicules particuliers et véhicules légers utilitaires - Marché spécifique n°22 - achat en occasion d'un véhicule électrique type citadine.,18613.53,34100000-8,Transport & véhicules,Appel d'offres ouvert,2023-12-22,20006798100015,,48494055600018,,(22) Côtes-d'Armor,Ferme
20232023F0005900,"Achat de pièces de rechange VL-VU et achat de pièces de rechange et/ou réparations pour camions, tracteurs, débrousailleuses, porte-outils, chargeuses et pelles - Débrousailleuses et porte-outils Achat et livraison de pièces de rechange adaptables toutes",180000.0,34300000-0,Transport & véhicules,Appel d'offres ouvert,2023-12-22,22290001100016,,88531862600011,,(29) Finistère,Ferme
20232023F0005700,"Achat de pièces de rechange VL-VU et achat de pièces de rechange et/ou réparations pour camions, tracteurs, débrousailleuses, porte-outils, chargeuses et pelles - Achat et livraison de pièces de rechange d'origine et/ou réparations de débrousailleuses et",16000.0,34300000-0,Transport & véhicules,Appel d'offres ouvert,2023-12-22,22290001100016,,51042442700027,,(29) Finistère,Ferme
2023132A00,FOURNITURE ET LIVRAISON DE PIECES DETACHEES POUR VEHICULES DU CD - LOT03,40000.0,34300000-0,Transport & véhicules,Appel d'offres ouvert,2023-12-22,22390001000362,,47878084400518,,DEPARTEMENT DU JURA,Ferme
2023231000,ACQUISITION ET INSTALLATION D'UN PROJECTEUR ET D'UN SYSTEME D'AIDE AU HANDICAP SENSORIEL POUR LE CINEMA ARIEL,81540.0,38652000-0,Instruments de mesure,Procédure adaptée,2023-12-22,21760451100014,,50976939400065,,MONT-SAINT-AIGNAN,Ferme
2023S013000,COLLECTE TRAITEMENT BIODECHETS ALIMENTAIRES ISSUS POINTS DE RESTAURATION DE LA COLLECTIVITE,40000.0,44613800-8,Matériaux de construction,Procédure adaptée,2023-12-22,21130063700017,,90792793300024,,MIRAMAS,Révisable
249906992,Travaux de rénovation de l'église: Lot 2: Le lot 2 concerne la rénovation des peintures.,24000.0,44810000-1,Matériaux de construction,Procédure adaptée,2023-12-22,21130033000019,,51414714900017,3.0,,Forfaitaire
2023V23579RT00,V23579RT - FOURNITURE ET LIVRAISON DE FOURNITURES SCOLAIRES ET LOISIRS CREATIFS (HORS PAPIER BLANC D'IMPRESSION ET DE REPROGRAPHIE),1166666.64,39162110-9,Mobilier & ménager,Appel d'offres ouvert,2023-12-22,21450234600015,,80458482900027,,ORLEANS CEDEX 1,Révisable
2023080000000000,ACHAT ET LIVRAISON DE FOURNITURES DE RESTAURATION A USAGE UNIQUE,60000.0,39222000-4,Mobilier & ménager,Procédure adaptée,2023-12-22,21060108400010,,40799550500044,,La Roquette-sur-Siagne,Révisable
202323M005100,FOURNITURE DE VAISSELLE JETABLE,100000.0,39222100-5,Mobilier & ménager,Appel d'offres ouvert,2023-12-22,21060027600013,,32796302100040,,CAGNES SUR MER,Révisable
2023922500,"ACHAT ET LIVRAISON DE FOURNITURES ELECTRIQUES POUR LES LUMINAIRES DES LOCAUX ADMINISTRATIFS ET DU PATRIMOINE RATTACHES AUX DP DE HDSH - OPH  (2 LOTS) - Lot 1 : Directions de proximité de Clichy la Garenne, Bois Colombes, Nanterre, Suresnes  et du Siège",200000.0,31531000-7,Matériel électrique,Appel d'offres ouvert,2023-12-22,27920022400012,,30930461605851,,Hauts de seine,Révisable
2023SMG07A00,MOBILIERS D HEBERGEMENT POUR SALAVAS,145833.33,39100000-3,Mobilier & ménager,Appel d'offres ouvert,2023-12-22,22070001700118,,37852953100030,,DEPARTEMENT DE L ARDECHE,Ferme
2023922600,"ACHAT ET LIVRAISON DE FOURNITURES ELECTRIQUES POUR LES LUMINAIRES DES LOCAUX ADMINISTRATIFS ET DU PATRIMOINE RATTACHES AUX DP DE HDSH - OPH  (2 LOTS) - Lot 2 : Directions de proximité de Rueil Malmaison, Seine Ouest, du Plessis Robinson et de Bagneux",200000.0,31531000-7,Matériel électrique,Appel d'offres ouvert,2023-12-22,27920022400012,,30930461605851,,Hauts de seine,Révisable
2023F03600,FOURNITURE DE DENREES ALIMENTAIRES LOT 8 CONSERVES ET EPICERIE BIO,640000.0,15897200-4,Alimentaire,Appel d'offres ouvert,2023-12-22,22470001300424,,53930425300021,,Département Lot-et-Garonne,Ferme
202317160010000,Accord-cadre à BC et à MS relatif à la fourniture et la livraison de fondants (sel) routiers demi-sec/humide pour la VH Département du Nord  LOT 1 : Fourniture de sel en vrac,1420000.0,34927100-2,Transport & véhicules,Appel d'offres ouvert,2023-12-22,22590001801244,,42473175000057,,LILLE,Révisable
2024TKR23-0300,REALISATION ET LIVRAISON DE TITRES RESTAURANT,65000.0,30199770-8,Informatique & bureautique,Appel d'offres ouvert,2023-12-22,43123345100019,,64204436600242,,Perpignan,Ferme
20232023V0040200,Lot 2 : gamme écologique,66000.0,39830000-9,Mobilier & ménager,Procédure adaptée,2023-12-22,21300341100013,,32323319700033,,VAUVERT,Ferme et actualisable
2023S1300,Entretien des bouches et poteaux d'incendie sur la Ville de Gonesse,50000.0,44482200-4,Matériaux de construction,Procédure adaptée,2023-12-22,21950277000015,,44095377600018,,Gonesse,Révisable
2023026900,FOURNITURE TITRE RESTAURANT ET CHEQUES AIDE PERSONNALISE,1040000.0,30199770-8,Informatique & bureautique,Appel d'offres ouvert,2023-12-22,20005684400018,,34039306500321,,LA MANCHE,Ferme
202323CMULTI2600,Fourniture de carburant multi-enseignes,2000000.0,30163100-0,Informatique & bureautique,Appel d'offres ouvert,2023-12-22,28880001400020,,81442098000025,,GOLBEY,Ferme
2023-11-050900,Sols sportifs,71500.0,44112200-0,Matériaux de construction,Procédure adaptée,2023-12-22,21260191800015,,72658005300023,,MONTBOUCHER SUR JABRON,Ferme et actualisable
2023-130400,Lot no 04 ? Couverture bac acier toiture,53753.11,44142000-7,Matériaux de construction,Procédure adaptée,2023-12-22,21120176900018,,49963604100018,,ONET LE CHATEAU,Ferme et actualisable
2023V3F35904AU00,LOT 4 VIANDE FRAICHE DE PORC SAUCISSERIE,160000.0,15113000-3,Alimentaire,Appel d'offres ouvert,2023-12-22,21870850100018,,33159575100032,,VILLE DE LIMOGES,Révisable
20232023V0040100,Lot 1 : gamme standard,102000.0,39830000-9,Mobilier & ménager,Procédure adaptée,2023-12-22,21300341100013,,32323319700033,,VAUVERT,Ferme et actualisable
202323-0023900,ACQUISITION D'UNE LUDOMOBILE,89900.0,34000000-7,Transport & véhicules,Procédure adaptée,2023-12-22,21930066200018,,78890516400034,,ST DENIS CEDEX,Ferme
20232023F0005600,"Achat de pièces de rechange VL-VU et achat de pièces de rechange et/ou réparations pour camions, tracteurs, débrousailleuses, porte-outils, chargeuses et pelles -  Achat et livraison de pièces de rechange d'origine et/ou réparations de débrousailleuses et",600000.0,34300000-0,Transport & véhicules,Appel d'offres ouvert,2023-12-22,22290001100016,,32221367900036,,(29) Finistère,Ferme
2024202302400,MAINTENANCE ENTRETIEN ET ACQUISITION DE DEFIBRILLATEURS POUR LA CC ET 18 COMMUNES ADHERENTES,104000.0,33182100-0,Matériel médical,Procédure adaptée,2023-12-22,20006747800012,,53116589200021,,Espalion,Révisable
2023F03300,FOURNITURE DE DENREES ALIMENTAIRES LOT 5 CONSERVES ET EPICERIE,1600000.0,15897200-4,Alimentaire,Appel d'offres ouvert,2023-12-22,22470001300424,,2582014300045,,Département Lot-et-Garonne,Ferme
2023054900,MAINTENANCE PMSI-PILOT,221125.83,48000000-8,Logiciels,Marché négocié sans publicité ni mise en concurrence préalable,2023-12-22,20001803400013,,41909765400059,,SEINE ST DENIS,Révisable
202321FC500,Produits laitiers labelisés,60000.0,15500000-3,Alimentaire,Appel d'offres ouvert,2023-12-22,21370122000013,,52026783200019,,JOUE LES TOURS,Révisable
202322301000,Fourniture & livraison d'une semi-remorques de 90m3,75550.0,34223100-7,Transport & véhicules,Procédure adaptée,2023-12-22,25700342600059,,9555030700011,,Noidans-le-Ferroux,Ferme
2023V23F0070300,FRN ELECT LT3 EP AMPOULES ET ACCESSOIRES,66666.68,31600000-2,Matériel électrique,Appel d'offres ouvert,2023-12-22,21680154800019,,30930461601033,,ILLZACH CEDEX,Révisable
2023C3F09120AU00,LOT 20 BOISSONS NON ALCOOLISEES,280000.0,15980000-1,Alimentaire,Appel d'offres ouvert,2023-12-22,26870853400014,,38500623400160,,CCAS LIMOGES,Révisable
2024073001,LA FOURNITURE ET LA LIVRAISON DE FRUITS ET LEGUMES FRAIS ET PRODUITS DE 4EME ET 5EME GAMMES (dupliqué),6596437.24,15800000-6,Alimentaire,Appel d'offres ouvert,2023-12-22,26690025700046,,33812669100090,,Rhone,Révisable
2023SMG07B00,MOBILIERS ET MATERIELS POUR SALAVAS,41666.67,39100000-3,Mobilier & ménager,Appel d'offres ouvert,2023-12-22,22070001700118,,37852953100030,,DEPARTEMENT DE L ARDECHE,Ferme
24990866,M.2023-25 : Accord-cadre à bons de commande de fournitures administratives,140000.0,30192000-1,Informatique & bureautique,Procédure adaptée,2023-12-22,20006810400013,,44455346500014,3.0,,Unitaire
249884044,AGENCEMENT EVENEMENTIEL,2750000.0,39154100-7,Mobilier & ménager,Appel d'offres ouvert,2023-12-22,75067119000015,,83101534200023,9.0,,Unitaire
20232023F0007600,"Prestations de chaudronnerie industrielle, de métallerie et réseaux",34630.0,44162000-3,Matériaux de construction,Procédure adaptée,2023-12-22,25220316100028,,42279704300011,,(22) Côtes-d'Armor,Ferme et actualisable
249983062,Acquisition de 5 véhicules pour les besoins de la CIVIS.: Lot 2: Acquisition d'automobiles de segment B essence,34861.0,34110000-1,Transport & véhicules,Procédure adaptée,2023-12-22,24974007700048,,39958274100027,5.0,,Mixte
2024EH2024-0200,MARCHE FOURNITURE DE PRODUITS D'INCONTINENCE,40000.0,33141621-9,Matériel médical,Procédure négociée avec mise en concurrence préalable,2023-12-22,26830251000022,,50939510900028,,Puget-sur-Argens,Ferme et actualisable
2023000000002800,"Fourniture, pose et mise en service d'un système de vidéoprotection urbaine",190000.0,32323500-8,Télécommunications,Appel d'offres ouvert,2023-12-22,21570631800015,,38875870800134,,Sarreguemines,Révisable
20232023-13-200,lot 2- Achat,50000.0,35113400-3,Sécurité & défense,Procédure adaptée,2023-12-22,21500147000016,,32997932200032,,COUTANCES,Révisable
2023V3F35920AU00,LOT 20 BOISSONS NON ALCOOLISEES,260000.0,15980000-1,Alimentaire,Appel d'offres ouvert,2023-12-22,21870850100018,,38500623400160,,VILLE DE LIMOGES,Révisable
202323N0080-BC00,23N0080-BC PART MARCHE A BON DE COMMANDE LOT 1 :ACQUISITION D'AMEUBLEMENTS INTERIEURS,60000.0,39000000-2,Mobilier & ménager,Appel d'offres ouvert,2023-12-22,20003019500115,,51235440800027,,NICE CEDEX 4,Révisable
2023178001,CGA MED EVKEEZA,580000.0,33600000-6,Matériel médical,Marché négocié sans publicité ni mise en concurrence préalable,2023-12-22,26310012500016,,83308856000028,,Occitanie,Ferme et actualisable
202420240300,FRUITS ET LEGUMES 01032024 AU 28022026,50000.0,15300000-1,Alimentaire,Appel d'offres ouvert,2023-12-22,26380019500053,,55204499202242,,Roybon,Révisable
202423PF3302000,EPICERIE BIO,90000.0,15894700-8,Alimentaire,Appel d'offres ouvert,2023-12-21,26060063000024,,44236533400048,,VENCE,Révisable
2023010100760100,FOURNITURE D'UNE REMORQUE D'OCCASION POUR LE TRANSPORT ET LE REMPLISSAGE DE BENNES A USAGE DE DECHETERIE MOBILE,130000.0,44613700-7,Matériaux de construction,Procédure adaptée,2023-12-21,20007036500016,,20006635500013,,CLAIRA,Ferme
2024323200,Fourniture de spécialités pharmaceutiques au profit des adhérents du GCS GRAPS Grand Est - marchés négociés lots 257,18393.0,33600000-6,Matériel médical,Marché passé sans publicité ni mise en concurrence préalable,2023-12-21,13002682600011,,61203061900102,,GRAND EST,Révisable
2024322300,"Fourniture de spécialités pharmaceutiques au profit des adhérents du GCS GRAPS Grand Est - marchés négociés lots 1580, 1581",573216.0,33600000-6,Matériel médical,Marché passé sans publicité ni mise en concurrence préalable,2023-12-21,13002682600011,,44877792000035,,GRAND EST,Révisable
20232317700,FOURNITURES DE BATIMENT POUR LA VILLE D'AIX-EN-PROVENCE - LOT 3 QUINCAILLERIE ET PETITS APPAREILS ELECTROPORTATIFS,1200000.0,44100000-1,Matériaux de construction,Appel d'offres ouvert,2023-12-21,21130001700012,,38955720800011,,VILLE D'AIX EN PROVENCE,Ferme
2023-26S00,FOURNITURE REPAS SERVICE PORTAGE PIERREFORT-NEUVEGLISE,120330.0,15894200-3,Alimentaire,Procédure adaptée,2023-12-21,20006666000016,,26150013600013,,Saint-Flour,Ferme et actualisable
2023O5244A00,"Fabrication et livraison de cloches, vitrines, plaques ou structures en plexiglas ou polycarbonate au Musée des Beaux Arts de Lyon",39900.0,44170000-2,Matériaux de construction,Procédure adaptée,2023-12-21,21690123100011,,53480878700020,,A Lyon,Ferme
249887922,FOURNITURE DE DENREES ALIMENTAIRES POUR LA RESTAURATION COLLECTIVE DE LA CAISSE DES ECOLES DU 18ème ARR. DE PARIS: Lot 2: Fruits et légumes spécifiques biologiques 1ère et 4ème gamme,36000.0,15000000-8,Alimentaire,Appel d'offres ouvert,2023-12-21,26750038700019,,80484888500021,3.0,,Unitaire
2023MAG233600100,EPI - VETEMENTS DE TRAVAIL,120000.0,18100000-0,Vêtements,Appel d'offres ouvert,2023-12-21,21380317400019,,77559508500041,,PONTDECLAIX,Révisable
202323006ACB0000,Fourniture de produits et matériels d'entretien pour les services de la Ville de Rumilly,204000.0,39830000-9,Mobilier & ménager,Procédure adaptée,2023-12-21,21740225400015,,44030355000154,,RUMILLY CEDEX,Ferme
2023MA23350100,CHANGEMENT DES EQUIPEMENTS CENTRAUX ET LOGICIEL DU SYSTEME D,206847.0,32323500-8,Télécommunications,Procédure adaptée,2023-12-21,21420005700179,,77566487303479,,ANDREZIEUX-BOUTHEON,Ferme
20232023T450000,PROGICIEL ORPHÉE DE GESTION DU RESEAU DES MEDIATHEQUES,180000.0,48219300-9,Logiciels,Marché négocié sans publicité ni mise en concurrence préalable,2023-12-21,20006340200016,,35384941700111,,ANNECY,Révisable
2024-20200,Repas crèche,60000.0,15894210-6,Alimentaire,Appel d'offres ouvert,2023-12-21,21590459000019,,51425596700044,,PETITE-FORET,Ferme et actualisable
2023M0790200,"FOURNITURE, LIVRAISON ET MAINTENANCE DE MATERIEL DE PRE-COLLECTE DES DECHETS MENAGERS ET ASSIMILES SUR 6 COMMUNES DU TER",2960000.0,34928480-6,Transport & véhicules,Appel d'offres ouvert,2023-12-21,20005922800011,,32181911200483,,EVRY-COURCOURONNES,Révisable
202323-02100,SERRURERIE -METALLERIE-STORES,267000.0,44316500-3,Matériaux de construction,Procédure adaptée,2023-12-21,21330138500018,,34437418600049,,COUTRAS,Révisable
202309_23L0900,Lot 09 - Viande de volaille fraiche,72000.0,15112100-7,Alimentaire,Marché négocié sans publicité ni mise en concurrence préalable,2023-12-21,21971128000012,,44133059400017,,STE ANNE,Révisable
20232023F0019000,FOURNITURE ET ACHEMINEMENT EN ELECTRICITE et EN GAZ NATUREL\n - Électricité à Haute Valeur Environnementale,17920.0,31682000-0,Matériel électrique,Appel d'offres ouvert,2023-12-21,21350238800019,,44239544800057,,(35) Ille-et-Vilaine,
249983073,Acquisition de 5 véhicules pour les besoins de la CIVIS.: Lot 3: Acquisition d'automobiles de segment B électriques,58341.0,34110000-1,Transport & véhicules,Procédure adaptée,2023-12-21,24974007700048,,47967345100023,1.0,,Mixte
20242024611L100,Gestion des encombrants et gravats,56780.0,44613700-7,Matériaux de construction,Procédure adaptée,2023-12-21,20006883100060,,77670045200050,,Baraqueville,Ferme
20242023F2700100,DENREES ALIMENTAIRES SAUCISSERIE,40000.0,15131130-5,Alimentaire,Procédure adaptée,2023-12-21,21310149600015,,34770600400038,,COLOMIERS CEDEX,Révisable
202323020400600,MS1 - LOT 5 - borne ultra-rapide supérieur à 100kW en courant continu (DC) et inférieur à 350kW,1200000.0,31224500-7,Matériel électrique,Appel d'offres ouvert,2023-12-21,20005042500012,,38422916700042,,THORIGNE FOUILLARD,Révisable
20232317600,FOURNITURES DE BATIMENT POUR LA VILLE D'AIX-EN-PROVENCE - LOT 2 BOIS MENUISERIE,400000.0,44100000-1,Matériaux de construction,Appel d'offres ouvert,2023-12-21,21130001700012,,50810215900029,,VILLE D'AIX EN PROVENCE,Ferme
20232023F0000100,"Exploitation et maintenance des installations de chauffage, ECS, traitement de l’air et des systèmes de domotique KNX associés des bâtiments communaux",200000.0,44621221-4,Matériaux de construction,Procédure adaptée,2023-12-21,21560184000014,,85480074500937,,(56) Morbihan,Révisable
20232023F0019300,FOURNITURE ET ACHEMINEMENT EN ELECTRICITE et EN GAZ NATUREL\n - Électricité à Haute Valeur Environnementale,17920.0,31682000-0,Matériel électrique,Appel d'offres ouvert,2023-12-21,21350238800019,,83926805900020,,(35) Ille-et-Vilaine,
2024-20100,Repas écoles - centres de loisirs,340000.0,15894210-6,Alimentaire,Appel d'offres ouvert,2023-12-21,21590459000019,,33180458300010,,PETITE-FORET,Ferme et actualisable
202420240300,FOURNITURE ET POSE DE PANNEAUX SIGNALETIQUES DE ZAE,58986.0,34992000-7,Transport & véhicules,Appel d'offres ouvert,2023-12-21,20006770000019,,33961065100087,,Decize,Ferme
202430033500,FOURNITURES ADMINISTRATIVES ET INFORMATIQUES,400000.0,30192000-1,Informatique & bureautique,Appel d'offres ouvert,2023-12-21,20008339200015,,52863317500021,,COMMUNE DE LAVAL,Révisable
2498880818,FOURNITURE DE DENREES ALIMENTAIRES POUR LA RESTAURATION COLLECTIVE DE LA CAISSE DES ECOLES DU 18ème ARR. DE PARIS: Lot 18: Produits surgelés,360000.0,15000000-8,Alimentaire,Appel d'offres ouvert,2023-12-21,26750038700019,,80484888500021,3.0,,Unitaire
20242024611L500,Gestion des déchets verre et papiers,51821.6,44613700-7,Matériaux de construction,Procédure adaptée,2023-12-21,20006883100060,,81934733700019,,Baraqueville,Ferme
202323PF3301900,EPICERIE,120000.0,15894700-8,Alimentaire,Appel d'offres ouvert,2023-12-21,21060157100016,,47698032100303,,VENCE,Révisable
202423PF3301600,FROMAGES,60000.0,15540000-5,Alimentaire,Appel d'offres ouvert,2023-12-21,26060063000024,,31680701501340,,VENCE,Révisable
202323PF330300,VIANDE BOVINE FRAICHE,75000.0,15111000-9,Alimentaire,Appel d'offres ouvert,2023-12-21,21060157100016,,77622146700058,,VENCE,Révisable
2023C3F09122AU00,LOT 22 BOISSONS ALCOOLISEES (HORS VINS),80000.0,15910000-0,Alimentaire,Appel d'offres ouvert,2023-12-21,26870853400014,,45132133500023,,CCAS LIMOGES,Révisable
202398720400,"Fourniture de spécialités pharmaceutiques au profit des adhérents du GCS GRAPS Grand Est - marchés négociés lots 1670, 1671, 1672",2521158.0,33600000-6,Matériel médical,Marché passé sans publicité ni mise en concurrence préalable,2023-12-21,13002682600011,,53445668600045,,GRAND EST,Révisable
2023082023100,FRE LIVRAISON ET INSTALLATION DEGRILLEUR COMPACTEUR ENSACHEUR STEP VILLENEUVE/YONNE,80601.0,39350000-0,Mobilier & ménager,Procédure adaptée,2023-12-21,24890033400058,,40406394300066,,VILLENEUVE SUR YONNE,Ferme et actualisable
202423PF3301200,SURGELES,240000.0,15896000-5,Alimentaire,Appel d'offres ouvert,2023-12-21,26060063000024,,31680701501340,,VENCE,Révisable
202323PF3301200,SURGELES,240000.0,15896000-5,Alimentaire,Appel d'offres ouvert,2023-12-21,21060157100016,,31680701501340,,VENCE,Révisable
2023V3F35923AU00,LOT 23 ALIMENTATION INFANTILE CRECHES,200000.0,15800000-6,Alimentaire,Appel d'offres ouvert,2023-12-21,21870850100018,,34795633600015,,VILLE DE LIMOGES,Révisable
2023230260100,lot 1 COUCHES TRADITIONNELLES (NON BIOLOGIQUE),100000.0,33771200-7,Matériel médical,Procédure adaptée,2023-12-21,21060123300302,,34795633600015,,ST LAURENT DU VAR,Révisable
2023V23F0070100,FRN ELECTR LT1 ILLUMINATIONS FRN ET ACCESSOIRES,83333.32,31600000-2,Matériel électrique,Appel d'offres ouvert,2023-12-21,21680154800019,,33018972100047,,ILLZACH CEDEX,Révisable
2023MAG233600600,PIECES AUTOMOBILES,60000.0,34330000-9,Transport & véhicules,Appel d'offres ouvert,2023-12-21,21380317400019,,37823354800031,,PONTDECLAIX,Révisable
249887911,"FOURNITURE DE DENREES ALIMENTAIRES POUR LA RESTAURATION COLLECTIVE DE LA CAISSE DES ECOLES DU 18ème ARR. DE PARIS: Lot 1: Fruits et légumes non spécifiques conventionnels et bio (1ère, 4ème et 5ème gamme)",435000.0,15000000-8,Alimentaire,Appel d'offres ouvert,2023-12-21,26750038700019,,31602557600026,3.0,,Unitaire
2023L01000,TRAVAUX REALISATION ESPACE SANTE SIMONE VEIL LOT 1 LOT 1 CLOISONS DOUBLAGE FX PLAFOND MENUISERIE INT FAIENCE PEINTURE SOL,125534.0,44115800-7,Matériaux de construction,Procédure adaptée,2023-12-21,21130117100016,,39487075200034,,13127,Ferme
2023FC04200,FOURNITURE ET EXPLOITATION DE SERVICES VÉLOS-SERVICE VELOPOP,13000000.0,34430000-0,Transport & véhicules,Appel d'offres ouvert,2023-12-21,24840025100158,,50528072700106,,AVIGNON,Révisable
202420240000100,LOT 1 - ACQUISITION LOCATION ET MAINTENANCE,175000.0,30121100-4,Informatique & bureautique,Appel d'offres ouvert,2023-12-21,21350049900016,,35166785200039,,Cancale,Révisable
2023190200,VIANDE PORCINE FRAICHE BIO,80000.0,15000000-8,Alimentaire,Appel d'offres ouvert,2023-12-21,21310157900018,,39342235700011,,CUGNAUX,Révisable
2023MAG233600200,QUINCAILLERIE SERRURERIE VISSERIE,300000.0,44316000-8,Matériaux de construction,Appel d'offres ouvert,2023-12-21,21380317400019,,56382048900182,,PONTDECLAIX,Révisable
2023MP23-0900,MP23-09 Acquisition mini benne,76000.0,44613700-7,Matériaux de construction,Procédure adaptée,2023-12-21,24840029300226,,48073059700022,,MONTEUX,Ferme
202323PF3301000,VIANDE DE VOLAILLE BIO,50000.0,15112000-6,Alimentaire,Appel d'offres ouvert,2023-12-21,21060157100016,,95580451300021,,VENCE,Révisable
202323PF3302000,EPICERIE BIO,90000.0,15894700-8,Alimentaire,Appel d'offres ouvert,2023-12-21,21060157100016,,44236533400048,,VENCE,Révisable
20232023242100,"Marché pour la fourniture de réactifs, de petits consommables et matériels d?autopsies spécifiques aux laboratoires, pour le secteur de la santé animale.",136000.0,33696300-8,Matériel médical,Procédure adaptée,2023-12-21,22830001800113,,32520472500049,,TOULON CEDEX,Ferme
2023MAG233600300,PLOMBERIE SANITAIRES CHAUFFAGE,100000.0,44115200-1,Matériaux de construction,Appel d'offres ouvert,2023-12-21,21380317400019,,56382048900182,,PONTDECLAIX,Révisable
202423PF3302100,FRUITS ET LEGUMES,180000.0,15300000-1,Alimentaire,Appel d'offres ouvert,2023-12-21,26060063000024,,37806090900017,,VENCE,Ferme
2024F23085L000,SQY FOURNITURES DE BUREAU POUR LES SERVICES,40000.0,30192000-1,Informatique & bureautique,Procédure adaptée,2023-12-21,20005878200018,,44455346500014,,TRAPPES,Révisable
202307100,M2023-071- TX DEMOL ET CONST GS POUDRERIE LOT N° 14 : EQUIPEMENTS DE CUISINE,140706.12,39221000-7,Mobilier & ménager,Procédure adaptée,2023-12-21,21930046400019,,34329785900047,,LIVRY-GARGAN,Ferme
202319200,Trouville/mer - quartier de la croix sonnet - travaux de construction de 16 logements individuels et 14 logements intermédiaires: Lot 10 : Peinture,95000.0,44810000-1,Matériaux de construction,Procédure adaptée,2023-12-21,78070570300012,,81527811400039,,TROUVILLE SUR MER,Révisable
2023V23F0070500,FRN ELECT LOT 5 BATIMENTS COMMUNAUX,233333.32,31600000-2,Matériel électrique,Appel d'offres ouvert,2023-12-21,21680154800019,,33018972100047,,ILLZACH CEDEX,Révisable
23019100,Fourniture et intégration d'équipements audiovisuels et associés pour la STS Métiers de l'Audiovisuel au lycée Pierre Corneille de Rouen,833000.0,32321300-2,Télécommunications,Appel d'offres ouvert,2023-12-21,20005340300057,,40381955000035,2.0,,Forfaitaire
249887966,FOURNITURE DE DENREES ALIMENTAIRES POUR LA RESTAURATION COLLECTIVE DE LA CAISSE DES ECOLES DU 18ème ARR. DE PARIS: Lot 6: Viandes fraiches de volaille fermière à l\'équilibre,66000.0,15000000-8,Alimentaire,Appel d'offres ouvert,2023-12-21,26750038700019,,6620009800086,3.0,,Unitaire
202323M09400,ACQUISITION D'UN FOURGON ELECTRIQUE POUR LE SERVICE TECHNIQUE DE LA VILLE,58378.33,34144900-7,Transport & véhicules,Appel d'offres ouvert,2023-12-21,21670218300015,,88920407900020,,ILLKIRCH-GRAFFENSTADEN,Ferme
202398718700,Fourniture de spécialités pharmaceutiques au profit des adhérents du GCS GRAPS Grand Est - marchés négociés lot 141,92697.0,33600000-6,Matériel médical,Marché passé sans publicité ni mise en concurrence préalable,2023-12-21,13002682600011,,35256308400040,,GRAND EST,Révisable
2023173101,Acquisition des systèmes d?archivage de blocs de paraffine et de lames anatomocytopathologie au CRB Cancer,80000.0,33100000-1,Matériel médical,Marché négocié sans publicité ni mise en concurrence préalable,2023-12-21,26310012500016,,34282043800030,,Occitanie,Ferme
202319300,"Trouville/mer - quartier de la croix sonnet - travaux de construction de 16 logements individuels et 14 logements intermédiaires: Lot 11 : Chauffage et#8211, Ventilation - Plomberie",364571.0,44115200-1,Matériaux de construction,Procédure adaptée,2023-12-21,78070570300012,,50465499700023,,TROUVILLE SUR MER,Révisable
249887944,"FOURNITURE DE DENREES ALIMENTAIRES POUR LA RESTAURATION COLLECTIVE DE LA CAISSE DES ECOLES DU 18ème ARR. DE PARIS: Lot 4: Viandes fraiches bovines, ovines de races allaitantes conventionnelle, à la pièce",600000.0,15000000-8,Alimentaire,Appel d'offres ouvert,2023-12-21,26750038700019,,52722006500041,4.0,,Unitaire
2023MAG233600500,MATERIELS ELECTRIQUES,120000.0,31600000-2,Matériel électrique,Appel d'offres ouvert,2023-12-21,21380317400019,,82448465300012,,PONTDECLAIX,Révisable
2023MAG233600400,PEINTURE REVETEMENT MURAUX,40000.0,44111400-5,Matériaux de construction,Appel d'offres ouvert,2023-12-21,21380317400019,,30446564400017,,PONTDECLAIX,Révisable
20232023F0019100,FOURNITURE ET ACHEMINEMENT EN ELECTRICITE et EN GAZ NATUREL\n - Électricité à Haute Valeur Environnementale,17920.0,31682000-0,Matériel électrique,Appel d'offres ouvert,2023-12-21,21350238800019,,53126568400062,,(35) Ille-et-Vilaine,
202302CCAS00,FOURNITURE D ASSORTIMENTS DE CHOCOLAT,88000.0,15842000-2,Alimentaire,Procédure adaptée,2023-12-21,26310124800015,,79414554000017,,TOURNEFEUILLE,Ferme
202322N0820-0100,LOT 1 - HAB FOURNITURE ET POSE D'OUVRAGES METALLIQUES SUR LES SITES DE LA REGIE POUR LA GESTION DES DECHETS MENAGERS ET ASSIMILES DU SECTEUR EST DE LA METROPOLE NICE COTE D'AZUR,720000.0,44170000-2,Matériaux de construction,Appel d'offres ouvert,2023-12-21,20003019500115,,97280251600021,,NICE CEDEX 4,Révisable
2023MS6 TTPI00,MS6 TTPI 22MDIST02 ENTRETIEN REPERATION RESEAUX,273404.45,44161200-8,Matériaux de construction,Procédure concurrentielle avec négociation,2023-12-21,20004131700195,,53077374600025,,NIORT CEDEX,Ferme
2024322400,"Fourniture de spécialités pharmaceutiques au profit des adhérents du GCS GRAPS Grand Est - marchés négociés lots 227, 774, 810",403098.0,33600000-6,Matériel médical,Marché passé sans publicité ni mise en concurrence préalable,2023-12-21,13002682600011,,52926101800038,,GRAND EST,Révisable
20232023F0019400,FOURNITURE ET ACHEMINEMENT EN ELECTRICITE et EN GAZ NATUREL\n - Électricité à Haute Valeur Environnementale,17920.0,31682000-0,Matériel électrique,Appel d'offres ouvert,2023-12-21,21350238800019,,82815458300011,,(35) Ille-et-Vilaine,
2023F0312MMNOC00,ACBC PIECES DETACHEES MULTI MARQUES POUR VEHICULES AUTOMOBILES SDEA,58715.65,34330000-9,Transport & véhicules,Procédure négociée avec mise en concurrence préalable,2023-12-21,25670115200025,,59850104700016,,RÃGION GRAND EST,Révisable
202306090827J00,TVX CONSTRUCTION MAISON HABITAT LOT 10 REVETEMENT DE SOL,96000.0,44112200-0,Matériaux de construction,Appel d'offres ouvert,2023-12-21,24440064400013,,81914249800016,,SAINT-NAZAIRE,Révisable
202423PF3301000,VIANDE DE VOLAILLE BIO,50000.0,15112000-6,Alimentaire,Appel d'offres ouvert,2023-12-21,26060063000024,,95580451300021,,VENCE,Révisable
2023V23F0070400,FRN ELECT LT4 EP MATS ET LUMINAIRES,133333.32,31600000-2,Matériel électrique,Appel d'offres ouvert,2023-12-21,21680154800019,,51512576300018,,ILLZACH CEDEX,Révisable
2023202368100,ACQUISITION DE LIVRES NON SCOLAIRES POUR LES MEDIATHEQUES D'EPERNAY,60000.0,22113000-5,Imprimés,Marché négocié sans publicité ni mise en concurrence préalable,2023-12-21,20006768400015,,52868760100021,,EPERNAY,Ferme
202423PF3301900,EPICERIE,120000.0,15894700-8,Alimentaire,Appel d'offres ouvert,2023-12-21,26060063000024,,47698032100303,,VENCE,Révisable
2024322900,Fourniture de spécialités pharmaceutiques au profit des adhérents du GCS GRAPS Grand Est - marchés négociés lot 796,475650.0,33600000-6,Matériel médical,Marché passé sans publicité ni mise en concurrence préalable,2023-12-21,13002682600011,,,,GRAND EST,Révisable
2024323000,"Fourniture de spécialités pharmaceutiques au profit des adhérents du GCS GRAPS Grand Est - marchés négociés lots 58, 192, 416,, 425, 188,, 1451, 1582, 1602, 1608",26100.0,33600000-6,Matériel médical,Marché passé sans publicité ni mise en concurrence préalable,2023-12-21,13002682600011,,38240122200064,,GRAND EST,Révisable
202423PF330300,VIANDE BOVINE FRAICHE,75000.0,15111000-9,Alimentaire,Appel d'offres ouvert,2023-12-21,26060063000024,,77622146700058,,VENCE,Révisable
2023M026600,"FOURNITURES ET PIECES DETACHEES PIECES, D USURE ET ACCESSOIRES POUR LE CD 15",160000.0,34300000-0,Transport & véhicules,Appel d'offres ouvert,2023-12-21,22150001000014,,38388818700028,,AURILLAC,Ferme
20232317500,FOURNITURES DE BATIMENT POUR LA VILLE D'AIX-EN-PROVENCE - LOT 1 MATERIEL DE PLOMBERIE SANITAIRE,320000.0,44100000-1,Matériaux de construction,Appel d'offres ouvert,2023-12-21,21130001700012,,38955720800011,,VILLE D'AIX EN PROVENCE,Ferme
2023O5136A00,"Fourniture de lanternes, projecteurs et accessoires pour l'amélioration du parc - lot 9 : fourniture de luminaires et pièces détachées adaptables à plusieurs autres marques",1200000.0,31518100-1,Matériel électrique,Appel d'offres ouvert,2023-12-21,21690123100011,,82448465300012,,A Lyon,Révisable
2023-06100,Fourniture et livraison de repas écoles et ALSH,149786.1,15895000-8,Alimentaire,Procédure adaptée,2023-12-21,21300169600011,,41015167400026,,MILHAUD,Ferme
202321700,Acquisition et livraison de fournitures de protection,70000.0,30195300-5,Informatique & bureautique,Procédure adaptée,2023-12-21,22220001600327,,79451737500026,,COTES-D'ARMOR,Révisable
2023230260200,lot 2 COUCHES BIOLOGIQUES,100000.0,33771200-7,Matériel médical,Procédure adaptée,2023-12-21,21060123300302,,34795633600015,,ST LAURENT DU VAR,Révisable
20232305500,FOURNITURE DE MOBILIER ET MATERIEL DE BUREAU ERGONOMIQUES POUR TRAVAILLEUR EN SITUATION DE HANDICAP ET/OU DE RESTRICTION TEMPORAIRE D&#8217;APTITUDE,30000.0,30192000-1,Informatique & bureautique,Marché négocié sans publicité ni mise en concurrence préalable,2023-12-21,20003991500018,,81823826300011,,ALPES-MARITIMES,Révisable
20242024611L200,Gestion des déchets verts et du bois,93890.11,44613700-7,Matériaux de construction,Procédure adaptée,2023-12-21,20006883100060,,38015787500010,,Baraqueville,Ferme
2023179,Mise à disposition et maintenance d'une solution de gestion d'immobilier d'entreprise,95000.0,48311100-2,Logiciels,Procédure adaptée,2023-12-21,45820496300029,,81485322200010,2.0,,Unitaire
2024323500,Fourniture de spécialités pharmaceutiques au profit des adhérents du GCS GRAPS Grand Est - marchés négociés lot 1248,100215648.0,33600000-6,Matériel médical,Marché passé sans publicité ni mise en concurrence préalable,2023-12-21,13002682600011,,,,GRAND EST,Révisable
202423015400,LOCATION DE VOITURES A TARIF SOCIAL,195000.0,34115200-8,Transport & véhicules,Procédure adaptée,2023-12-21,22650001500012,,42213614300084,,Hautes-Pyrénées,Ferme
2024F23085L001,SQY FOURNITURES DE BUREAU POUR LES SERVICES,40000.0,30192000-1,Informatique & bureautique,Procédure adaptée,2023-12-21,20005878200018,,44455346500014,,TRAPPES,Révisable
2023231080100,"ACQUISITION, LOCATION ET MAINTENANCE",1300000.0,30120000-6,Informatique & bureautique,Appel d'offres ouvert,2023-12-21,21350288300019,,35166785200039,,SAINT MALO,Révisable
2024322700,"Fourniture de spécialités pharmaceutiques au profit des adhérents du GCS GRAPS Grand Est - marchés négociés lots 826, 877, 880, 898, 899, 900, 901, 902, 906, 907, 1025, 1105",5275194.0,33600000-6,Matériel médical,Appel d'offres ouvert,2023-12-21,13002682600011,,39136097100058,,GRAND EST,Révisable
2023191500,FRUITS ET LEGUMES FRAIS,280000.0,15000000-8,Alimentaire,Appel d'offres ouvert,2023-12-21,21310157900018,,58080235300038,,CUGNAUX,Révisable
202398605200,"Achat d'un véhicule mini compacteur ""châssis 3,5T équipé d'une benne trémie basse""",88959.0,34144410-5,Transport & véhicules,Procédure adaptée,2023-12-21,21920046600015,,48183313500017,,Malakoff,Ferme
2023B231000100,FOURNITURE ELECTRICITE 2024 2025 LOT 1 marché subséquent n°1 accord cadre B23100 passé en groupement de commandes dont le coordonnateur est l'USEDA,20000000.0,31682000-0,Matériel électrique,Appel d'offres ouvert,2023-12-21,22020002600015,,44239544800057,,DEPARTEMENT DE L'AISNE,Révisable
20232317CCDS00,LOT 1 - ACQUISITION DE CONTENEURS ROULANTS POUR LA COLLECTE DES DECHETS MENAGERS ET DES PIECES DETACHEES,185000.0,34928480-6,Transport & véhicules,Procédure adaptée,2023-12-21,20002754800029,,33212763800093,,KOUROU,Révisable
202322N0820-0200,LOT 2 - HAB FOURNITURE ET POSE D'OUVRAGES METALLIQUES SUR LES SITES DE LA REGIE POUR LA GESTION DES DECHETS MENAGERS ET ASSIMILES DU SECTEUR OUEST DE LA METROPOLE NICE COTE D'AZUR,720000.0,44170000-2,Matériaux de construction,Appel d'offres ouvert,2023-12-21,20003019500115,,97280251600021,,NICE CEDEX 4,Ferme
24991514,Evolution et maintenance du système télécom et relation client Xivo de Limoges Habitat.,140000.0,32412100-5,Télécommunications,Procédure adaptée,2023-12-21,27870851600028,,51037340000108,1.0,,Unitaire
20236_2023_100,LOT 1  ORDINATEURS ET ECRANS,80000.0,30230000-0,Informatique & bureautique,Procédure adaptée,2023-12-21,26630803000011,,38820459600075,,Chamalières,Révisable
202320233100,ACQUISITION ET POSE SIGNALETIQUE PARCS D'ACTIVITES,300000.0,44423400-5,Matériaux de construction,Appel d'offres ouvert,2023-12-21,20002298600018,,43244308300030,,ST MATHIEU DE TREVIERS,Révisable
20232023F0012500,Acquisition et livraison de fournitures de protection de documents pour le Département des Côtes d’Armor,70000.0,30195300-5,Informatique & bureautique,Procédure adaptée,2023-12-21,22220001600327,,79451737500026,,(22) Côtes-d'Armor,Révisable
20232023F0018300,FOURNITURE ET ACHEMINEMENT EN ELECTRICITE et EN GAZ NATUREL\n - Électricité,98550000.0,31682000-0,Matériel électrique,Appel d'offres ouvert,2023-12-21,21350238800019,,44239544800057,,(35) Ille-et-Vilaine,
20232023F0004700,23VC053 - Sonorisation de la salle du Quai des Rêves,118553.31,32342410-9,Télécommunications,Procédure adaptée,2023-12-21,20008417600011,,38073843500045,,(22) Côtes-d'Armor,Révisable
202306090827P00,TVX CONSTRUCTION MAISON HABITAT  LOT 16 MENUISERIE INTERIEURE EN BOIS,89225.19,39150000-8,Mobilier & ménager,Appel d'offres ouvert,2023-12-21,24440064400013,,49499585500033,,SAINT-NAZAIRE,Révisable
202323PF3301600,FROMAGES,60000.0,15540000-5,Alimentaire,Appel d'offres ouvert,2023-12-21,21060157100016,,31680701501340,,VENCE,Révisable
2023M09100,FOURNITURES ADMINISTRATIVES ET INFORMATIQUES,400000.0,30192000-1,Informatique & bureautique,Appel d'offres ouvert,2023-12-21,21530130000012,,52863317500021,,COMMUNE DE LAVAL,Révisable
2023C3F09115AU00,LOT 15 PAINS VIENNOISERIES PATISSERIES POUR LE CCCAS,720000.0,15811100-7,Alimentaire,Appel d'offres ouvert,2023-12-21,26870853400014,,42379180500025,,CCAS LIMOGES,Révisable
20232023F0018400,FOURNITURE ET ACHEMINEMENT EN ELECTRICITE et EN GAZ NATUREL\n - Électricité,98550000.0,31682000-0,Matériel électrique,Appel d'offres ouvert,2023-12-21,21350238800019,,78974076800013,,(35) Ille-et-Vilaine,
20230155800,LETTRE DE COMMANDE UGAP - ACQUISITION DE 2 SAUTEUSES MULTIFONCTION IVARIO L - 100 L POUR LE LYCEE MA,43859.59,39220000-0,Mobilier & ménager,Procédure adaptée,2023-12-21,20005226400013,,77605646700843,,STRASBOURG,Ferme
202323PF3302100,FRUITS ET LEGUMES,180000.0,15300000-1,Alimentaire,Appel d'offres ouvert,2023-12-21,21060157100016,,37806090900017,,VENCE,Révisable
20242321100100,FOURNITURE ET POSE 2 DECHLORAMINATEURS CENTRE AQUATIQUE CANZANO SRC,43000.0,31515000-9,Matériel électrique,Procédure adaptée,2023-12-21,20005565500019,,92142428900012,,ROISSY EN FRANCE,Ferme
2498880919,FOURNITURE DE DENREES ALIMENTAIRES POUR LA RESTAURATION COLLECTIVE DE LA CAISSE DES ECOLES DU 18ème ARR. DE PARIS: Lot 19: Produits végétariens,435000.0,15000000-8,Alimentaire,Appel d'offres ouvert,2023-12-21,26750038700019,,31602557600026,3.0,,Unitaire
20232301500,Fourniture d'un téléscopique neuf,102750.0,34100000-8,Transport & véhicules,Procédure adaptée,2023-12-21,21700550300016,,81658006200015,,VESOUL,Ferme et actualisable
202398715500,Fourniture de spécialités pharmaceutiques au profit des adhérents du GCS GRAPS Grand Est - marchés négociés lots 599 et 600,5835.0,33600000-6,Matériel médical,Appel d'offres ouvert,2023-12-21,13002682600011,,82332606100046,,GRAND EST,Révisable
202319000,"Trouville/mer - quartier de la croix sonnet - travaux de construction de 16 logements individuels et 14 logements intermédiaires: Lot 8 : Doublage et#8211, Cloison et#8211, Plafond et#8211, Menuiseries Intérieures",634356.0,44112300-1,Matériaux de construction,Procédure adaptée,2023-12-21,78070570300012,,48024013400027,,TROUVILLE SUR MER,Révisable
20232023FS0900,Fourniture d'une boîte à gants double fonction pour la préparation d'échantillon et la mise en oeuvre d'expériences de tribologie en environnement inerte pour l'Ecole centrale de Lyon - Campus d'Ecully,59990.0,38000000-5,Instruments de mesure,Procédure adaptée,2023-12-21,19690187000010,,52116830200011,,ECULLY Ecole centrale de Lyon,Ferme
243222,"Fourniture de spécialités pharmaceutiques au profit des adhérents du GCS GRAPS Grand Est - marchés négociés lots 920, 923 et 927",272392.0,33600000-6,Matériel médical,Marché passé sans publicité ni mise en concurrence préalable,2023-12-21,13002682600011,,,1.0,,Unitaire
2023M0790100,"FOURNITURE DE MATERIELS PRE-COLLECTE DES DECHETS MENAGERS ET ASSIMILES SUR LES COMMUNES (15) DE RIS-ORANGIS, BONDOUFLE,",2800000.0,34928480-6,Transport & véhicules,Appel d'offres ouvert,2023-12-21,20005922800011,,32181911200483,,EVRY-COURCOURONNES,Révisable
20231110500,Col Rousseau Labastide-Saint-Pierre Extension - Lot 05 Serrurerie extérieure et intérieure,41823.08,44316500-3,Matériaux de construction,Procédure adaptée,2023-12-21,22820001000012,,38359481900013,,MONTAUBAN,Révisable
249887933,FOURNITURE DE DENREES ALIMENTAIRES POUR LA RESTAURATION COLLECTIVE DE LA CAISSE DES ECOLES DU 18ème ARR. DE PARIS: Lot 3: Charcuterie et viande de porc - Label rouge fermier ou équivalent porc fermier,72000.0,15000000-8,Alimentaire,Appel d'offres ouvert,2023-12-21,26750038700019,,52722006500041,1.0,,Unitaire
249887955,FOURNITURE DE DENREES ALIMENTAIRES POUR LA RESTAURATION COLLECTIVE DE LA CAISSE DES ECOLES DU 18ème ARR. DE PARIS: Lot 5: Viandes fraiches bovine de race allaitante à l\'équilibre,295000.0,15000000-8,Alimentaire,Appel d'offres ouvert,2023-12-21,26750038700019,,52722006500041,4.0,,Unitaire
20232023F0019200,FOURNITURE ET ACHEMINEMENT EN ELECTRICITE et EN GAZ NATUREL\n - Électricité à Haute Valeur Environnementale,17920.0,31682000-0,Matériel électrique,Appel d'offres ouvert,2023-12-21,21350238800019,,78974076800013,,(35) Ille-et-Vilaine,
20242023700MOB00,Acquisition de mobiliers pour le pole enfance jeunesse,54660.31,39100000-3,Mobilier & ménager,Procédure adaptée,2023-12-21,20007157900011,,77855948400044,,Louhans,Ferme et actualisable
2023V3B0051DC00,LOCATION MISE EN PLACE ET EXPLOITATION DE MATERIEL DE SONORISATION D'ECLAIRAGE,66888.8,32342410-9,Télécommunications,Procédure adaptée,2023-12-21,21340172201787,,88495456100012,,MONTPELLIER,Ferme
2023191600,FRUITS ET LEGUMES 4E ET 5E GAMME,240000.0,15000000-8,Alimentaire,Appel d'offres ouvert,2023-12-21,21310157900018,,58080235300038,,CUGNAUX,Révisable
2023190800,VIANDES CUITES SOUS VIDE,68000.0,15000000-8,Alimentaire,Appel d'offres ouvert,2023-12-21,21310157900018,,34339778200016,,CUGNAUX,Révisable
20231269M00,MISE EN SÉCURITÉ D'UN RÉSERVOIR DU BELVÉDÉRE A SAINT-CYPRIEN,497500.0,31121000-0,Matériel électrique,Procédure adaptée,2023-12-21,24660028200114,,31631881500024,,SAINT-CYPRIEN,Ferme et actualisable
202323SC014200,CS0833614 ZSCALER Souscription - Editeur 17355 [ZSCALER] - ZSC-LOG-EXTSUBS - Extended Log Store-Souscription-36 Mois-UNIQUE,824370.1,30237300-2,Informatique & bureautique,Marché négocié sans publicité ni mise en concurrence préalable,2023-12-21,23971001500029,,77605646700587,,GUADELOUPE,Révisable
243223,"Fourniture de spécialités pharmaceutiques au profit des adhérents du GCS GRAPS Grand Est - marchés négociés lots 1580, 1581",573216.0,33600000-6,Matériel médical,Marché passé sans publicité ni mise en concurrence préalable,2023-12-21,13002682600011,,44877792000035,1.0,,Unitaire
2024073200,La fourniture et la livraison de produits surgelés,2056273.98,15896000-5,Alimentaire,Appel d'offres ouvert,2023-12-20,26690025700046,,31680701501340,,Rhone,Révisable
202309_23L0500,Lot 05 - Charcuterie,72000.0,15131120-2,Alimentaire,Appel d'offres ouvert,2023-12-20,21971128000012,,39038469100049,,STE ANNE,Révisable
202309_23L1800,Lot 18 - Matières grasses,136000.0,15400000-2,Alimentaire,Appel d'offres ouvert,2023-12-20,21971128000012,,39038469100049,,STE ANNE,Révisable
2023SA02C00,ACQUISITION CARTES ACCREDITIVES DISTRIBUTION DE CARBURANTS POUR LE DPT07,1400000.0,30163000-9,Informatique & bureautique,Appel d'offres ouvert,2023-12-20,22070001700019,,81442098000025,,DEPARTEMENT DE L ARDECHE,Ferme
2023202308100,ACCORD CADRE POUR L'ACHAT DE FOURNITURES ADMINISTRATIVES COURANTES,120000.0,30192000-1,Informatique & bureautique,Appel d'offres ouvert,2023-12-20,20004131700013,,32201998500033,,NIORT CEDEX,Révisable
202323N0201-0100,"CFA FOURNITURE DE PETIT EQUIPEMENT ET MATERIEL POUR LES SECTIONS BOULANGERIE, PATISSERIE, CUISINE ET TRAITEUR",800000.0,39220000-0,Mobilier & ménager,Marché négocié sans publicité ni mise en concurrence préalable,2023-12-20,20003019500115,,43443662200022,,NICE CEDEX 4,Révisable
2023ACESS00,CARBURANTS PAR CARTES ACCREDITIVES RESEAU NATIONAL,600000.0,30163100-0,Informatique & bureautique,Appel d'offres ouvert,2023-12-20,28071200100013,,81442098000025,,Ardèche,Révisable
202309_23L4700,"Lot 47 - Boisson ""eau""",112000.0,15981000-8,Alimentaire,Appel d'offres ouvert,2023-12-20,21971128000012,,39038469100049,,STE ANNE,Révisable
202324,"Accord-cadre concernant l'achat de fournitures de peinture, de petits matériels et accessoires de peinture",159000.0,44810000-1,Matériaux de construction,Procédure adaptée,2023-12-20,27770007600023,,52318957900049,5.0,,Unitaire
2023192701,PREPARATIONS ELABOREES ET DESSERTS SURGELES,340000.0,15000000-8,Alimentaire,Appel d'offres ouvert,2023-12-20,21310157900018,,31680701501340,,CUGNAUX,Révisable
2023-010-100,lot 1 Echafaudages,58578.0,44212310-5,Matériaux de construction,Procédure adaptée,2023-12-20,20008285700018,,34466065900097,,Chatelaudren-Plouagat,Révisable
2023BATIMODUL00,MARCHE RELANCE FOURNITURE DE BATIMENTS MODULAIRES EN VUE DE L'EXTENSION DES ATELIERS MUNICIPAUX,115261.6,44211100-3,Matériaux de construction,Procédure adaptée,2023-12-20,21820134100011,,83060314800016,,Negrepelisse,Ferme et actualisable
20232100,ACHAT D'UN CAMION POLYBENNE,43000.0,34134200-7,Transport & véhicules,Procédure adaptée,2023-12-20,21060118300010,,38751618000024,,SAINT CEZAIRE SUR SIAGNE,Ferme
2023941-100,"Fourniture, livraison et installation de mobilier  Lot 1 Fourniture, livraison et installation de mobilier scolaire, de cent",400000.0,39120000-9,Mobilier & ménager,Appel d'offres ouvert,2023-12-20,21930050600017,,84966150900026,,NEUILLY SUR MARNE,Ferme
20232322200,FOURNITURE DE DECOUPES A LEDS,53008.0,31520000-7,Matériel électrique,Procédure adaptée,2023-12-20,20004024400010,,40022282400023,,BRESSUIRE,Ferme
2023136A2300,TUYAUX RACCORD ACCESS LAITON,300000.0,44163000-0,Matériaux de construction,Appel d'offres ouvert,2023-12-20,20002359600014,,32894690000052,,DEPARTEMENT HAUTE GARONNE,Révisable
2024073800,La fourniture et la livraison de produits surgelés,11083255.98,15896000-5,Alimentaire,Appel d'offres ouvert,2023-12-20,26690025700046,,31680701501340,,Rhone,Révisable
2023191400,LAITAGES BIO,52000.0,15000000-8,Alimentaire,Appel d'offres ouvert,2023-12-20,21310157900018,,32097588100089,,CUGNAUX,Révisable
2023000000032500,ASSIST MAINT PRESTAT ACHAT MODULES PROGICIELS SOLIS SOLATIS,1500000.0,48000000-8,Logiciels,Marché négocié sans publicité ni mise en concurrence préalable,2023-12-20,22560001400016,,38251931200088,,VANNES,Révisable
243237,"Fourniture de spécialités pharmaceutiques au profit des adhérents du GCS GRAPS Grand Est - marchés négociés lots 1670, 1671, 1672",2521158.0,33600000-6,Matériel médical,Marché passé sans publicité ni mise en concurrence préalable,2023-12-20,13002682600011,,53445668600045,1.0,,Unitaire
202309_23L2000,Lot 20 - Jus en brique,60000.0,15321000-4,Alimentaire,Appel d'offres ouvert,2023-12-20,21971128000012,,39038469100049,,STE ANNE,Révisable
2023941-200,FOURNITURE LIVRAISON ET INSTALLATION DE MOBILIER A DESTINATION DES ETABLISSEMENTS SCOLAIRES DES CENTRES DE LOISIRS DES REFECTOIRES DE LA PETITE ENFANCE ET DES BUREAUX LOT 2 FOURNITURE LIVRAISON INSTALLATION DE MOBILIER PETITE ENFANCE,200000.0,39120000-9,Mobilier & ménager,Appel d'offres ouvert,2023-12-20,26930022400012,,53142571800016,,CCAS,Ferme
2023192500,LEGUMES SURGELES,340000.0,15000000-8,Alimentaire,Appel d'offres ouvert,2023-12-20,21310157900018,,31680701501340,,CUGNAUX,Révisable
2023TE02900,CARBURANTS PAR CARTES ACCREDITIVES RESEAU NATIONAL,600000.0,30163100-0,Informatique & bureautique,Appel d'offres ouvert,2023-12-20,28071200100013,,53168044500024,,Ardèche,Révisable
2023LCDE0200,Renouvellement du parc de lanternes sur les PAE,99999.0,34993000-4,Transport & véhicules,Procédure adaptée,2023-12-20,24580440600107,,75401295300032,,NEVERS,Ferme
202324MA12300300,"Accord-cadre à BC n°24-ma1-23003 fourniture et livraison de produits d'hygiène, d'entretien et de petits matériels de nettoyage pour la cité internationale de la bande dessinée et de l'image: Lot 2 : petits matériels et produits nettoyants",32000.0,39830000-9,Mobilier & ménager,Procédure adaptée,2023-12-20,50157795100012,,34514724300025,,ANGOULEME,Ferme et actualisable
2023SC0138000000,SCALEWAY 0012165 PRESTAT° A LUSAGE,213291.36,30000000-9,Informatique & bureautique,Marché négocié sans publicité ni mise en concurrence préalable,2023-12-20,23971001500029,,77605646700587,,GUADELOUPE,Ferme
202300900,FOURNITURES DE REPAS PAR LIAISON FROIDE POUR LES RESTAURANTS,700000.0,15894210-6,Alimentaire,Procédure adaptée,2023-12-20,21380486700017,,41254513900039,,SEYSSINS,Ferme
243229,Fourniture de spécialités pharmaceutiques au profit des adhérents du GCS GRAPS Grand Est - marchés négociés lot 796,475650.0,33600000-6,Matériel médical,Marché passé sans publicité ni mise en concurrence préalable,2023-12-20,13002682600011,,,1.0,,Unitaire
2023-03-0100,LOT 1-PDTS SURGELES-FOURNITURES DENREES ALIMENTAIRES,79125.0,15896000-5,Alimentaire,Procédure adaptée,2023-12-20,21130088400015,,31680701501340,,MAIRIE DU ROVE,Révisable
2023-010-500,lot 5 Campanaire,63035.16,44423100-2,Matériaux de construction,Procédure adaptée,2023-12-20,20008285700018,,82393026800086,,Chatelaudren-Plouagat,Révisable
20232023F0006800,"Approvisionnement en produits d'entretien d'environ 70 établissements publics d'enseignement d'Ille-et-Vilaine, membres du groupement de commandes des établissements publics d'enseignement de Rennes et la région, qui sont adhérents au marché .",56052.51,39224000-8,Mobilier & ménager,Appel d'offres ouvert,2023-12-20,19350028700019,,44030355000154,,(35) Ille-et-Vilaine,Révisable
2023170400,VETEMENTS TRAVAIL ART CHAUSSANTS ET PROTEC MAINS - VETEMENTS PROF SECTEUR ENTR DES LOCAUX ET RESTAURA,48000.0,18100000-0,Vêtements,Appel d'offres ouvert,2023-12-20,21590273500012,,38148036700014,,GRAVELINES,Révisable
20232023F0007300,"Approvisionnement en produits d'entretien d'environ 70 établissements publics d'enseignement d'Ille-et-Vilaine, membres du groupement de commandes des établissements publics d'enseignement de Rennes et la région, qui sont adhérents au marché .",112474.86,39513200-3,Mobilier & ménager,Appel d'offres ouvert,2023-12-20,19350028700019,,44030355000154,,(35) Ille-et-Vilaine,Révisable
2023CA23M0500,LOT 4 MATÉRIAUX FONTE DE VOIRIE,166666.64,44470000-5,Matériaux de construction,Appel d'offres ouvert,2023-12-20,24860041300103,,90572051200011,,CHATELLERAULT CEDEX,Révisable
2023CA23M1000,LOT 9 FOURNITURE DE PIÈCES D'ORIGINE DE CARROSSERIE POUR PL RENAULT,333333.32,34330000-9,Transport & véhicules,Appel d'offres ouvert,2023-12-20,24860041300103,,30327375900157,,CHATELLERAULT CEDEX,Révisable
202323-03-1100,LOT 2 : FOURNITURE CONTENEURS ROULANTS DE 400 L,120000.0,44613800-8,Matériaux de construction,Appel d'offres ouvert,2023-12-20,24290076900140,,77815194401120,,CONCARNEAU,Révisable
2023191200,YAOURTS NATURES FERMIERS,52000.0,15000000-8,Alimentaire,Appel d'offres ouvert,2023-12-20,21310157900018,,32097588100089,,CUGNAUX,Révisable
2023-010-300,lot 3 Charpente bois,135033.08,44142000-7,Matériaux de construction,Procédure adaptée,2023-12-20,20008285700018,,49698019400021,,Chatelaudren-Plouagat,Révisable
202323DGS030100,FOURNITURES DE BUREAU,360000.0,30192000-1,Informatique & bureautique,Appel d'offres ouvert,2023-12-20,21740012600017,,57172266900264,,ANNEMASSE,Ferme
249906577,Construction d'un groupe scolaire et de salles associatives sur le Parc Mulonnière à Orvault.: Lot 7: METALLERIE - SERRURERIE,209454.0,44316500-3,Matériaux de construction,Appel d'offres ouvert,2023-12-20,21440114300018,,34053956800030,1.0,,Forfaitaire
2023193400,BISCUITS,88000.0,15000000-8,Alimentaire,Appel d'offres ouvert,2023-12-20,21310157900018,,32203138600087,,CUGNAUX,Révisable
20232023F0006600,"Approvisionnement en produits d'entretien d'environ 70 établissements publics d'enseignement d'Ille-et-Vilaine, membres du groupement de commandes des établissements publics d'enseignement de Rennes et la région, qui sont adhérents au marché.",63215.34,39830000-9,Mobilier & ménager,Appel d'offres ouvert,2023-12-20,19350028700019,,44030355000154,,(35) Ille-et-Vilaine,Révisable
20232023F0007200,"Approvisionnement en produits d'entretien d'environ 70 établissements publics d'enseignement d'Ille-et-Vilaine, membres du groupement de commandes des établissements publics d'enseignement de Rennes et la région, qui sont adhérents au marché .",9118.92,33741100-7,Matériel médical,Appel d'offres ouvert,2023-12-20,19350028700019,,32200815200058,,(35) Ille-et-Vilaine,Révisable
2023S0375MMNOC00,MAINTENANCE DU LOGICIEL DE GESTION DE L INFORMATION DU LABORATOIRE,90000.0,48461000-7,Logiciels,Marché négocié sans publicité ni mise en concurrence préalable,2023-12-20,25670115200025,,79440613200017,,RÃGION GRAND EST,Révisable
202309_23L2100,Lot 21 - Autres confiseries,136000.0,15842300-5,Alimentaire,Appel d'offres ouvert,2023-12-20,21971128000012,,78574231300147,,STE ANNE,Révisable
202309_23L2800,Lot 28 - Viandes bovines surgelées,184000.0,15896000-5,Alimentaire,Appel d'offres ouvert,2023-12-20,21971128000012,,39038469100049,,STE ANNE,Révisable
2023941-200,"Fourniture, livraison et installation de mobilier  Lot 2 Fourniture, livraison et installation de mobilier petite enfance",200000.0,39120000-9,Mobilier & ménager,Appel d'offres ouvert,2023-12-20,21930050600017,,53142571800016,,NEUILLY SUR MARNE,Ferme
2023193100,PRODUITS DESHYDRATES,76000.0,15000000-8,Alimentaire,Appel d'offres ouvert,2023-12-20,21310157900018,,47698032100360,,CUGNAUX,Révisable
2023191100,PRODUITS LAITIERS ET OVOPRODUITS,500000.0,15000000-8,Alimentaire,Appel d'offres ouvert,2023-12-20,21310157900018,,55204499202382,,CUGNAUX,Révisable
2023AO2302300300,FOURNITURE DE MATELAS A DEPRESSION,50000.0,33100000-1,Matériel médical,Appel d'offres ouvert,2023-12-20,28620001900045,,47865733100045,,SAINT LAURENT BLANGY,Révisable
243228,"Fourniture de spécialités pharmaceutiques au profit des adhérents du GCS GRAPS Grand Est - marchés négociés lots 50, 186, 190",289090.0,33600000-6,Matériel médical,Marché passé sans publicité ni mise en concurrence préalable,2023-12-20,13002682600011,,85210884400022,1.0,,Unitaire
243236,Fourniture de spécialités pharmaceutiques au profit des adhérents du GCS GRAPS Grand Est - marchés négociés lot 717,960000.0,33600000-6,Matériel médical,Marché passé sans publicité ni mise en concurrence préalable,2023-12-20,13002682600011,,,1.0,,Unitaire
2023SA02B00,ACQUISITION CARTES ACCREDITIVES DISTRIBUTION DE CARBURANTS POUR LE DPT07,1400000.0,30163000-9,Informatique & bureautique,Appel d'offres ouvert,2023-12-20,22070001700019,,78013017514688,,DEPARTEMENT DE L ARDECHE,Ferme
249911032,"Achat de revêtements de sols et produits de mise en oeuvre: Lot 2 : achat d'outillage, accessoire et produits de mise en ?uvre",36000.0,44112200-0,Matériaux de construction,Procédure adaptée,2023-12-20,27870851600028,,30628930703402,2.0,,Unitaire
2023193000,PRODUITS DE LA MER,540000.0,15000000-8,Alimentaire,Appel d'offres ouvert,2023-12-20,21310157900018,,31680701501340,,CUGNAUX,Révisable
2023170300,VETEMENTS TRAVAIL ART CHAUSSANTS ET PROTEC MAINS - VETEMENTS PROFESSIONNELS SECTEUR TECHNIQUE,100000.0,18100000-0,Vêtements,Appel d'offres ouvert,2023-12-20,21590273500012,,38148036700014,,GRAVELINES,Révisable
243197,"Maintenance des réseaux et des installations de fluides médicaux, mise à disposition et acquisition de groupes de vide: Lots 03 et 04",221127.0,33600000-6,Matériel médical,Marché passé sans publicité ni mise en concurrence préalable,2023-12-20,13002682600011,,38188680300042,4.0,,Unitaire
2024073400,La fourniture et la livraison de produits surgelés,30376511.96,15896000-5,Alimentaire,Appel d'offres ouvert,2023-12-20,26690025700046,,31680701500656,,Rhone,Révisable
202323F12700100,ACQUISITION ET REPARATION D EQUIPEMENTS ET D ACCESSOIRES POUR LE LAVAGE DES VOIES PUBLIQUES,20000.0,39715300-0,Mobilier & ménager,Appel d'offres ouvert,2023-12-20,21060004500012,,42421550700064,,ANTIBES,Révisable
202323-03-1300,LOT 2 : BENNE DE 16 M3 ENVIRON AVEC LEVE CONTENEURS,109657.0,34144511-3,Transport & véhicules,Appel d'offres ouvert,2023-12-20,24290076900140,,77557300900047,,CONCARNEAU,Ferme
202323-03-1000,LOT 1 : FOURNITURE DE CONTENEURS ROULANTS COLLECTE DECHETS MENAGERS,1080000.0,44613800-8,Matériaux de construction,Appel d'offres ouvert,2023-12-20,24290076900140,,77815194401120,,CONCARNEAU,Révisable
20232312400,Fourniture de licences pour la manipulation sur écran tactile et prestations associées,800000.0,48000000-8,Logiciels,Appel d'offres ouvert,2023-12-20,50152402900086,,79509378000042,,Issy les Moulineaux,Ferme
2023941-300,"Fourniture, livraison et installation de mobilier  Lot 3 Fourniture, livraison et installation de mobilier de bureau",200000.0,39120000-9,Mobilier & ménager,Appel d'offres ouvert,2023-12-20,21930050600017,,37945754200015,,NEUILLY SUR MARNE,Ferme
2024073400,La fourniture et la livraison de produits surgelés,30376511.96,15896000-5,Alimentaire,Appel d'offres ouvert,2023-12-20,26690025700046,,31680701501340,,Rhone,Révisable
243234,Fourniture de spécialités pharmaceutiques au profit des adhérents du GCS GRAPS Grand Est - marchés négociés lot 141,92697.0,33600000-6,Matériel médical,Marché passé sans publicité ni mise en concurrence préalable,2023-12-20,13002682600011,,35256308400040,1.0,,Unitaire
20232317400,Fourniture d'une solution de durcissement et de maintien en condition de sécurité de l'Active Directory,49875.0,48000000-8,Logiciels,Procédure adaptée,2023-12-20,50152402900086,,40986794200826,,Issy les Moulineaux,Ferme
2023190900,VOLAILLES FRAICHES,772000.0,15000000-8,Alimentaire,Appel d'offres ouvert,2023-12-20,21310157900018,,38855206900030,,CUGNAUX,Révisable
2023170100,VETEMENTS TRAVAIL ART CHAUSSANTS ET PROTEC MAINS - CHAUSSURES DE SECURITE SECTEUR TECHNIQUE,80000.0,18830000-6,Vêtements,Appel d'offres ouvert,2023-12-20,21590273500012,,47558214400113,,GRAVELINES,Révisable
2023-1500,Signaletique de la ville du Haillan,214000.0,35261000-1,Sécurité & défense,Procédure adaptée,2023-12-20,21330200300016,,64605047600019,,LE HAILLAN,Ferme
2023SA02A00,ACQUISITION CARTES ACCREDITIVES DISTRIBUTION DE CARBURANTS POUR LE DPT07,1400000.0,30163000-9,Informatique & bureautique,Appel d'offres ouvert,2023-12-20,22070001700019,,53168044500024,,DEPARTEMENT DE L ARDECHE,Ferme
2023191000,VOLAILLES FRAICHES BIO,160000.0,15000000-8,Alimentaire,Appel d'offres ouvert,2023-12-20,21310157900018,,32097588100089,,CUGNAUX,Révisable
2024074300,La fourniture et la livraison de produits surgelés,5104440.0,15896000-5,Alimentaire,Appel d'offres ouvert,2023-12-20,26690025700046,,31680701501340,,Rhone,Révisable
243230,"Fourniture de spécialités pharmaceutiques au profit des adhérents du GCS GRAPS Grand Est - marchés négociés lots 58, 192, 416,, 425, 188,, 1451, 1582, 1602, 1608",1917426.0,33600000-6,Matériel médical,Marché passé sans publicité ni mise en concurrence préalable,2023-12-20,13002682600011,,38240122200064,1.0,,Unitaire
2023192900,VIANDES SURGELEES BIO,52000.0,15000000-8,Alimentaire,Appel d'offres ouvert,2023-12-20,21310157900018,,31680701501340,,CUGNAUX,Révisable
202323013ACB0000,Fourniture et installation de projecteurs 4K pour le cinéma Les Lumières de la Ville,375000.0,38653000-7,Instruments de mesure,Appel d'offres ouvert,2023-12-20,21740225400221,,95752298000045,,RUMILLY CEDEX,Révisable
202324MA12300300,"Accord-cadre à BC n°24-ma1-23003 fourniture et livraison de produits d'hygiène, d'entretien et de petits matériels de nettoyage pour la cité internationale de la bande dessinée et de l'image: Lot 1 : essuyage et papiers hygiéniques",28000.0,39830000-9,Mobilier & ménager,Procédure adaptée,2023-12-20,50157795100012,,34514724300025,,ANGOULEME,Ferme et actualisable
20232023F0006400,"Approvisionnement d'environ 70 établissements d'enseignement d’Ille-et-Vilaine - membres du groupement de commandes des établissements publics d'enseignement de Rennes et la région en fournitures de bureau (marqueurs, enveloppes…)",242031.64,30192125-3,Informatique & bureautique,Appel d'offres ouvert,2023-12-20,19350028700019,,57172266900264,,(35) Ille-et-Vilaine,Révisable
20232023F0007500,"Approvisionnement en produits d'entretien d'environ 70 établissements publics d'enseignement d'Ille-et-Vilaine, membres du groupement de commandes des établissements publics d'enseignement de Rennes et la région, qui sont adhérents au marché .",81555.54,39830000-9,Mobilier & ménager,Appel d'offres ouvert,2023-12-20,19350028700019,,44030355000154,,(35) Ille-et-Vilaine,Révisable
2023FCS0012300,FOURNITURE DE TITRES RESTAURANTS DEMATERIALISES - LOT 3 CCDP,210000.0,30199770-8,Informatique & bureautique,Appel d'offres ouvert,2023-12-20,20006628000070,,39336513500358,,PITHIVIERS-LE VIEIL,Ferme
2024074800,La fourniture et la livraison de produits surgelés,458400.0,15896000-5,Alimentaire,Appel d'offres ouvert,2023-12-20,26690025700046,,31680701501340,,Rhone,Révisable
243221,Fourniture de spécialités pharmaceutiques au profit des adhérents du GCS GRAPS Grand Est - marchés négociés lots 599 et 600,5835.0,33600000-6,Matériel médical,Marché passé sans publicité ni mise en concurrence préalable,2023-12-20,13002682600011,,82332606100046,1.0,,Unitaire
202309_23L1700,Lot 17 - Autres conserves appertisées,52000.0,15131000-5,Alimentaire,Marché négocié sans publicité ni mise en concurrence préalable,2023-12-20,21971128000012,,78574231300147,,STE ANNE,Révisable
2023193500,BOISSONS,120000.0,15000000-8,Alimentaire,Appel d'offres ouvert,2023-12-20,21310157900018,,47698032100360,,CUGNAUX,Révisable
20232023F0007000,"Approvisionnement en produits d'entretien d'environ 70 établissements publics d'enseignement d'Ille-et-Vilaine, membres du groupement de commandes des établissements publics d'enseignement de Rennes et la région, qui sont adhérents au marché .",80698.32,33761000-2,Matériel médical,Appel d'offres ouvert,2023-12-20,19350028700019,,44030355000154,,(35) Ille-et-Vilaine,Révisable
2023-03-0300,LOT 3 - PDTS FRAIS - FOURNITURES DENREES ALIMENTAIRES,40000.0,15800000-6,Alimentaire,Procédure adaptée,2023-12-20,21130088400015,,31680701501340,,MAIRIE DU ROVE,Révisable
2023CA23M0900,LOT 8 CHAUSSURES DE SÉCURITÉ,133333.32,18830000-6,Vêtements,Appel d'offres ouvert,2023-12-20,24860041300103,,90572051200011,,CHATELLERAULT CEDEX,Révisable
2023941-300,FOURNITURE LIVRAISON ET INSTALLATION DE MOBILIER A DESTINATION DES ETABLISSEMENTS SCOLAIRES DES CENTRES DE LOISIRS DES REFECTOIRES DE LA PETITE ENFANCE ET DES BUREAUX LOT 3 FOURNITURE LIVRAISON INSTALLATION DE MOBILIER DE BUREAU,200000.0,39120000-9,Mobilier & ménager,Appel d'offres ouvert,2023-12-20,26930022400012,,37945754200015,,CCAS,Ferme
202323ABG03800,FOURNITURE DE PIECES DETACHEES POUR VEHICULES RENAULT,136000.0,34300000-0,Transport & véhicules,Marché négocié sans publicité ni mise en concurrence préalable,2023-12-20,21780646200016,,31221230102324,,VERSAILLES CEDEX,Ferme
2023143100,CONSO TECH GEN Lot 1 : visserie et fixations,105000.0,44531510-9,Matériaux de construction,Procédure adaptée,2023-12-20,21400046500010,,32968134000173,,BISCARROSSE,Révisable
20232023F0006700,"Approvisionnement en produits d'entretien d'environ 70 établissements publics d'enseignement d'Ille-et-Vilaine, membres du groupement de commandes des établissements publics d'enseignement de Rennes et la région, qui sont adhérents au marché.",58233.06,39224000-8,Mobilier & ménager,Appel d'offres ouvert,2023-12-20,19350028700019,,50744450300050,,(35) Ille-et-Vilaine,Révisable
2024074200,La fourniture et la livraison de produits surgelés,2689354.0,15896000-5,Alimentaire,Appel d'offres ouvert,2023-12-20,26690025700046,,31680701501340,,Rhone,Révisable
243232,Fourniture de spécialités pharmaceutiques au profit des adhérents du GCS GRAPS Grand Est - marchés négociés lots 257,18393.0,33600000-6,Matériel médical,Marché passé sans publicité ni mise en concurrence préalable,2023-12-20,13002682600011,,61203061900102,1.0,,Unitaire
243225,Fourniture de spécialités pharmaceutiques au profit des adhérents du GCS GRAPS Grand Est - marchés négociés lot 10,16658.0,33600000-6,Matériel médical,Marché passé sans publicité ni mise en concurrence préalable,2023-12-20,13002682600011,,37050014200036,1.0,,Unitaire
243235,Fourniture de spécialités pharmaceutiques au profit des adhérents du GCS GRAPS Grand Est - marchés négociés lot 1248,100215648.0,33600000-6,Matériel médical,Marché passé sans publicité ni mise en concurrence préalable,2023-12-20,13002682600011,,,1.0,,Unitaire
243198,"Maintenance des réseaux et des installations de fluides médicaux, mise à disposition et acquisition de groupes de vide: Lot 06",395817.0,33600000-6,Matériel médical,Appel d'offres ouvert,2023-12-20,13002682600011,,34141531300228,4.0,,Unitaire
202309_23L3500,"Lot 35 - Pâtisserie, viennoiserie surgelées",416000.0,15896000-5,Alimentaire,Appel d'offres ouvert,2023-12-20,21971128000012,,39038469100049,,STE ANNE,Révisable
2023000000004200,ACHAT FOURNITURE DE PRODUITS D'ENTRETIEN ET DE PETITS MATERIELS DE NETTOYAGE DES LOCAUX DE LA CCSUD LOT 3 EQUIPEMENT DE PROTECTION INDIVIDUEL (EPI) CENTRE OUEST ENVIRONNEMENT,50000.0,35113400-3,Sécurité & défense,Procédure adaptée,2023-12-20,20006047300010,,92270654400017,,Bandrele,Ferme
2023170500,VETEMENTS TRAVAIL ART CHAUSSANTS ET PROTEC MAINS - PROTECTION DES MAINS,40000.0,18141000-9,Vêtements,Appel d'offres ouvert,2023-12-20,21590273500012,,34293810700030,,GRAVELINES,Révisable
20232023F0006500,"Approvisionnement d'environ 70 établissements d'enseignement d’Ille-et-Vilaine - membres du groupement de commandes des établissements publics d'enseignement de Rennes et la région - en marqueurs, enveloppes, petits matériels de bureau, papier - PAPIER PH",554994.33,30192700-8,Informatique & bureautique,Appel d'offres ouvert,2023-12-20,19350028700019,,52946084200022,,(35) Ille-et-Vilaine,Révisable
20232023F0007100,"Approvisionnement en produits d'entretien d'environ 70 établissements publics d'enseignement d'Ille-et-Vilaine, membres du groupement de commandes des établissements publics d'enseignement de Rennes et la région, qui sont adhérents au marché .",8983.65,39831600-2,Mobilier & ménager,Appel d'offres ouvert,2023-12-20,19350028700019,,44030355000154,,(35) Ille-et-Vilaine,Révisable
2023190600,VIANDE BOVINE FRAICHE BIO,68000.0,15000000-8,Alimentaire,Appel d'offres ouvert,2023-12-20,21310157900018,,32785259600029,,CUGNAUX,Révisable
2023-03-0200,LOT 2 - EPICERIE - FOURNITURES DENREES ALIMENTAIRES,42200.0,15800000-6,Alimentaire,Procédure adaptée,2023-12-20,21130088400015,,47698032100303,,MAIRIE DU ROVE,Révisable
2023M2358300,M23583 - FOURNITURE DES SUPPORTS DE LIGNE AERIENNE DE CONTACT D?UNE COMMUNICATION SUR LA LIGNE B DU TRAMWAY D?ORLEANS ENTRE LES STATIONS MARIE RIOBE ET EUGENE VIGNAT M23A0135,99991.13,31682410-7,Matériel électrique,Procédure adaptée,2023-12-20,24450046800040,,44025316900021,,ORLEANS,Révisable
2023CA23M0300,LOT 2 BALAIS DE BALAYEUSES,100000.0,34921100-0,Transport & véhicules,Appel d'offres ouvert,2023-12-20,24860041300103,,2708022500017,,CHATELLERAULT CEDEX,Révisable
20232023F0000900,Acquisition d'un véhicule de collecte des ordures ménagères - Benne d'environ 16 m3 avec lève-conteneurs.,109657.0,34139100-1,Transport & véhicules,Appel d'offres ouvert,2023-12-20,24290076900124,,77557300977557,,(29) Finistère,Ferme
243226,Fourniture de spécialités pharmaceutiques au profit des adhérents du GCS GRAPS Grand Est - marchés négociés lot 97,85269.0,33600000-6,Matériel médical,Marché passé sans publicité ni mise en concurrence préalable,2023-12-20,13002682600011,,81058510900020,1.0,,Unitaire
2023193700,LEGUMINEUSES CUITES SURGELEES BIO,80000.0,15000000-8,Alimentaire,Appel d'offres ouvert,2023-12-20,21310157900018,,89268765800021,,CUGNAUX,Révisable
202321900,Travaux SSI base plein air GUERLEDAN,54010.2,44482000-2,Matériaux de construction,Procédure adaptée,2023-12-20,22220001600327,,57220154900704,,COTES-D'ARMOR,Révisable
20242024002L0100,FOURNITURES ADMINISTRATIVES COURANTES,1210000.0,30190000-7,Informatique & bureautique,Appel d'offres ouvert,2023-12-20,21790003400018,,32201998500033,,AIFFRES,Révisable
2023CA23M0200,"LOT 1 PNEUS (PL, VL ET RECHAPÉS)",400000.0,34352100-0,Transport & véhicules,Appel d'offres ouvert,2023-12-20,24860041300103,,39252740404670,,CHATELLERAULT CEDEX,Révisable
249911021,Achat de revêtements de sols et produits de mise en oeuvre: Lot 1 : achat de fournitures de revêtements de sol,100000.0,44112200-0,Matériaux de construction,Procédure adaptée,2023-12-20,27870851600028,,35267368500025,2.0,,Unitaire
2023193200,EPICERIE,672000.0,15000000-8,Alimentaire,Appel d'offres ouvert,2023-12-20,21310157900018,,47698032100360,,CUGNAUX,Révisable
2024074100,La fourniture et la livraison de produits surgelés,4510097.99,15896000-5,Alimentaire,Appel d'offres ouvert,2023-12-20,26690025700046,,31680701501340,,Rhone,Révisable
2024- TICK RES00,Marché tickets restaurant,163000.0,22000000-0,Imprimés,Procédure adaptée,2023-12-20,21971122300012,,39336513500358,,Commune de Port-Louis,Ferme
202309_23L1600,Lot 16 - Conserves appertisées,264000.0,15131000-5,Alimentaire,Appel d'offres ouvert,2023-12-20,21971128000012,,78574231300147,,STE ANNE,Révisable
2023AO2302300100,FOURNITURE DE COLLIERS CERVICAUX,60000.0,33100000-1,Matériel médical,Appel d'offres ouvert,2023-12-20,28620001900045,,34886045300045,,SAINT LAURENT BLANGY,Révisable
202309_23L2500,Lot 25 - Arômes et fonds divers,72000.0,15894100-2,Alimentaire,Appel d'offres ouvert,2023-12-20,21971128000012,,78574231300147,,STE ANNE,Révisable
2023941-100,FOURNITURE LIVRAISON ET INSTALLATION DE MOBILIER A DESTINATION DES ETABLISSEMENTS SCOLAIRES DES CENTRES DE LOISIRS DES REFECTOIRES DE LA PETITE ENFANCE ET DES BUREAUX LOT 1 FOURNITURE LIVRAISON INSTALLATION MOBILIER SCOLAIRE CENTRE LOISIRS ET REFECTOIRES,400000.0,39120000-9,Mobilier & ménager,Appel d'offres ouvert,2023-12-20,26930022400012,,84966150900026,,CCAS,Ferme
2023192300,BOULANGERIE VIENNOISERIE,448000.0,15000000-8,Alimentaire,Appel d'offres ouvert,2023-12-20,21310157900018,,40520166600022,,CUGNAUX,Révisable
20232023F0007400,"Approvisionnement en produits d'entretien d'environ 70 établissements publics d'enseignement d'Ille-et-Vilaine, membres du groupement de commandes des établissements publics d'enseignement de Rennes et la région, qui sont adhérents au marché .",18728.99,39830000-9,Mobilier & ménager,Appel d'offres ouvert,2023-12-20,19350028700019,,44030355000154,,(35) Ille-et-Vilaine,Révisable
2023-00200,FOUNRNITURE ET LIVRAISON DE 2 BENNES ORDURES MENAGERES COMPLETES MONOFLUX 19T,426000.0,34144511-3,Transport & véhicules,Appel d'offres ouvert,2023-12-20,25140272300042,,82526974900016,,Bayeux,Ferme
20232023F0000800,Acquisition d'un véhicule de collecte des ordures ménagères - Porteur PTAC 19 tonnes.,113391.76,34144511-3,Transport & véhicules,Appel d'offres ouvert,2023-12-20,24290076900124,,32662082000232,,(29) Finistère,Ferme
2024-API00,FOURNITURE ET LIVRAISON DE REPAS ET GOÛTERS EN LIAISON FROIDE,120000.0,15894210-6,Alimentaire,Procédure adaptée,2023-12-20,21770517700012,,47718101000729,,Ecole de Villevaudé,Ferme
202323-03-1200,LOT 1 : PORTEUR PTAC 19 TONNES,105591.76,34139100-1,Transport & véhicules,Appel d'offres ouvert,2023-12-20,24290076900140,,32662082000240,,CONCARNEAU,Ferme
2023192800,VIANDES SURGELEES,100000.0,15000000-8,Alimentaire,Appel d'offres ouvert,2023-12-20,21310157900018,,55204499202382,,CUGNAUX,Révisable
202324MEA020200,DOCUMENTS VIDEOS,52000.0,32354500-4,Télécommunications,Procédure adaptée,2023-12-20,21690264300016,,34436269400061,,VILLEFRANCHE SUR SAONE CEDEX,Ferme
20232023F0006300,"Approvisionnement d'environ 50 établissements publics d'enseignement d’Ille-et-Vilaine Sud appartenant au groupement de commandes des établissements publics d'enseignement de Rennes et la région, en lampes et tubes",176838.63,31521000-4,Matériel électrique,Procédure adaptée,2023-12-20,19350028700019,,30930461603005,,(35) Ille-et-Vilaine,Révisable
2023137A2300,TUYAUX RACCORD ACCESS FONTES,200000.0,44163000-0,Matériaux de construction,Appel d'offres ouvert,2023-12-20,20002359600014,,45260516500037,,DEPARTEMENT HAUTE GARONNE,Révisable
2023Z230581F0000,Z230581F00 FOURNITURE DE BACS FIXES GROS VOLUMES POUR LA COLLECTE LATERALE,3500000.0,44613700-7,Matériaux de construction,Appel d'offres ouvert,2023-12-20,20005480700017,,42098820600140,,MARSEILLE CEDEX 02,Révisable
2023CA23M0400,LOT 3 PVC ASSAINISSEMENT,433333.32,39350000-0,Mobilier & ménager,Appel d'offres ouvert,2023-12-20,24860041300103,,90572051200011,,CHATELLERAULT CEDEX,Révisable
2023CA23M0700,LOT 6 PEINTURE ET MARQUAGE ROUTIER,500000.0,44811000-8,Matériaux de construction,Appel d'offres ouvert,2023-12-20,24860041300103,,50934949400047,,CHATELLERAULT CEDEX,Révisable
2023CA23M0800,LOT 7 PANNEAUX DE SIGNALISATION,500000.0,34992200-9,Transport & véhicules,Appel d'offres ouvert,2023-12-20,24860041300103,,64605047600019,,CHATELLERAULT CEDEX,Révisable
202323DGS030300,"FOURNITURES SCOLAIRES, JEUX ET JOUETS EDUCATIFS",1000000.0,39162110-9,Mobilier & ménager,Appel d'offres ouvert,2023-12-20,21740012600017,,38378758700112,,ANNEMASSE,Ferme
2023020700,ACQUISITION DE FOURNITURES ET PETITS MATERIELS POUR L'ENTRETIEN DES BATIMENTS,120000.0,44115200-1,Matériaux de construction,Appel d'offres ouvert,2023-12-20,22530001100015,,57214188502180,,MAYENNE,Révisable
2024073500,La fourniture et la livraison de produits surgelés,507271.98,15896000-5,Alimentaire,Appel d'offres ouvert,2023-12-20,26690025700046,,31680701501340,,Rhone,Révisable
202309_23L1900,Lot 19 - Biscuiterie,72000.0,15820000-2,Alimentaire,Appel d'offres ouvert,2023-12-20,21971128000012,,39038469100049,,STE ANNE,Révisable
249997094,"Travaux de réhabilitation de 94 logements sis 42-44, rue de l'abbé Carton et 76, rue Didot à Paris (75) - Lot 4: Serrurerie",312763.0,44316500-3,Matériaux de construction,Procédure adaptée,2023-12-20,61205059100082,,78956386300024,2.0,,Forfaitaire
243224,"Fourniture de spécialités pharmaceutiques au profit des adhérents du GCS GRAPS Grand Est - marchés négociés lots 227, 774, 810",403098.0,33600000-6,Matériel médical,Marché passé sans publicité ni mise en concurrence préalable,2023-12-20,13002682600011,,52926101800038,1.0,,Unitaire
243227,"Fourniture de spécialités pharmaceutiques au profit des adhérents du GCS GRAPS Grand Est - marchés négociés lots 826, 877, 880, 898, 899, 900, 901, 902, 906, 907, 1025, 1105",5267186.0,33600000-6,Matériel médical,Marché passé sans publicité ni mise en concurrence préalable,2023-12-20,13002682600011,,39136097100058,1.0,,Unitaire
2023M24-006 L100,"M24-006 L1 Fournitures de bureau, enveloppes, agendas, calendriers, papiers pour reprographie au détail, consommables informatiques et de sauvegarde",100000.0,30192000-1,Informatique & bureautique,Appel d'offres ouvert,2023-12-19,21360044800012,,57172266900264,,CHATEAUROUX CEDEX,Révisable
20232023-14-600,FOURNITURE PLOMBERIE CTM LOT 6,45000.0,44115210-4,Matériaux de construction,Procédure adaptée,2023-12-19,21300011000014,,42500921400304,,LES ANGLES,Révisable
20242024010200,FOURNITURES SCOLAIRES AVEC APPROLYS,3000000.0,30192000-1,Informatique & bureautique,Appel d'offres ouvert,2023-12-19,21450302100120,,70372020100028,,SARAN,Révisable
2024MS10100,FOURNITURES COURANTES DE BUREAU ET DE SERVICES,3000000.0,30192000-1,Informatique & bureautique,Appel d'offres ouvert,2023-12-19,20007010000017,,57172266900264,,BONNEE,Ferme
202300115,Marché Public pour l'aménagement et la rénovation des intérieurs et extérieurs du Seaquarium: Lot 5: Aquariums,266554.0,39298800-5,Mobilier & ménager,Procédure adaptée,2023-12-19,33791211700047,,84034191100013,1.0,,Forfaitaire
202400300,LOT N°3 : PAPIERS POUR REPROGRAPHIE COMMANDES EN GROS DU A4 A SRA3 (32*45),6000000.0,30192000-1,Informatique & bureautique,Appel d'offres ouvert,2023-12-19,24180050700071,,33044098300055,,BOURGES,Révisable
2023230160100,MEP SOLUTION DE SAUVEGARDE ET STOCKAGE IMMUABLE,120789.0,30236000-2,Informatique & bureautique,Procédure adaptée,2023-12-19,20007231200016,,48928896900038,,DOUAINS,Révisable
20232023C196B100,Fourniture et livraison de matériaux enrobés à l'émulsion de bitume: Lot 3: Matériaux pour reprofilage pour la MDD du Dorat,120000.0,44113310-1,Matériaux de construction,Appel d'offres ouvert,2023-12-19,22870851700989,,32933888303165,,CONSEIL DEPARTEMENTAL,Révisable
20232023C201B100,Fourniture et livraison de matériaux enrobés à l'émulsion de bitume: Lot 8: Matériaux pour réparations pour la MDD de Saint-Mathieu,40000.0,44113310-1,Matériaux de construction,Appel d'offres ouvert,2023-12-19,22870851700989,,32933888303165,,CONSEIL DEPARTEMENTAL,Révisable
20232023C197B100,Fourniture et livraison de matériaux enrobés à l'émulsion de bitume: Lot 4: Matériaux pour reprofilage pour la MDD de Saint-Mathieu,75000.0,44113310-1,Matériaux de construction,Appel d'offres ouvert,2023-12-19,22870851700989,,32933888303165,,CONSEIL DEPARTEMENTAL,Révisable
202323V1066-0100,VA300 Forfaits remontées mécaniques station d'Auron,100000.0,22459000-2,Imprimés,Marché négocié sans publicité ni mise en concurrence préalable,2023-12-19,21060088800015,,38385729900010,,NICE CEDEX 4,Révisable
20232023C194B100,Fourniture et livraison de matériaux enrobés à l'émulsion de bitume: Lot 1: Matériaux pour reprofilage pour la MDD de Nantiat,60000.0,44113310-1,Matériaux de construction,Appel d'offres ouvert,2023-12-19,22870851700989,,32933888303165,,CONSEIL DEPARTEMENTAL,Révisable
202300114,Marché Public pour l'aménagement et la rénovation des intérieurs et extérieurs du Seaquarium: Lot 4: Audiovisuel Multimédias,28513.0,32321200-1,Télécommunications,Procédure adaptée,2023-12-19,33791211700047,,49156859800032,1.0,,Forfaitaire
2023020900,ACQUISITION DE FOURNITURES ET PETITS MATERIELS POUR L'ENTRETIEN DES BATIMENTS,400000.0,44171000-9,Matériaux de construction,Appel d'offres ouvert,2023-12-19,22530001100015,,50810215900029,,MAYENNE,Révisable
2023M24-006L100,"M24-006 L1 Fournitures de bureau, enveloppes, agendas, calendriers, papiers pour reprographie au détail, consommables informatiques et de sauvegarde",100000.0,30192000-1,Informatique & bureautique,Appel d'offres ouvert,2023-12-19,24360032700015,,57172266900264,,CHATEAUROUX CEDEX,Révisable
2024020100,FOURNITURES COURANTES ET DE SERVICES,3000000.0,30192000-1,Informatique & bureautique,Appel d'offres ouvert,2023-12-19,20007010000017,,80458482900019,,BONNEE,Ferme
202323N0418-0000,CFA FOURNITURE DE FARINES POUR L'ENSEIGNEMENT PROFESSIONNEL DES METIERS DE BOUCHE DES STAGIAIRES ET DES APPRENTIS,160000.0,15612150-7,Alimentaire,Appel d'offres ouvert,2023-12-19,20003019500115,,83468809500019,,NICE CEDEX 4,Révisable
20232023F0000200,Fourniture de panneaux de police et accessoires de signalisation routière 2024-2028,32338.35,34992200-9,Transport & véhicules,Procédure adaptée,2023-12-19,21290216700015,,64605047600019,,(29) Finistère,Révisable
20232312600,LOT 2 - GOODIES OBJETS,600000.0,35821000-5,Sécurité & défense,Appel d'offres ouvert,2023-12-19,22985000300018,,89382981200013,,Mamoudzou,Révisable
202323T005L0100,Fourniture et pose d equipements de radiocommunication sur le reseau IDELIS du SPBPM,800000.0,32000000-3,Télécommunications,Procédure concurrentielle avec négociation,2023-12-19,20002488300015,,44386676900252,,PAU,Révisable
202309_23L1200,Lot 12 - Pâtisserie fraiche,120000.0,15812000-3,Alimentaire,Appel d'offres ouvert,2023-12-19,21971128000012,,44857779100016,,STE ANNE,Révisable
2023105801,CHALET EDELWEISS TRVX CONVERSION DE LA CHAUFFERIE FIOUL AU BIO-PROPANE ET LA MODIFICATION DES RESEAUX D'EAU  Lot 01,60673.93,31310000-2,Matériel électrique,Procédure adaptée,2023-12-19,22730001900014,,89111991900019,,ST FRANCOIS LONGCHAMP,Révisable
2023018801,REAMENAGEMENT DU CENTRE DE DOCUMENTATION A L'ESIEA A LAVAL - LOT 02 - ELECTRICITE,49600.0,31682000-0,Matériel électrique,Procédure adaptée,2023-12-19,22530001100015,,53791623100153,,MAYENNE,Révisable
202323M062100,Edition et livraison de chèques daccompagnement personnalisé destinés à être distribués par le CCAS,1200000.0,22440000-6,Imprimés,Appel d'offres ouvert,2023-12-19,21930001900011,,64204436600242,,AUBERVILLIERS,Révisable
2023080000,CGA Acquisition et maintenance de tablette de communication à commande oculaire,99999.0,30000000-9,Informatique & bureautique,Marché négocié sans publicité ni mise en concurrence préalable,2023-12-19,26310012500016,,83914375700012,,Occitanie,Révisable
202302100,Réfection des réseaux EU EP et AEP rues notre dame des anges et de verdun,252795.0,32400000-7,Télécommunications,Procédure adaptée,2023-12-19,21430224200042,,33732001400034,,Sainte-Sigolène,Ferme et actualisable
20232023F0000200,"Fourniture, livraison et installation de mobiliers et d’équipements pour l’établissement d’accueil de jeunes enfants - Lot n°1-Fourniture, livraison et installation de mobiliers petite enfance",15000.0,39143110-0,Mobilier & ménager,Procédure adaptée,2023-12-19,24350061800034,,77672947700021,,(35) Ille-et-Vilaine,Révisable
2024-03-DST00,FOURNITURE CAMION VOIRIE 3.5,46350.0,34144700-5,Transport & véhicules,Appel d'offres ouvert,2023-12-19,24740058300057,,33201128700080,,Reignier,Ferme
202423060510200,REFECTION PISTE AEROPORT - BALISAGE LUMINEUX,309633.3,34995000-8,Transport & véhicules,Procédure adaptée,2023-12-19,20003573100013,,77566487303594,,ROANNAIS AGGLOMERATION,Révisable
202352230100,FOURNITURE DE PIECES DETACHEES DE MARQUE EQUIPEMENTIER POUR VEHCIULE BERLINES LEGER ET VEHICULE UTILITAIRE LEGERS,400000.0,34300000-0,Transport & véhicules,Appel d'offres ouvert,2023-12-19,21060069800018,,35143823901167,,GRASSE,Révisable
20232023803L0100,BENNE COMPACTRICE DE 9M3,94500.0,44613700-7,Matériaux de construction,Appel d'offres ouvert,2023-12-19,24120018700086,,77557300900047,,RODEZ CEDEX 9,Ferme
202400400,LOT N°4 : AUTRES PAPIERS COMMANDES EN GROS (SRA3 32*45) ET FORMATS SUPERIEURS,2000000.0,30192000-1,Informatique & bureautique,Appel d'offres ouvert,2023-12-19,24180050700071,,33044098300055,,BOURGES,Révisable
2023I84700,TRAVAUX DE PEINTURE ET TRAITEMENT DES FACADES POUR REHABILITATION DE LA MEDIATHEQUE,57130.0,44111400-5,Matériaux de construction,Marché négocié sans publicité ni mise en concurrence préalable,2023-12-19,21971113200015,,44780675300011,,LE GOSIER,Révisable
2023M026700,"FOURNITURE DE PIECES DETACHEES, PIECES D'USURE ET ACCESSOIRES POUR LE CD DU CANTAL LOT 24 PIECES POUR ENGIN TP CARTERPILLAR",320000.0,34300000-0,Transport & véhicules,Appel d'offres ouvert,2023-12-19,22150001000014,,38023131600684,,AURILLAC,Ferme
2023018803,REAMENAGEMENT DU CENTRE DE DOCUMENTATION A L'ESIEA A LAVAL - LOT 02 - ELECTRICITE,49600.0,31682000-0,Matériel électrique,Procédure adaptée,2023-12-19,22530001100015,,53791623100153,,MAYENNE,Révisable
202403-24-0200,FOURNITURES SCOLAIRES PETITS MATERIELS PEDAGOGIQUES ET LOISIRS CREATIFS LOT 2,128000.0,30192000-1,Informatique & bureautique,Procédure adaptée,2023-12-19,21450082900012,,80458482900027,,Châteauneuf-sur-Loire,Ferme et actualisable
20232023904L0200,"LOT 2 - TUBES ALLONGES, PLAQUES TABERNACLES ET BOUCHES A CLEF CATALOGUE DECHAUMONT OU EQUIVALENT",40000.0,44164310-3,Matériaux de construction,Appel d'offres ouvert,2023-12-19,24120018700177,,32044110801545,,RODEZ CEDEX 9,Révisable
2023018802,REAMENAGEMENT DU CENTRE DE DOCUMENTATION A L'ESIEA A LAVAL - LOT 02 - ELECTRICITE,49600.0,31682000-0,Matériel électrique,Procédure adaptée,2023-12-19,22530001100015,,53791623100153,,MAYENNE,Révisable
202302300,Réfection des réseaux EU EP et AEP rues notre dame des anges et de verdun,221425.0,32400000-7,Télécommunications,Procédure adaptée,2023-12-19,21430224200018,,33732001400034,,Sainte-Sigolène,Ferme et actualisable
241004039,Accord-cadre pour fournitures de carburants en station et prestations associées au moyen de cartes accréditives pour la ville de Ouistreham,70000.0,30163100-0,Informatique & bureautique,Procédure adaptée,2023-12-19,21140488400010,,80105049300031,2.0,,Unitaire
2023020600,ACQUISITION DE FOURNITURES ET PETITS MATERIELS POUR L'ENTRETIEN DES BATIMENTS,640000.0,31680000-6,Matériel électrique,Appel d'offres ouvert,2023-12-19,22530001100015,,30930461605851,,MAYENNE,Révisable
20232315200,LOT3 - CUVES RECUPERATEURS D'EAU DE PLUIE : MOYENNES CAPACITES,1920000.0,44611500-1,Matériaux de construction,Appel d'offres ouvert,2023-12-19,22985000300018,,42493293700081,,Mamoudzou,Ferme et actualisable
2023CIAS230300,"FOURNITURE, LIVRAISON ET INSTALLATION DE LAVE-LINGES ET SECHE-LINGES PROFESSIONNELS",50006.2,39713200-5,Mobilier & ménager,Procédure adaptée,2023-12-19,26731009200213,,39349775500032,,ALBERTVILLE,Ferme
20232312700,LOT 3 - GOODIES TEXTILES,600000.0,35821000-5,Sécurité & défense,Appel d'offres ouvert,2023-12-19,22985000300018,,52390312800016,,Mamoudzou,Révisable
2023018800,REAMENAGEMENT DU CENTRE DE DOCUMENTATION A L'ESIEA A LAVAL - LOT 02 - ELECTRICITE,49600.0,31682000-0,Matériel électrique,Procédure adaptée,2023-12-19,22530001100015,,53791623100153,,MAYENNE,Révisable
20232023C199B100,Fourniture et livraison de matériaux enrobés à l'émulsion de bitume: Lot 6: Matériaux pour réparations pour la MDD de Châteauneuf-la-Forêt,15000.0,44113310-1,Matériaux de construction,Appel d'offres ouvert,2023-12-19,22870851700989,,32933888303165,,CONSEIL DEPARTEMENTAL,Révisable
202309_23L1300,Lot 13 - Pain frais,248000.0,15811100-7,Alimentaire,Appel d'offres ouvert,2023-12-19,21971128000012,,44857779100016,,STE ANNE,Révisable
20242401010000,FOURNITURES DE BUREAU,3000000.0,30192000-1,Informatique & bureautique,Procédure négociée avec mise en concurrence préalable,2023-12-19,20007316100016,,57172266900264,,MONTLOUIS SUR LOIRE,Révisable
202323F0780100,ACQ ARTICLES DESTINES AUX BOUTIQUES DES MUSEES LT5 ACCESSOIRES D HABILLEMENT EN SOIE ETOLES CRAVATES FOULARD.,30000.0,18423000-0,Vêtements,Appel d'offres ouvert,2023-12-19,21060004500012,,49524575500022,,ANTIBES,Ferme
20232023C198B100,Fourniture et livraison de matériaux enrobés à l'émulsion de bitume: Lot 5: Matériaux pour réparations pour la MDD de Nantiat,45000.0,44113310-1,Matériaux de construction,Appel d'offres ouvert,2023-12-19,22870851700989,,32933888303165,,CONSEIL DEPARTEMENTAL,Révisable
2023SUPF170000,Achat de titres restaurant pour les agents de la Communauté de Communes du Val de Drôme 26400,1120000.0,30199770-8,Informatique & bureautique,Appel d'offres ouvert,2023-12-19,24260025200140,,83367241300022,,Eurre,Ferme
2023AC2024-00300,Papiers pour reprographie commandés en gros du A4 à SRA3 (32*45) blanc et couleur,6000000.0,30197630-1,Informatique & bureautique,Appel d'offres ouvert,2023-12-19,13001909400023,,33044098300055,,FONDETTES,Révisable
20232023904L0600,LOT 6 - COMPTEURS CATALOGUE ITRON OU EQUIVALENT,220000.0,38421100-3,Instruments de mesure,Appel d'offres ouvert,2023-12-19,24120018700177,,43402724900243,,RODEZ CEDEX 9,Révisable
202400100,FOURNITURES DE BUREAU FOURNITURES SCOLAIRES ET DE LOISIRS CREATIFS ET PAPIER LOT 1 FOURNITURES DE BUREAU ENVELOPPES AGENDAS CALENDRIERS PAPIERS POUR REPROGRAPHIE AU DETAIL CONSOMMABLES INFORMATIQUES ET DE SAUVEGARDE,3000000.0,30192000-1,Informatique & bureautique,Appel d'offres ouvert,2023-12-19,21180033900882,,57172266900264,,BOURGES,Ferme
2023006300,Fourniture de vêtements de travail pour le personnel de l'OPH de la Meuse,69807.0,18100000-0,Vêtements,Procédure adaptée,2023-12-19,43486367600087,,33990152200047,,BAR LE DUC,Révisable
20232023C195B100,Fourniture et livraison de matériaux enrobés à l'émulsion de bitume: Lot 2: Matériaux pour reprofilage pour la MDD de Châteauneuf-la-Forêt,65000.0,44113310-1,Matériaux de construction,Appel d'offres ouvert,2023-12-19,22870851700989,,32933888303165,,CONSEIL DEPARTEMENTAL,Révisable
20232023C209B100,"Fourniture de vaccins obligatoires ou recommandés pour la santé de l'enfant: Lot 1: Fourniture de vaccins DTPCa-Hib, ROR, hépatite B.",34000.0,33651600-4,Matériel médical,Appel d'offres ouvert,2023-12-19,22870851700989,,64204136200202,,LIMOGES,Ferme et actualisable
20232023C211B100,Fourniture de vaccins obligatoires ou recommandés pour la santé de l'enfant: Lot 3: Fourniture de vaccins contre les infections invasives à méningocoques de sérogroupe C,40000.0,33651600-4,Matériel médical,Appel d'offres ouvert,2023-12-19,22870851700989,,43362355000020,,LIMOGES,Ferme et actualisable
2024LOT 0300,Echafaudage,43038.5,44212317-4,Matériaux de construction,Procédure adaptée,2023-12-19,21680202500017,,78412461200036,,Mertzen,Ferme et actualisable
202323-03-0700,LOT 2 : FOURNITURE DE COMPOSTEURS COLLECTIFS EN BOIS,204000.0,39234000-1,Mobilier & ménager,Appel d'offres ouvert,2023-12-19,24290076900140,,52910062000028,,CONCARNEAU,Révisable
202398623600,ACQUISITION D'UN SYSTEME D'INFORMATION VOYAGEURS (MATERIELS ET LOGICIELS) ET PRESTATIONS DE FONCTIONNEMENT ASSOCIES,1300000.0,48000000-8,Logiciels,Procédure avec négociation,2023-12-19,78018581500013,,34326939500046,,GAUCHY,Ferme
20232023803L0200,L02 FOURNITURE LIVRAISON D UNE BENNE COMPACTRICE DE 20M3,84900.0,44613700-7,Matériaux de construction,Appel d'offres ouvert,2023-12-19,24120018700086,,87809906800057,,RODEZ CEDEX 9,Ferme
20232023F0000300,"Fourniture, livraison et installation de mobiliers et d’équipements pour l’établissement d’accueil de jeunes enfants - Lot n°2-Fourniture, livraison et installation de mobiliers administratifs",5000.0,39130000-2,Mobilier & ménager,Procédure adaptée,2023-12-19,24350061800034,,40267356000023,,(35) Ille-et-Vilaine,Révisable
2023AC2024-00100,"Fournitures e bureau, enveloppes, agendas, calendriers, papiers pour reprographie au détail, consommables informatiques et de sauvegarde",12000000.0,30192000-1,Informatique & bureautique,Appel d'offres ouvert,2023-12-19,13001909400023,,57172266900264,,FONDETTES,Révisable
202400300,FOURNITURES DE BUREAU FOURNITURES SCOLAIRES ET LOISIRS EDUCATIFS ET PAPIER LOT 3 PAPIERS POUR REPROGRAPHIE COMMANDES EN GROS DU A4 AU SRA3 BLANC ET COULEUR,1500000.0,30192000-1,Informatique & bureautique,Appel d'offres ouvert,2023-12-19,21180033900882,,33044098300055,,BOURGES,Ferme
2023020800,ACQUISITION DE FOURNITURES ET PETITS MATERIELS POUR L'ENTRETIEN DES BATIMENTS,400000.0,44111400-5,Matériaux de construction,Appel d'offres ouvert,2023-12-19,22530001100015,,32558003300018,,MAYENNE,Révisable
20232315400,LOT5 - CUVES RECUPERATEURS D'EAU DE PLUIE : GRANDES CAPACITES,2080000.0,44611500-1,Matériaux de construction,Appel d'offres ouvert,2023-12-19,22985000300018,,42493293700081,,Mamoudzou,Ferme et actualisable
20242024VIDEO00,MISE EN PLACE DE LA VIDEOPROTECTION SUR LA COMMUNE,113835.0,32323500-8,Télécommunications,Procédure adaptée,2023-12-19,21380515300011,,43190395400029,,Trept,Ferme
2023V23597CRT00,PAPIERS POUR REPROGRAPHIE COMMANDES EN GROS DU A4 AU SRA3 BLANC ET COULEUR,6000000.0,30197630-1,Informatique & bureautique,Appel d'offres ouvert,2023-12-19,21450234600015,,33044098300055,,ORLEANS CEDEX 1,Révisable
202302200,Réfection des réseaux EU EP et AEP rues notre dame des anges et de verdun,144730.0,32400000-7,Télécommunications,Procédure adaptée,2023-12-19,21430224200059,,33652023400012,,Sainte-Sigolène,Ferme et actualisable
202330100,ACQUISITION DE MOBILIER DE BUREAU ET SIEGES POUR LA C.A.S.A-,70000.0,39130000-2,Mobilier & ménager,Procédure adaptée,2023-12-19,24060058500014,,34493800600055,,SOPHIA-ANTIPOLIS,Ferme
202324502CA00,ACQUISITION 6 AUTOBUS SAFRA HYCITY 12 M,4524215.36,34121000-1,Transport & véhicules,Marché négocié sans publicité ni mise en concurrence préalable,2023-12-19,20003986500106,,77605646700587,,METZ CEDEX 03,Ferme
202400200,FOURNUTURE DE BUREAU FOURNITURES SCOLAIRES ET DE LOISIRS CREATIFS ET PAPIER LOT 2 FOURNITURES SCOLAIRES PETITS MATERIELS PEDAGOGIQUES ET LOISIRS CREATIFS,12000000.0,30192000-1,Informatique & bureautique,Appel d'offres ouvert,2023-12-19,21180033900882,,70372020100028,,BOURGES,Révisable
2023210000000000,Fournitures de repas pour les personnes âgées,48477.0,15894200-3,Alimentaire,Procédure adaptée,2023-12-19,20007101700012,,39051326500020,,Semur-en-Auxois,Ferme et actualisable
202323033AS000,MS0-SOUSCRIPTION D'ABONNEMENTS A DES PERIODIQUES POUR LES BIBLIOTHEQUES MEDIATHEQUES DE METZ,70000.0,22200000-2,Imprimés,Procédure adaptée,2023-12-19,21570463600012,,48239985400017,,METZ CEDEX 01,Ferme
20230310100,LOCATION DE STRUCTURES EVENEMENTIELLES TEMPORAIRES,54000.0,39522530-1,Mobilier & ménager,Procédure adaptée,2023-12-19,21270681600015,,35051545800049,,VERNON,Ferme
20242023343400,LOT01 LIVRES NON SCOLAIRES P/MEDIATHEQUE,67500.0,22113000-5,Imprimés,Marché négocié sans publicité ni mise en concurrence préalable,2023-12-19,21670348800017,,37874280300034,,OBERNAI,Révisable
20232023C200B100,Fourniture et livraison de matériaux enrobés à l'émulsion de bitume: Lot 7: Matériaux pour réparations pour la MDD du Dorat,25000.0,44113310-1,Matériaux de construction,Appel d'offres ouvert,2023-12-19,22870851700989,,32933888303165,,CONSEIL DEPARTEMENTAL,Révisable
20232023C212B100,Fourniture de vaccins obligatoires ou recommandés pour la santé de l'enfant: Lot 4: Fourniture de vaccins pneumococciques conjugués 13-valent,40000.0,33651600-4,Matériel médical,Appel d'offres ouvert,2023-12-19,22870851700989,,43362355000020,,LIMOGES,Ferme et actualisable
20232023181000,"LOT 1 - Maintenance de matériels de façonnage, d?emballage et divers",50000.0,22500000-5,Imprimés,Procédure adaptée,2023-12-19,22830001800113,,45331535000026,,TOULON CEDEX,Révisable
2023FOU1400,FOURNITURE ET ACHEMINEMENT ELECTRICITE BASSE TENSION,367052.0,31682000-0,Matériel électrique,Appel d'offres ouvert,2023-12-19,21730296700013,,49317535000013,,TIGNES,Ferme
2023230650600,FOURNITURE ET LIVRAISON D'UN VEHICULE A PLATEAU,40500.0,34144700-5,Transport & véhicules,Procédure adaptée,2023-12-19,21060030000011,,84314256300017,,LE CANNET,Ferme
2023054800,GHT MN CARTO3D BIOSENSE,40000.0,33000000-0,Matériel médical,Marché négocié sans publicité ni mise en concurrence préalable,2023-12-19,20001803400013,,61203061900102,,SEINE ST DENIS,Ferme
202310000400,Location de bungalows pour les Nuits de Fourvière,128000.0,44211100-3,Matériaux de construction,Procédure adaptée,2023-12-19,48805623500010,,68555065900054,,Théâtres romains 6 rue de l'Antiquaille,Révisable
2023M24-006L200,M24-006  L2 Papiers pour reprographie commandés en gros du A4 à SRA3 (32x45) blanc et couleur,100000.0,30192000-1,Informatique & bureautique,Appel d'offres ouvert,2023-12-19,24360032700015,,33044098300055,,CHATEAUROUX CEDEX,Révisable
2023M026800,"Fourniture de pièces détachées, pièces d'usure et accessoires pour le Conseil départemental du Cantal LOT 29 BROSSES POUR BALAYEUSES",60000.0,34300000-0,Transport & véhicules,Appel d'offres ouvert,2023-12-19,22150001000014,,2708022500017,,AURILLAC,Ferme
2023M23597CRT00,"M23597CRT - APPROLYS - LOT3 - FOURNITURE DE BUREAU, FOURNITURES SCOLAIRES ET DE LOISIRS CREATIFS, ET PAPIERS",6000000.0,30197630-1,Informatique & bureautique,Appel d'offres ouvert,2023-12-19,24450046800040,,33044098300055,,LOIRET,Révisable
202323V1066-0200,VA300 Forfaits remontées mécaniques sur Isola 2000,100000.0,22459000-2,Imprimés,Marché négocié sans publicité ni mise en concurrence préalable,2023-12-19,21060088800015,,38385729900010,,NICE CEDEX 4,Révisable
20232023C210B100,Fourniture de vaccins obligatoires ou recommandés pour la santé de l'enfant: Lot 2: Fourniture de vaccins hexavalents,160000.0,33651600-4,Matériel médical,Appel d'offres ouvert,2023-12-19,22870851700989,,64204136200202,,LIMOGES,Ferme et actualisable
202323AO22300,FOURNITURE DE GROS MATERIEL DE CHAUFFAGE ET REGULATION,100000.0,44115200-1,Matériaux de construction,Appel d'offres ouvert,2023-12-18,21590378200013,,50537790300263,,MARCQ EN BAROEUL,Révisable
202330507500,TRAVAUX SUR LES SITES ET ITINERAIRES DES ESPACES NATURELS SENSIBLES DU DEPARTEMENT DE LA REUNION_RELANCE   LOT 03 : Travaux fabrication et pose d&#8217;équipements et de mobiliers-Nord/Est RANG 1,821420.02,34920000-2,Transport & véhicules,Appel d'offres ouvert,2023-12-18,22974001400019,,49497625100012,,DEPARTEMENT DE LA REUNION,Révisable
2024DOJOLOT300,Réhabilitation de la Patinoire en DOJO Salle Multisports Lot No3 Sols souples,107013.95,44115800-7,Matériaux de construction,Procédure adaptée,2023-12-18,21800645000017,,48940507600071,,Roye,Ferme
20242315000,FOURNITURE DE MATERIELS DIVERS NECESSAIRES AU CENTRE TECHNIQUE MUNICIPAL 2023 2025 2026 2027  LOT 1 FOURNITURE EN PLOMBERIE SANITAIRE ET CHAUFFAGE,100000.0,44100000-1,Matériaux de construction,Appel d'offres ouvert,2023-12-18,21830129900010,,38955720800011,,SIX-FOURS-LES-PLAGES,Ferme
2023TE02000,FOURNITURE DE BUREAU ET PETITS MATERIELS,75000.0,30192000-1,Informatique & bureautique,Appel d'offres ouvert,2023-12-18,28071200100013,,52492002200018,,Ardèche,Révisable
2020M0021800,Acquisition et livraison de produits et matériels d'entretien,106000.0,39830000-9,Mobilier & ménager,Appel d'offres ouvert,2023-12-18,21300259500014,,47892623100026,,ALSH les COCCI'MALINS,Révisable
202401-0200,LOT 2: FOURNITURE ET LIVRAISON DE REPAS ALSH ST COSME SCOLAREST DEBUT 01 03 2024,93431.04,15894200-3,Alimentaire,Procédure adaptée,2023-12-18,20007267600014,,63204104266251,,Marolles-les-Braults,Ferme
2023OCC03900,ACCORD-CADRE A BONS DE COMMANDE DE FOURNITURES DE BUREAU ET DE PAPIER: Lot 12: Fournitures de bureau et de papier d\'impression - CMA du Tarn,100000.0,30192000-1,Informatique & bureautique,Appel d'offres ouvert,2023-12-18,13002793100018,,57172266900264,4.0,,Unitaire
2023202400200,Acquisition de livres de prix pour les écoles et de livres de récompense pour les services municipaux,600000.0,39122200-5,Mobilier & ménager,Appel d'offres ouvert,2023-12-18,21930029000018,,42436202800021,,DRANCY,Révisable
2023V23596CRT00,"V23596CRT - APPROLYS - LOT 1 - FOURNITURES DE BUREAU, ENVELOPPES, AGENDAS, CALENDRIERS, PAPIERS POUR REPROGRAPHIE AU DETAIL, CONSOMMABLES INFORMATIQUES ET DE SAUVEGARDE",320000.0,30192000-1,Informatique & bureautique,Appel d'offres ouvert,2023-12-18,21450234600015,,57172266900264,,LOIRET,Révisable
249916346,Fourniture de matériaux de construction pour la Ville de Marcq-en-Baroeul: Lot 6: Fourniture de quincaillerie,300000.0,44316400-2,Matériaux de construction,Appel d'offres ouvert,2023-12-18,21590378200013,,56382048900182,5.0,,Unitaire
20237123021000,Z230729F00 LOT.1 FOURNITURES DE PIECES DETACHEES ET D ACCESSOIRES POUR L ENTRETIEN LA REPARATION ET L EQUIPEMENT DES CAISSONS DE MARQUE TERBERG,440000.0,34300000-0,Transport & véhicules,Appel d'offres ouvert,2023-12-18,20005480700017,,87809906800057,,MARSEILLE CEDEX 02,Révisable
2023650180300,MENUISERIES EXTERIEURES,169854.76,44220000-8,Matériaux de construction,Procédure adaptée,2023-12-18,21660210200016,,44821084900023,,THUIR,Ferme
2023_07400,Fournitures de consommables et accessoires pour les aspirateurs de  mucosités de marque LAERDAL,214000.0,33140000-3,Matériel médical,Procédure adaptée,2023-12-18,28060051100024,,43947253100011,,Alpes-Maritimes,Révisable
2023135A2300,FOURNITURES EN FONTE LOT 1,300000.0,44163000-0,Matériaux de construction,Appel d'offres ouvert,2023-12-18,20002359600014,,51548002800015,,DEPARTEMENT HAUTE GARONNE,Révisable
20231DENREE10600,FOURNITURES DE DENREES ALIMENTAIRES - 2024 LOT 6 EPICERIE,105000.0,15890000-3,Alimentaire,Appel d'offres ouvert,2023-12-18,52214855000018,,47698032100394,,GRAVELINES,Révisable
20232303500300,LOT 3: FOURNITURE ET INSTALLATION D'ABRI-BACS DE BIODECHETS,400000.0,44613800-8,Matériaux de construction,Appel d'offres ouvert,2023-12-18,20006755100016,,51106076600041,,THONON LES BAINS CEDEX,Révisable
202401300,Marché d'entretien courant de serrurerie et étanchéité sur le patrimoine d'inolya: Lot 3 : Entretien courant serrurerie territoire du Pays d'Auge,750000.0,44316500-3,Matériaux de construction,Procédure adaptée,2023-12-18,78070570300012,,71050056200024,,CALVADOS,Révisable
202398449900,"Acquisition, maintenance et fourniture de consommables de systèmes d'impression et multifonctions: Lot 2: Reprise d'un parc existant d'imprimantes en mainte",6854.0,30000000-9,Informatique & bureautique,Procédure adaptée,2023-12-18,26300047300094,,39089573800180,,NIMES,Ferme
20232023F290100,POCHETTES TRANSPARENTES ET CHEMISES OPAQUES,60000.0,30199500-5,Informatique & bureautique,Procédure adaptée,2023-12-18,20006340200016,,65200638800050,,ANNECY,Révisable
202401-0300,LOT 3 : FOURNITURE ET LIVRAISON DE REPAS ALSH BONNETABLE SCOLAREST DEBUT 01 07 2024,113225.28,15894200-3,Alimentaire,Procédure adaptée,2023-12-18,20007267600014,,63204104266251,,Marolles-les-Braults,Ferme
2024DA1900,Ovoproduits 4e et 5e gamme,558202.88,15800000-6,Alimentaire,Procédure adaptée,2023-12-18,25830139900022,,43433709300026,,SIRC,Révisable
2024DA0600,Tartes et feuilletés frais,140301.12,15800000-6,Alimentaire,Procédure adaptée,2023-12-18,25830139900022,,33934164600067,,SIRC,Révisable
2024DA1500,Fruits et légumes frais,335138.08,15800000-6,Alimentaire,Procédure adaptée,2023-12-18,25830139900022,,55204499202648,,SIRC,Révisable
20231DENREE10500,FOURNITURES DE DENREES ALIMENTAIRES - 2024 LOT 5 PRODUITS LAITIERS ET OVO PDTS,105000.0,15890000-3,Alimentaire,Appel d'offres ouvert,2023-12-18,52214855000018,,55204499201483,,GRAVELINES,Révisable
20231DENREE10300,FOURNITURES DE DENREES ALIMENTAIRES - 2024 LOT 3 CHARCUTERIES ET SALAISONS,60000.0,15890000-3,Alimentaire,Appel d'offres ouvert,2023-12-18,52214855000018,,55204499201483,,GRAVELINES,Révisable
2023RLV230450200,Achat de livres et documents de bibliothèques pour les bibliothèques du réseau de lecture publique de Riom Limagne et Volcans - Lot 2 : Documentaires,123900.0,22113000-5,Imprimés,Appel d'offres ouvert,2023-12-18,20007075300013,,80259399600035,,Riom-Cedex,Ferme et actualisable
202401100,Marché d'entretien courant de serrurerie et étanchéité sur le patrimoine d'inolya: Lot 1 : Entretien courant serrurerie territoire Bessin et Bocage Suisse Normande,750000.0,44316500-3,Matériaux de construction,Procédure adaptée,2023-12-18,78070570300012,,31865082700013,,CALVADOS,Révisable
202323CVD02400,Fournitures de pièces détachées pour matériel Acometis-Lot 9,50000.0,34300000-0,Transport & véhicules,Appel d'offres ouvert,2023-12-18,22040001400019,,75119128900014,,DIGNE LES BAINS CEDEX 9,Révisable
2024DA4400,Légumes circuit court,62523.8,15800000-6,Alimentaire,Procédure adaptée,2023-12-18,25830139900022,,51111892900039,,SIRC,Révisable
20230340001,CAMION EQUIPE D UN BRAS ARTICULE TYPE AMPLIROLL,99500.0,34134200-7,Transport & véhicules,Procédure adaptée,2023-12-18,21140220100019,,39791428400096,,DEAUVILLE,Ferme
2024DOJOLOT700,Réhabilitation de la Patinoire en DOJO Salle Multisports Lot No7 CFO/CFA,60900.0,44115800-7,Matériaux de construction,Procédure adaptée,2023-12-18,21800645000017,,97120154600738,,Roye,Ferme
2024DA2100,Pains et viennoiseries déjeuners,1585883.92,15800000-6,Alimentaire,Procédure adaptée,2023-12-18,25830139900022,,95781060900033,,SIRC,Révisable
2024DA0200,Boissons,72972.92,15900000-7,Alimentaire,Procédure adaptée,2023-12-18,25830139900022,,31345620400020,,SIRC,Révisable
202323M0057L0000,MODERNISATION ACQUISITION MAINTENANCE RESEAU RADIO HYBRIDE,200000.0,32418000-6,Télécommunications,Procédure adaptée,2023-12-18,21060027600013,,34739024700059,,CAGNES SUR MER,Révisable
2023142A2300,MATERIEL INFORMATIQUE LOT 1 ORD,700000.0,30200000-1,Informatique & bureautique,Appel d'offres ouvert,2023-12-18,20002359600014,,33378426200037,,DEPARTEMENT HAUTE GARONNE,Révisable
2023OCC03900,ACCORD-CADRE A BONS DE COMMANDE DE FOURNITURES DE BUREAU ET DE PAPIER: Lot 14: Fournitures de bureau et de papier d\'impression pour le Siège de la CMA de Région Occitanie (31),28000.0,30192000-1,Informatique & bureautique,Appel d'offres ouvert,2023-12-18,13002793100018,,30954348600075,4.0,,Unitaire
20242023-001-200,Travaux de renforcement du réseau d'eau potable de Perpezoux et distribution de la ZI de Chavanon - lot 2 : Construction d'un réservoir,600000.0,44611600-2,Matériaux de construction,Procédure adaptée,2023-12-18,21430137600064,,88565056400028,,Monistrol-sur-Loire,Révisable
2023OCC03900,ACCORD-CADRE A BONS DE COMMANDE DE FOURNITURES DE BUREAU ET DE PAPIER: Lot 9: Fournitures de bureau et de papier d\'impression - CMA de la Lozère,22400.0,30192000-1,Informatique & bureautique,Appel d'offres ouvert,2023-12-18,13002793100018,,95551002900718,4.0,,Unitaire
2023MIPEF0500,CLOISONS DOUBLAGES FAUX PLAFONDS,90474.7,44112300-1,Matériaux de construction,Procédure adaptée,2023-12-18,20000480200019,,42476458700012,,FAYENCE,Révisable
2024DA2200,Pâtisseries fraîches,140454.88,15800000-6,Alimentaire,Procédure adaptée,2023-12-18,25830139900022,,45279264100022,,SIRC,Révisable
202398542900,"Fourniture, installation et maintenance d'un logiciel de gestion de la redevance incitative.",90400.0,48000000-8,Logiciels,Procédure adaptée,2023-12-18,24440045300035,,42050508300030,,Blain,Révisable
20231271M00,AMENAGEMENT D'UN TIERS-LIEU DANS LES ANCIENNES CAVES ECOIFFIER A ALENYA,48563.25,39130000-2,Mobilier & ménager,Procédure adaptée,2023-12-18,24660028200114,,79131893400035,,ALENYA,Ferme et actualisable
202350230100,LOCATION ET MAINTENANCE DE PHOTOCOPIEURS VILLE CCAS - LOT 1 - COPIEURS COULEUR ET NOIR ET BLANC VILLE,81554.12,30121100-4,Informatique & bureautique,Appel d'offres ouvert,2023-12-18,21060069800018,,99774951000043,,GRASSE,Révisable
20232300190600,Fourniture de denrées alimentaires et plats cuisinés: Lot 6 : Produits frais crus / cuits / marinés élaborés à base de produits de la mer,23700.0,15200000-0,Alimentaire,Appel d'offres ouvert,2023-12-18,21440215800015,,34965524100082,,VERTOU,Révisable
20232023102500,Fourniture et livraison de titre restaurant,212000.0,30199770-8,Informatique & bureautique,Procédure adaptée,2023-12-18,89241068900020,,39336513500358,,MONTELIMAR,Ferme
2023OCC03900,ACCORD-CADRE A BONS DE COMMANDE DE FOURNITURES DE BUREAU ET DE PAPIER: Lot 3: Fournitures de bureau et de papier d\'impression - CMA de l\'Aveyron,52000.0,30192000-1,Informatique & bureautique,Appel d'offres ouvert,2023-12-18,13002793100018,,30954348600075,4.0,,Unitaire
202400100,LOT N°1 : FOURNITURES DE BUREAU ENVELOPPES AGENDAS CALENDRIERS PAPIERS CONSOMMABLES INFORMATIQUES...,12000000.0,30192000-1,Informatique & bureautique,Appel d'offres ouvert,2023-12-18,24180050700071,,57172266900264,,BOURGES,Révisable
2024DA0800,Epicerie,502593.48,15800000-6,Alimentaire,Procédure adaptée,2023-12-18,25830139900022,,47698032100303,,SIRC,Révisable
2024DA2400,Pommes de terre surgelées,84207.68,15800000-6,Alimentaire,Procédure adaptée,2023-12-18,25830139900022,,31680701501340,,SIRC,Révisable
20232403FR100,FOURNITURE DE PAPIER POUR REPROGRAPHIE,50000.0,22800000-8,Imprimés,Procédure adaptée,2023-12-18,21450004300010,,33044098300055,,AMILLY,Révisable
202401200,Marché d'entretien courant de serrurerie et étanchéité sur le patrimoine d'inolya: Lot 2 : Entretien courant serrurerie territoire CAEN LA MER,750000.0,44316500-3,Matériaux de construction,Procédure adaptée,2023-12-18,78070570300012,,31865082700013,,CALVADOS,Révisable
2023054600,GHT REACTIFS ET MAINTENANCE BLUEDIVER,100000.0,33696200-7,Matériel médical,Marché négocié sans publicité ni mise en concurrence préalable,2023-12-18,20001803400013,,41448817100045,,SEINE ST DENIS,Révisable
2023M1600,Renouvellement de fourniture de bacs ordures ménagères et recyclables et de leurs pièces détachées pour la communauté de communes Flandre Lys,100000.0,34928480-6,Transport & véhicules,Appel d'offres ouvert,2023-12-18,24590075800047,,32181911200483,,LA GORGUE,Révisable
2024DA1400,Légumes surgelés issus de l'agriculture biologique,139547.2,15800000-6,Alimentaire,Procédure adaptée,2023-12-18,25830139900022,,31680701501340,,SIRC,Révisable
2024DA4300,Légumes issus de l'agriculture biologique,54662.0,15800000-6,Alimentaire,Procédure adaptée,2023-12-18,25830139900022,,55204499202648,,SIRC,Révisable
2023BOISSON00,FOURNITURE DE BOISSONS,140000.0,15000000-8,Alimentaire,Procédure adaptée,2023-12-18,52214855000018,,56850040900343,,GRAVELINES,Révisable
2023020500,FOURNITURE MOBILIERS BOIS 4 LOTS ANNEE 2023,80000.0,34928400-2,Transport & véhicules,Appel d'offres ouvert,2023-12-18,20005684400018,,32626114600020,,LA MANCHE,Révisable
20232303500200,LOT 2: FOURNITURE DE COMPOSTEURS COLLECTIFS ET ACCESSOIRES,160000.0,44613800-8,Matériaux de construction,Appel d'offres ouvert,2023-12-18,20006755100016,,62708017900013,,THONON LES BAINS CEDEX,Révisable
20232303500400,LOT 4: FOURNITURE DE BIOSEAUX PLEINS ET AJOURES ET DE SACS KRAFT,120000.0,39224330-0,Mobilier & ménager,Appel d'offres ouvert,2023-12-18,20006755100016,,95095288700012,,THONON LES BAINS CEDEX,Révisable
2023054500,GHT REACTIFS ET MAINTENANCE IH500,500000.0,33696200-7,Matériel médical,Marché négocié sans publicité ni mise en concurrence préalable,2023-12-18,20001803400013,,44999071200019,,SEINE ST DENIS,Révisable
2023OCC03900,ACCORD-CADRE A BONS DE COMMANDE DE FOURNITURES DE BUREAU ET DE PAPIER: Lot 11: Fournitures de bureau et de papier d\'impression - CMA des Pyrénées-Orientales,88000.0,30192000-1,Informatique & bureautique,Appel d'offres ouvert,2023-12-18,13002793100018,,30954348600075,5.0,,Unitaire
2024DA1700,Légumes surgelés CE2 ou HVE,154018.92,15800000-6,Alimentaire,Procédure adaptée,2023-12-18,25830139900022,,43433709300026,,SIRC,Révisable
202398449800,"Acquisition, maintenance et fourniture de consommables de systèmes d'impression et multifonctions: Lot 1: Acquisition, maintenance d'imprimantes et coût par",42439.0,30000000-9,Informatique & bureautique,Procédure adaptée,2023-12-18,26300047300094,,39089573800180,,NIMES,Ferme
2023149A2300,QUINCAILLERIE ET ACCESSOIRES LOT 3,350000.0,44510000-8,Matériaux de construction,Appel d'offres ouvert,2023-12-18,20002359600014,,39347227900016,,DEPARTEMENT HAUTE GARONNE,Révisable
2024DA4000,Viandes fraiches labélisées,330171.2,15800000-6,Alimentaire,Procédure adaptée,2023-12-18,25830139900022,,38480603000035,,SIRC,Révisable
2024DA3600,Viandes et abats 5e gamme,57288.48,15800000-6,Alimentaire,Procédure adaptée,2023-12-18,25830139900022,,34339778200016,,SIRC,Révisable
20232023F0004300,Fournitures pour la pré-collecte,100000.0,34928480-6,Transport & véhicules,Appel d'offres ouvert,2023-12-18,20006678500011,,77812846200034,,(56) Morbihan,Révisable
2024DOJOLOT800,Réhabilitation de la Patinoire en DOJO Salle Multisports Lot No8 CVC/PB,109043.65,44115800-7,Matériaux de construction,Procédure adaptée,2023-12-18,21800645000017,,33180225600015,,Roye,Ferme
202308200,TRANCHE 2023 82 CANALISATIONS,129918.55,44161200-8,Matériaux de construction,Procédure adaptée,2023-12-18,20009492800013,,42322757800014,,Tocane-Saint-Apre,Ferme et actualisable
202420230030500,CONSOMMABLES IMPRIMANTE,500000.0,30192000-1,Informatique & bureautique,Appel d'offres ouvert,2023-12-18,21770349500010,,43985313600075,,OTHIS,Ferme
202330507800,TRAVAUX SUR LES SITES ET ITINERAIRES DES ESPACES NATURELS SENSIBLES DU DEPARTEMENT DE LA REUNION_RELANCE   LOT 03 : Travaux fabrication et pose d&#8217;équipements et de mobiliers  RANG 2,935450.0,34920000-2,Transport & véhicules,Appel d'offres ouvert,2023-12-18,22974001400019,,89308480600015,,DEPARTEMENT DE LA REUNION,Révisable
2023000000036900,FOURNITURE DE MOBILIERS DE CONFORT POUR LES ESPACES NATURELS COMMUNAUTAIRES,250000.0,34928400-2,Transport & véhicules,Appel d'offres ouvert,2023-12-18,24590042800013,,33960966100147,,DUNKERQUE,Révisable
2023147A2300,OUTILLAGE A MAIN LOT 1,350000.0,44510000-8,Matériaux de construction,Appel d'offres ouvert,2023-12-18,20002359600014,,66850296600041,,DEPARTEMENT HAUTE GARONNE,Révisable
2024DOJOLOT400,Réhabilitation de la Patinoire en DOJO Salle Multisports Lot No4 Cloisons/fx plafonds/ menuiseries intérieures,90973.99,44115800-7,Matériaux de construction,Procédure adaptée,2023-12-18,21800645000017,,34467473400035,,Roye,Ferme
2023OCC03900,ACCORD-CADRE A BONS DE COMMANDE DE FOURNITURES DE BUREAU ET DE PAPIER: Lot 10: Fournitures de bureau et de papier d\'impression - CMA des Hautes-Pyrénées,80000.0,30192000-1,Informatique & bureautique,Appel d'offres ouvert,2023-12-18,13002793100018,,50178259300013,5.0,,Unitaire
20232023123L0100,CHAUFFAGE - VENTILATION - CLIMATISATION - TELEGESTION,70094.0,44115200-1,Matériaux de construction,Procédure adaptée,2023-12-18,24120018700193,,44060336300027,,RODEZ CEDEX 9,Révisable
20232300190100,Fourniture de denrées alimentaires et plats cuisinés: Lot 1 : Viandes et produits surgelés à base de viande,23700.0,15896000-5,Alimentaire,Appel d'offres ouvert,2023-12-18,21440215800015,,55204499202267,,VERTOU,Révisable
202318000,"Langrune sur mer et#8211; lot. ""le clos des sages"" - 11-13 rue s. Veil - construction de 10 logements intermédiaires: Lot 4 : menuiseries extérieures PVC et#8211, métallerie",60035.0,44220000-8,Matériaux de construction,Procédure adaptée,2023-12-18,78070570300012,,32852642100016,,LANGRUNE SUR MER,Révisable
2023143A200,FOURNITURE DE PRODUITS D ENTRETIEN D HYGIENE ET DE MATERIEL DE NETTOYAGE LOT 2 PRODUIT D ENTRETIEN ESSUYAGE ET ARTICLES DE DROGUERIE,320000.0,39224300-1,Mobilier & ménager,Appel d'offres ouvert,2023-12-18,22010001000010,,44030355000154,,DEPARTEMENT AIN,Révisable
2024DA2500,Céréales Pâtes fraîches,75381.16,15800000-6,Alimentaire,Procédure adaptée,2023-12-18,25830139900022,,32854462200025,,SIRC,Révisable
20231DENREE10100,FOURNITURES DE DENREES ALIMENTAIRES - 2024 LOT 1 PRODUITS ELABORES ET SURGELES,300000.0,15890000-3,Alimentaire,Appel d'offres ouvert,2023-12-18,52214855000018,,55204499201483,,GRAVELINES,Révisable
2023000000036800,FOURNITURE DE MOBILIERS DE CONFORT POUR LES ESPACES NATURELS COMMUNAUTAIRES,200000.0,34928400-2,Transport & véhicules,Appel d'offres ouvert,2023-12-18,24590042800013,,40370406700038,,DUNKERQUE,Révisable
2023OCC03900,ACCORD-CADRE A BONS DE COMMANDE DE FOURNITURES DE BUREAU ET DE PAPIER: Lot 13: Fournitures de bureau et de papier d\'impression - CMA du Tarn-et-Garonne,16800.0,30192000-1,Informatique & bureautique,Appel d'offres ouvert,2023-12-18,13002793100018,,95551002900718,4.0,,Unitaire
2024DA0500,Conserves de poissons,50350.16,15800000-6,Alimentaire,Procédure adaptée,2023-12-18,25830139900022,,43433709300026,,SIRC,Révisable
2024DA3500,Viandes et abats surgelés,187902.48,15800000-6,Alimentaire,Procédure adaptée,2023-12-18,25830139900022,,31680701501340,,SIRC,Révisable
20231DENREE10700,FOURNITURES DE DENREES ALIMENTAIRES - 2024 LOT 7 ENTREES FROIDES PRODUITS FRAIS,45000.0,15890000-3,Alimentaire,Appel d'offres ouvert,2023-12-18,52214855000018,,55204499201483,,GRAVELINES,Révisable
20232023F0000200,"ACCORD CADRE A BONS DE COMMANDE POUR L'EMISSION, LA LIVRAISON ET LA GESTION DES TITRES RESTAURANT DEMATERIALISES OU SOUS FORME PAPIER POUR LES AGENTS DE LA COMMUNE DE BANGOR",100000.0,30199770-8,Informatique & bureautique,Procédure adaptée,2023-12-18,21560009900018,,64204436600242,,(56) Morbihan,Révisable
202323TRAV01200,AMENAGEMENT DE L'AMPHITHEATRE DE LA MEDIATHEQUE - LOT No7 : TRAVAUX D'INSTALLATION D'ECHAFAUDAGE,110712.8,44212317-4,Matériaux de construction,Procédure adaptée,2023-12-18,21972227900011,,83237749300016,,Sainte-Luce,Ferme et actualisable
202304600,FOURNITURE DE DOCUMENTS SONORES ET AUDIOVISUELS POUR LES BIBLIOTHEQUES DE BOURGES LOT 2 DVD FICTIONS ADULTES ET JEUNESSE,105000.0,30234400-2,Informatique & bureautique,Procédure adaptée,2023-12-18,21180033900882,,34436269400061,,BOURGES,Révisable
2023148A2300,OUTILLAGE ELECTROPORTATIF LOT 2,250000.0,44510000-8,Matériaux de construction,Appel d'offres ouvert,2023-12-18,20002359600014,,92206130400015,,DEPARTEMENT HAUTE GARONNE,Révisable
2023OCC03900,ACCORD-CADRE A BONS DE COMMANDE DE FOURNITURES DE BUREAU ET DE PAPIER: Lot 1: Fournitures de bureau et de papier d\'impression - CMA de l\'Ariège,36000.0,30192000-1,Informatique & bureautique,Appel d'offres ouvert,2023-12-18,13002793100018,,95551002900718,4.0,,Unitaire
202330508000,TRAVAUX SUR LES SITES ET ITINERAIRES DES ESPACES NATURELS SENSIBLES DU DEPARTEMENT DE LA REUNION_RELANCE   LOT 06 : Travaux fabrication et pose d&#8217;équipements et de mobiliers- Sud/Ouest confortement d&#8217;itinéraires de randonnées-Nord/Est RANG 1,935450.0,34920000-2,Transport & véhicules,Appel d'offres ouvert,2023-12-18,22974001400019,,89308480600015,,DEPARTEMENT DE LA REUNION,Révisable
2024DA3000,Produits traiteurs surgelés,508875.08,15800000-6,Alimentaire,Procédure adaptée,2023-12-18,25830139900022,,55204499200808,,SIRC,Révisable
249916313,Fourniture de matériaux de construction pour la Ville de Marcq-en-Baroeul: Lot 3: Fourniture de gros matériel de chauffage et régulation,300000.0,44115200-1,Matériaux de construction,Appel d'offres ouvert,2023-12-18,21590378200013,,77558685200227,2.0,,Unitaire
2024DA2700,Produits de la mer surgelés,541591.04,15800000-6,Alimentaire,Procédure adaptée,2023-12-18,25830139900022,,31680701501340,,SIRC,Révisable
2023000000002300,Accord-cadre concernant l'achat de fournitures de revêtements de sols,96000.0,44112200-0,Matériaux de construction,Procédure adaptée,2023-12-18,27770007600023,,73288011700211,,Coulommiers,Révisable
2023OCC03900,ACCORD-CADRE A BONS DE COMMANDE DE FOURNITURES DE BUREAU ET DE PAPIER: Lot 8: Fournitures de bureau et de papier d\'impression - CMA du Lot,80000.0,30192000-1,Informatique & bureautique,Appel d'offres ouvert,2023-12-18,13002793100018,,30954348600075,4.0,,Unitaire
202323F07600100,ACQ ARTICLES DESTINES AUX BOUTIQUES DES MUSEES LOT 3 ACQ D ARTICLES DE CARTERIE OU D AFFICHES,40000.0,30199700-7,Informatique & bureautique,Appel d'offres ouvert,2023-12-18,21060004500012,,69204158500583,,ANTIBES,Ferme
20232303500100,LOT 1: FOURNITURE DE COMPOSTEURS INDIVIDUELS,540000.0,44613800-8,Matériaux de construction,Appel d'offres ouvert,2023-12-18,20006755100016,,92253175100019,,THONON LES BAINS CEDEX,Révisable
202401400,Marché d'entretien courant de serrurerie et étanchéité sur le patrimoine d'inolya: Lot 4 : Entretien courant étanchéité sur le tout le patrimoine INOLYA,750000.0,44316500-3,Matériaux de construction,Procédure adaptée,2023-12-18,78070570300012,,52073066400023,,CALVADOS,Révisable
2023OCC03900,ACCORD-CADRE A BONS DE COMMANDE DE FOURNITURES DE BUREAU ET DE PAPIER: Lot 5: Fournitures de bureau et de papier d\'impression - CMA de la Haute-Garonne,144000.0,30192000-1,Informatique & bureautique,Appel d'offres ouvert,2023-12-18,13002793100018,,30954348600075,4.0,,Unitaire
20242402FR100,FOURNITURES PEDAGOGIQUES,53750.0,39162100-6,Mobilier & ménager,Procédure adaptée,2023-12-18,21450004300010,,80458482900019,,AMILLY,Révisable
202323AO22100,FOURNITURE DE MATÉRIEL ÉLECTRIQUE ET CÂBLERIE,100000.0,44115200-1,Matériaux de construction,Appel d'offres ouvert,2023-12-18,21590378200013,,82448465300012,,MARCQ EN BAROEUL,Révisable
202401-0100,LOT 1: FOURNITURE ET LIVRAISON DE REPAS MULTI BONNETABLE API DEBUT 01 01 2024,45622.8,15894200-3,Alimentaire,Procédure adaptée,2023-12-18,20007267600014,,47718101000729,,Marolles-les-Braults,Ferme
2024DOJOLOT100,Réhabilitation de la Patinoire en DOJO Salle Multisports Lot No1 Démol/GO/réseaux,40425.0,44115800-7,Matériaux de construction,Procédure adaptée,2023-12-18,21800645000017,,33974129000037,,Roye,Ferme
2023000001320600,LYCEE GRANDMONT A TOURS RECONFIGURATION ESPACE SELF REFECTOIRE R+2,214557.37,39221000-7,Mobilier & ménager,Procédure adaptée,2023-12-18,23450002300028,,45156854700132,,TOURS,Révisable
2024DA2800,Produits laitiers,1421750.16,15800000-6,Alimentaire,Procédure adaptée,2023-12-18,25830139900022,,43433709300026,,SIRC,Révisable
2024DA0700,Tartes et feuilletés surgelés,54128.76,15800000-6,Alimentaire,Procédure adaptée,2023-12-18,25830139900022,,31680701501340,,SIRC,Révisable
2024DA4200,Fruits issus de l'agriculture HVE,138260.4,15800000-6,Alimentaire,Procédure adaptée,2023-12-18,25830139900022,,55204499202648,,SIRC,Révisable
20242401FR100,FOURNITURES DE BUREAU,50000.0,30192000-1,Informatique & bureautique,Procédure adaptée,2023-12-18,21450004300010,,57172266900264,,AMILLY,Révisable
202323AO22600,FOURNITURE DE MATERIEL DE QUINCAILLERIE,100000.0,44115200-1,Matériaux de construction,Appel d'offres ouvert,2023-12-18,21590378200013,,56382048900182,,MARCQ EN BAROEUL,Révisable
2024DA3800,Volailles fraîches bio et BBC,349041.6,15800000-6,Alimentaire,Procédure adaptée,2023-12-18,25830139900022,,38480603000035,,SIRC,Révisable
2023OCC03900,ACCORD-CADRE A BONS DE COMMANDE DE FOURNITURES DE BUREAU ET DE PAPIER: Lot 6: Fournitures de bureau et de papier d\'impression - CMA du Gers,84000.0,30192000-1,Informatique & bureautique,Appel d'offres ouvert,2023-12-18,13002793100018,,30954348600075,4.0,,Unitaire
2024DA4100,Fruits issus de l'agriculture biologique,288140.28,15800000-6,Alimentaire,Procédure adaptée,2023-12-18,25830139900022,,55204499202648,,SIRC,Révisable
202323AO22300,FOURNITURE DE GROS MATERIEL DE CHAUFFAGE ET REGULATION,100000.0,44115200-1,Matériaux de construction,Appel d'offres ouvert,2023-12-18,21590378200013,,50537790300214,,MARCQ EN BAROEUL,Révisable
2024CCAS0020500,CONSOMMABLES IMPRIMANTE,500000.0,30192000-1,Informatique & bureautique,Appel d'offres ouvert,2023-12-18,26770304900010,,43985313600075,,OTHIS,Ferme
2024DA0900,Légumes 4e gamme,295544.0,15800000-6,Alimentaire,Procédure adaptée,2023-12-18,25830139900022,,55204499202648,,SIRC,Révisable
2024DA2900,Plats cuisinés frais,157982.6,15800000-6,Alimentaire,Procédure adaptée,2023-12-18,25830139900022,,33934164600067,,SIRC,Révisable
2024DA2300,Pâtisseries surgelées,108533.88,15800000-6,Alimentaire,Procédure adaptée,2023-12-18,25830139900022,,31680701501340,,SIRC,Révisable
20231DENREE10200,FOURNITURES DE DENREES ALIMENTAIRES - 2024 LOT 2 VIANDES ET VOLAILLES FRAISCHES,75000.0,15890000-3,Alimentaire,Appel d'offres ouvert,2023-12-18,52214855000018,,33210743200038,,GRAVELINES,Révisable
202323AO22200,FOURNITURE DE MATERIEL DE PLOMBERIE SANITAIRE ET MATERIEL DE  CHAUFFAGE,100000.0,44115200-1,Matériaux de construction,Appel d'offres ouvert,2023-12-18,21590378200013,,56382048900182,,MARCQ EN BAROEUL,Révisable
2023OCC03900,ACCORD-CADRE A BONS DE COMMANDE DE FOURNITURES DE BUREAU ET DE PAPIER: Lot 15: Fournitures de bureau et de papier d\'impression pour l\'antenne du Siège de la CMA de Région Occitanie (34),28000.0,30192000-1,Informatique & bureautique,Appel d'offres ouvert,2023-12-18,13002793100018,,95551002900718,4.0,,Unitaire
2023Z230535F0000,Z230535F00 FOURNITURES DE PIECES DETACHEES POUR LES ENGINS DE COLLECTE DE DECHETS DE MARQUE PB ENVIRONNEMENT,720000.0,34300000-0,Transport & véhicules,Appel d'offres ouvert,2023-12-18,20005480700017,,48183313500017,,MARSEILLE CEDEX 02,Révisable
2024DA0300,Charcuteries et salaisons cuites,121043.56,15100000-9,Alimentaire,Procédure adaptée,2023-12-18,25830139900022,,55204499200808,,SIRC,Révisable
2024DOJOLOT200,Réhabilitation de la Patinoire en DOJO Salle Multisports Lot No2 Serrurerie/ métallerie,199983.0,44115800-7,Matériaux de construction,Procédure adaptée,2023-12-18,21800645000017,,33407803700028,,Roye,Ferme
2024DA3900,Volailles surgelées,107490.64,15800000-6,Alimentaire,Procédure adaptée,2023-12-18,25830139900022,,55204499200808,,SIRC,Révisable
2024DA2000,Ovoproduits surgelés,59909.6,15800000-6,Alimentaire,Procédure adaptée,2023-12-18,25830139900022,,31680701501340,,SIRC,Révisable
2023OCC03900,ACCORD-CADRE A BONS DE COMMANDE DE FOURNITURES DE BUREAU ET DE PAPIER: Lot 2: Fournitures de bureau et de papier d\'impression - CMA de l\'Aude,96000.0,30192000-1,Informatique & bureautique,Appel d'offres ouvert,2023-12-18,13002793100018,,95551002900718,5.0,,Unitaire
249916302,Fourniture de matériaux de construction pour la Ville de Marcq-en-Baroeul: Lot 2: Fourniture de matériel de plomberie sanitaire et petit matériel de chauffage,300000.0,39715200-9,Mobilier & ménager,Appel d'offres ouvert,2023-12-18,21590378200013,,45750529500016,3.0,,Unitaire
2023Z230730F0000,Z230730F00 LOT 2 FOURNITURES DE PIECES DETACHEES ET D'ACCESSOIRES GEESINK NORBA,200000.0,34300000-0,Transport & véhicules,Appel d'offres ouvert,2023-12-18,20005480700017,,80078012400049,,MARSEILLE CEDEX 02,Ferme
2024DA3400,Viandes et abats frais,538610.28,15800000-6,Alimentaire,Procédure adaptée,2023-12-18,25830139900022,,38480603000035,,SIRC,Révisable
2023054700,UNIHA - FOURNITURES DE BUREAU ET AUTRES ARTICLES ASSOCIES,468414.0,30000000-9,Informatique & bureautique,Appel d'offres ouvert,2023-12-18,20001803400013,,57172266900264,,SEINE ST DENIS,Révisable
20232300190200,Fourniture de denrées alimentaires et plats cuisinés: Lot 2 : Poissons et produits de la mer surgelés,57000.0,15896000-5,Alimentaire,Appel d'offres ouvert,2023-12-18,21440215800015,,31680701501142,,VERTOU,Révisable
2023repasCO20000,Fourniture et livraison de repas en liaison froide pour la Petite Enfance,201537.94,15894200-3,Alimentaire,Procédure adaptée,2023-12-18,24600056600025,,47718101000729,,creche St just,Ferme et actualisable
20242315500,LOT 6 FOURNITURE MATERIEL DE CONSTRUCTION 2024 A 2027,320000.0,44100000-1,Matériaux de construction,Appel d'offres ouvert,2023-12-18,21830129900010,,48765225700022,,SIX-FOURS-LES-PLAGES,Ferme
20232300190300,Fourniture de denrées alimentaires et plats cuisinés: Lot 3 : Viandes fraiches bovines et ovines,75850.0,15119000-5,Alimentaire,Appel d'offres ouvert,2023-12-18,21440215800015,,50851378500123,,VERTOU,Révisable
202302000,MATERIEL INFRASTRUCTURE SYSTEME ET RESEAU INGENERIE/ARCHITECTURE SYSTEME ET RESEAU OUTILS DADMINISTRATION SYSTEME ET RE,200000.0,32424000-1,Télécommunications,Procédure adaptée,2023-12-18,21780123200174,,79849455500013,,CARRIERES-SOUS-POISSY,Ferme
2024DA3700,Volailles fraîches,173635.84,15800000-6,Alimentaire,Procédure adaptée,2023-12-18,25830139900022,,6620009800086,,SIRC,Révisable
20232315400100,ACQUISITION LIVRAISON FOURNITURES ADMINISTRATIVES CONSOMMABLES IMPRIMANTE,120000.0,30237300-2,Informatique & bureautique,Appel d'offres ouvert,2023-12-18,20005565500019,,43985313600075,,ROISSY EN FRANCE,Révisable
20232404FR100,FOURNITURE AUTRES PAPIERS COMMANDES EN GROS,50000.0,22800000-8,Imprimés,Procédure adaptée,2023-12-18,21450004300010,,33044098300055,,AMILLY,Révisable
2023M23-072 L400,M23-072AGG L4 SERRURERIE METALLERIE,80591.36,44316500-3,Matériaux de construction,Procédure adaptée,2023-12-18,21360044800012,,38971122700055,,CHATEAUROUX CEDEX,Révisable
20232300190400,Fourniture de denrées alimentaires et plats cuisinés: Lot 4 : Volailles fraiches,61650.0,15112100-7,Alimentaire,Appel d'offres ouvert,2023-12-18,21440215800015,,6620009800086,,VERTOU,Révisable
2023M23596CRT00,"M23596CRT - APPROLYS - LOT 1 - FOURNITURES DE BUREAU, ENVELOPPES, AGENDAS, CALENDRIERS, PAPIERS POUR REPROGRAPHIE AU DETAIL, CONSOMMABLES INFORMATIQUES ET DE SAUVEGARDE",600000.0,30192000-1,Informatique & bureautique,Appel d'offres ouvert,2023-12-18,24450046800040,,57172266900264,,LOIRET,Révisable
249916291,Fourniture de matériaux de construction pour la Ville de Marcq-en-Baroeul: Lot 1: Fourniture de matériel de matériel électrique et câblerie,300000.0,31681410-0,Matériel électrique,Appel d'offres ouvert,2023-12-18,21590378200013,,37906972700020,3.0,,Unitaire
2023Z230731F0000,Z230731F00 LOT 3 FOURNITURE DE PIECE DETACHES MARQUES SCARAB ET MATHIEU,360000.0,34300000-0,Transport & véhicules,Appel d'offres ouvert,2023-12-18,20005480700017,,80078012400049,,MARSEILLE CEDEX 02,Ferme
2024DA1600,Fruits et légumes surgelés,240836.68,15800000-6,Alimentaire,Procédure adaptée,2023-12-18,25830139900022,,31680701501340,,SIRC,Révisable
2024DA0400,Charcuteries crues,96460.44,15800000-6,Alimentaire,Procédure adaptée,2023-12-18,25830139900022,,31680701501340,,SIRC,Révisable
2024DA0100,Biscuits et petits déjeuners,261387.0,15813000-0,Alimentaire,Procédure adaptée,2023-12-18,25830139900022,,31345620400020,,SIRC,Révisable
20231DENREE10400,FOURNITURES DE DENREES ALIMENTAIRES - 2024 LOT 4 FRUITS ET LEGUMES FRAIS ET SECS,60000.0,15890000-3,Alimentaire,Appel d'offres ouvert,2023-12-18,52214855000018,,81159922400029,,GRAVELINES,Révisable
202369800,Hp 1610/1680 et#8211; desvres et#8211; rehabilitation energetique de 61 logements collectifs: Lot 5 : Métallerie,128000.0,44316500-3,Matériaux de construction,Procédure adaptée,2023-12-18,61682020500154,,43312365000023,,DESVRES,Révisable
20232300190500,Fourniture de denrées alimentaires et plats cuisinés: Lot 5 : Produits frais crus / cuits / marinés élaborés à base de viande,19000.0,15130000-8,Alimentaire,Appel d'offres ouvert,2023-12-18,21440215800015,,34339778200016,,VERTOU,Révisable
2024Z-B-NOYEN00,Mission maitrise d'oeuvre en vu de l'extension de la zone d'activités des Brimaudières à Noyen sur sarthe,48955.0,32428000-9,Télécommunications,Procédure adaptée,2023-12-18,20004047500119,,38540528700116,,Loué,Ferme
2023OCC03900,ACCORD-CADRE A BONS DE COMMANDE DE FOURNITURES DE BUREAU ET DE PAPIER: Lot 7: Fournitures de bureau et de papier d\'impression - CMA de l\'Hérault,64000.0,30192000-1,Informatique & bureautique,Appel d'offres ouvert,2023-12-18,13002793100018,,30954348600075,5.0,,Unitaire
202400100,Fournitures de consommables médicaux et petit matériel,300000.0,33140000-3,Matériel médical,Procédure adaptée,2023-12-18,25290233300076,,42011551100032,,Guipavas,Ferme
2022TX0308A00,REHABILITATION DE LA FERME DU BREUIL EN CENTRE DE LOISIRS ET CENTRE CULTUREL,144800.0,44112300-1,Matériaux de construction,Procédure négociée avec mise en concurrence préalable,2023-12-17,20006499600016,,84460464500037,,MEZIDON VALLEE D AUGE,Révisable
2023AC014500,F ET L PIECES VL VUL LOT4 CITROEN PARC ROANNE,50000.0,34330000-9,Transport & véhicules,Appel d'offres ouvert,2023-12-16,22420001400013,,37823354800031,,SAINT ETIENNE,Ferme
2023V3D0040AI00,"PRESTATION D'INSTALLATION DE MAINTENANCE D'ALARMES DANS LES BÂTIMENTS COMMUNAUX ET DE MAINTENANCE DES ÉQUIPEMENTS D'ALARMES INTRUSION,CONTRÔLE D&#8217;ACCÈS, INTERPHONIE DE SECOURS DE L&#8217;HÔTEL DE VILLE",576822.14,31625200-5,Matériel électrique,Procédure adaptée,2023-12-16,21340172201787,,77605646700587,,MONTPELLIER,Ferme
2023AC014400,F ET L PIECES VL VUL LOT3 CITROEN PARC VILLARS,180000.0,34330000-9,Transport & véhicules,Appel d'offres ouvert,2023-12-16,22420001400013,,37823354800031,,SAINT ETIENNE,Ferme
2023-16 E00,Fourniture de denrées alimentaires,120000.0,15896000-5,Alimentaire,Appel d'offres ouvert,2023-12-16,26720048300043,,47698032100238,,Coulaines,Révisable
2023AC014200,F ET L PIECES VL VUL LOT1 RENAULT PARC VILLARS,190000.0,34330000-9,Transport & véhicules,Appel d'offres ouvert,2023-12-16,22420001400013,,37823354800031,,SAINT ETIENNE,Ferme
2023-09F00,Fourniture de denrées alimentaires,95000.0,15896000-5,Alimentaire,Appel d'offres ouvert,2023-12-16,26720048300027,,42493550000068,,Coulaines,Révisable
2024-RENOUVELT00,RENOUVELLEMENT LUMINAIRES VETUSTES SUR LE TERRITOIRE DU SIECE-,150000.0,32400000-7,Télécommunications,Procédure adaptée,2023-12-16,25290066700020,,32977810400011,,COMMUNES DU SIECE,Ferme et actualisable
202423FOU18100,FOURNITURE ET SERVICE DE MAINTENANCE VELOS A ASSISTANCE,95125.8,34430000-0,Transport & véhicules,Procédure adaptée,2023-12-15,20005588700018,,83061089500013,,MAYENNE,Révisable
2023019400,REALISATION FOURNITURE ET LIVRAISON DE PROTECTIONS AUDITIVES SUR MESURE AU PROFIT DU DEPARTEMENT DE LA MAYENNE,200000.0,18143000-3,Vêtements,Appel d'offres ouvert,2023-12-15,22530001100015,,38475070900022,,MAYENNE,Révisable
202420240200,LOT 2 : FOURNITURE D'UN CAMION BENNE MOTEUR DIESEL POUR LAS COLLECTE DES OM BI COMPARTIMENTEE 15M3 - PTAC 19T - BENNE COMPACTRICE,162280.0,34144512-0,Transport & véhicules,Appel d'offres ouvert,2023-12-15,20006770000019,,77557300900047,,Decize,Ferme
20232306700,Location et entretien des vêtements de travail de la cuisine centrale,46344.0,18110000-3,Vêtements,Procédure adaptée,2023-12-15,21110069800011,,97150357800538,,CARCASSONNE,Révisable
2023GN23P2000,Fourniture d'objets publicitaires et d'objets publicitaires durables,208000.0,39294100-0,Mobilier & ménager,Procédure adaptée,2023-12-15,24110059300078,,52390312800016,,NARBONNE CEDEX,Révisable
2023147 FS00,Pièces véhicules lourds,600000.0,34300000-0,Transport & véhicules,Marché négocié sans publicité ni mise en concurrence préalable,2023-12-15,28250001600021,,89129465400068,,Département du Doubs,Révisable
202323MP11200100,ACQUISITION D'UN CHARGEUR EXCAVATEUR NEUF DE TYPE MECALAC,176000.0,34100000-8,Transport & véhicules,Procédure adaptée,2023-12-15,21420187300012,,38062100300066,,ROANNE,Ferme et actualisable
2023011200100000,TELEFLEX - XTELE/ALM,94224.0,33141000-0,Matériel médical,Procédure négociée avec mise en concurrence préalable,2023-12-15,26590673500013,,34747988300030,,FRANCE,Révisable
2024074902,La fourniture et la livraison de produits surgelés,19927350.0,15896000-5,Alimentaire,Appel d'offres ouvert,2023-12-15,26690025700046,,34067077700044,,Rhone,Révisable
2024073903,La fourniture et la livraison de produits surgelés,9070893.79,15896000-5,Alimentaire,Appel d'offres ouvert,2023-12-15,26690025700046,,34067077700044,,Rhone,Révisable
2023016900,Fourniture de matériels et d'équipements de peinture et revêtements de sols pour les besoins de la région Normandie: Lot 02: Départements de l'Eure et de la Seine Maritime,1800000.0,44810000-1,Matériaux de construction,Appel d'offres ouvert,2023-12-15,20005340300057,,52922107902068,6.0,,Unitaire
20232023180000,FOURNITURE BORNES ESCAMOTABLES,1200000.0,31224500-7,Matériel électrique,Appel d'offres ouvert,2023-12-15,21640483000012,,53170199300036,,SAINT JEAN DE LUZ,Révisable
2023942-700,RESTRUCTURATION BATIMENTS ECOLE JAURES LOT 7 EQUIPEMENT DES OFFICES DE SELF,65958.0,39220000-0,Mobilier & ménager,Procédure adaptée,2023-12-15,21930050600017,,82044278800015,,NEUILLY SUR MARNE,Ferme
202398506800,Aménagement de la Crèche intercommunale de Moustiers-Sainte-Marie: Lot 7: Menuiseries bois,36073.0,44220000-8,Matériaux de construction,Procédure adaptée,2023-12-15,20006743700018,,94851422900012,,MOUSTIERS Sainte MARIE,Révisable
2023A237119M0600,Acquisition de mobilier d'accueil,46119.99,39130000-2,Mobilier & ménager,Procédure adaptée,2023-12-15,21974002400019,,38218321800066,,BRAS PANON,Ferme
20235900,Fournitures de vêtements et d'équipements professionnels pour les agents de la Ville de Châteaurenard - n°2023-59-F-C-SM: Lot 1: Vêtements et équipements professionnels - Mairie T,120000.0,18100000-0,Vêtements,Procédure adaptée,2023-12-15,21130027200013,,43793802000025,,CHATEAURENARD,Révisable
20232300023 0100,Lot 1 Location chargeuse puissance 80-110 cv,80000.0,34144710-8,Transport & véhicules,Procédure adaptée,2023-12-15,21740208000014,,47748554400019,,PASSY,Révisable
2024074000,La fourniture et la livraison de produits surgelés,35690076.0,15896000-5,Alimentaire,Appel d'offres ouvert,2023-12-15,26690025700046,,38500623400137,,Rhone,Révisable
2024073902,La fourniture et la livraison de produits surgelés,9070893.79,15896000-5,Alimentaire,Appel d'offres ouvert,2023-12-15,26690025700046,,34067077700044,,Rhone,Révisable
2023CA009-200,ELEMENTS RESEAU,60000.0,30200000-1,Informatique & bureautique,Procédure adaptée,2023-12-15,20007106600191,,39265548600042,,SAINT DIE DES VOSGES,Ferme
202397324700,SPECTROMETRE DE MASSE,268629.0,38000000-5,Instruments de mesure,Appel d'offres ouvert,2023-12-15,77574110100031,,48751377200037,,GUSTAVE ROUSSY,Ferme et actualisable
249893422,Fourniture de pneumatiques neufs et rechapés pour le parc bus et pour les véhicules légers: Lot 2: Fourniture de pneumatiques rechapés pour un parc d\'autobus,45000.0,34352200-1,Transport & véhicules,Procédure avec négociation,2023-12-15,94555101800019,,39252740404670,4.0,,Unitaire
20242315400,FOURNITURE DE BOIS 2024 A 2027,320000.0,44100000-1,Matériaux de construction,Appel d'offres ouvert,2023-12-15,21830129900010,,50810215900029,,SIX-FOURS-LES-PLAGES,Ferme
2023000000002000,ACQUISITION ET MAINTENANCE COPIEURS,162000.0,30121100-4,Informatique & bureautique,Procédure adaptée,2023-12-15,21660172400018,,30954348600075,,SAINT ESTÈVE,Révisable
202318400,"ACHAT DE PRODUITS ET MATERIEL D'ENTRETIEN ET DE NETTOYAGE ET DROGUERIE: Lot 1 : Produits et matériel det#8217,entretien et de nettoyage et droguerie",180000.0,39830000-9,Mobilier & ménager,Procédure adaptée,2023-12-15,27870851600028,,44031947300268,,LIMOGES,Révisable
2024000023F01700,GLOG LOT 2  FOURNITURES ET MAINTENANCE DES INSTALLATIONS ET EQUIPEMENTS DE PROTECTION INCENDIE: LOT 2 MAINTENANCE CONTROLE ET FOURNITURE D EXTINCTEURS EMBARQUES DANS LES VEHICULES DU SDMIS,130000.0,35111300-8,Sécurité & défense,Appel d'offres ouvert,2023-12-15,28691200100042,,35327106700087,,RHONE,Révisable
2023PLJEU0800,PLJEU - LOT 8 - SERRURERIE,77375.0,44316500-3,Matériaux de construction,Procédure adaptée,2023-12-15,21310248600015,,48822590500030,,Labarthe-sur-Lèze,Ferme
2024073900,La fourniture et la livraison de produits surgelés,9070893.79,15896000-5,Alimentaire,Appel d'offres ouvert,2023-12-15,26690025700046,,34067077700044,,Rhone,Révisable
2024073102,La fourniture et la livraison de produits surgelés,6518956.13,15800000-6,Alimentaire,Appel d'offres ouvert,2023-12-15,26690025700046,,34067077700044,,Rhone,Révisable
20230923DSICCP00,Fourniture et installation audi visieul,40743.0,32321300-2,Télécommunications,Procédure adaptée,2023-12-15,20005053200015,,50976939400065,,PAMANDZI,Ferme
202420240100,Lot 1 : Fourniture d'un camion benne à moteur diesel pour la collecte des OM bi compartimentées de 15m3 - PTAC 19T - CHASSIS CABINE,102000.0,34144510-6,Transport & véhicules,Appel d'offres ouvert,2023-12-15,20006770000019,,30233188900048,,Decize,Ferme
2023122100,"Acquisition, maintenance, fourniture de sous-ensemble, accessoires, de pièces détachées et consommables associés société MEDICAL DEVEYES",100000.0,33100000-1,Matériel médical,Marché négocié sans publicité ni mise en concurrence préalable,2023-12-15,26310012500016,,81956723100025,,Occitanie,Ferme et actualisable
2023202347800,2023-M478 EXTINCTEURS,100000.0,35111300-8,Sécurité & défense,Procédure adaptée,2023-12-15,25850296200040,,47986009000030,,LA ROCHE SUR YON,Révisable
2023018400,AUTOMATE SE 2023 - INNOVATIVE,160000.0,38434580-5,Instruments de mesure,Procédure concurrentielle avec négociation,2023-12-15,22530001100494,,47812321900022,,MAYENNE,Révisable
2024M202316-0700,CONSTRUCTION SALLE OMNISPORTS CASTELNOUVEL - LOT 07 - Second oeuvre,146932.14,44112200-0,Matériaux de construction,Procédure adaptée,2023-12-15,21310291600011,,51400212000020,,Léguevin,Révisable
2024074402,La fourniture et la livraison de produits surgelés,28602199.8,15896000-5,Alimentaire,Appel d'offres ouvert,2023-12-15,26690025700046,,34067077700044,,Rhone,Révisable
249893411,Fourniture de pneumatiques neufs et rechapés pour le parc bus et pour les véhicules légers: Lot 1: Fourniture de pneumatiques neufs pour un parc d\'autobus et de véhicules légers,450000.0,34352200-1,Transport & véhicules,Procédure avec négociation,2023-12-15,94555101800019,,39252740404670,4.0,,Unitaire
20242315300,FOURNITURE DE MATERIELS DIVERS NECESSAIRES AU CENTRE TECHNIQUE MUNICIPAL 2024 2025 2026 2027  LOT 4 FOURNITURE DE TOLERIE METAUX ET LAMINES,50000.0,44100000-1,Matériaux de construction,Appel d'offres ouvert,2023-12-15,21830129900010,,42500921400304,,SIX-FOURS-LES-PLAGES,Ferme
2024000023SF0400,GSI - ACQUISITION MAINTENANCE PRESTATIONS ET EVOLUTIONS AUTOUR DE GIMA OFFICE SUITE ET GIMA DIGITAL SUITE,220000.0,48000000-8,Logiciels,Marché négocié sans publicité ni mise en concurrence préalable,2023-12-15,28691200100042,,34054699300668,,RHONE,Révisable
202323AC120100,FOURNITURES COURANTES ET DE SERVICES RESTO,500000.0,39222000-4,Mobilier & ménager,Appel d'offres ouvert,2023-12-15,21950051900018,,33825313110992,,BEAUCHAMP,Révisable
20242315100,FOURNITURE DE MATERIELS DIVERS NECESSAIRES AU CENTRE TECHNIQUE MUNICIPAL 2024 2025 2026 2027  LOT 2 FOURNITURE EN QUINCAILLERIE MATERIEL POUR MENUISERIE SERRURERIE ET DIVERS,50000.0,44100000-1,Matériaux de construction,Appel d'offres ouvert,2023-12-15,21830129900010,,32968134000173,,SIX-FOURS-LES-PLAGES,Ferme
2023011100100000,XPARA - CONSOMMABLES POUR POMPE A INSULINE PARADIGM,79080.0,33141000-0,Matériel médical,Procédure négociée avec mise en concurrence préalable,2023-12-15,26590673500013,,72200823200224,,FRANCE,Ferme et actualisable
2023016800,"Fourniture de matériels et d'équipements de peinture et revêtements de sols pour les besoins de la région Normandie: Lot 01: Départements du Calvados, de la Manche et de l'Orne",1800000.0,44810000-1,Matériaux de construction,Appel d'offres ouvert,2023-12-15,20005340300057,,34349667500384,5.0,,Unitaire
2024073601,La fourniture et la livraison de produits surgelés,27195357.98,15896000-5,Alimentaire,Appel d'offres ouvert,2023-12-15,26690025700046,,38500623400137,,Rhone,Révisable
2024202321100,MULTIFONCTIONS LIBRE SERVICE ADMINISTRATIFS,90000.0,30121100-4,Informatique & bureautique,Appel d'offres ouvert,2023-12-15,21420184000011,,34331185800041,,RIORGES,Ferme
202409MS100,202309MS1/ INFOGERANCE DU SYSTEME D'INFORMATION,150000.0,48810000-9,Logiciels,Procédure adaptée,2023-12-15,24010061000080,,37815858800095,,MONTLUEL,Révisable
2023C3F09401AU00,LOT N°01 FOURNITURE ET POSE DES MATERIELS EQUIPEMENT DE CUISINE PROFESSIONNELLE ET DE BUANDERIE VILLE DE LIMOGES ET DU CCAS,600000.0,39314000-6,Mobilier & ménager,Appel d'offres ouvert,2023-12-15,26870853400014,,41775597200029,,CCAS LIMOGES,Révisable
20230900,LOCATION MAINTENANCE PHOTOCOPIEURS IMPRIMANTES,500000.0,30121100-4,Informatique & bureautique,Appel d'offres ouvert,2023-12-15,21380421400012,,38122838600102,,SAINT MARTIN D'HERES,Révisable
2023F2400400,FOURNITURE DE CHAUX VIVE POUR TRAITEMENT DES BOUES,313500.0,44921200-4,Matériaux de construction,Appel d'offres ouvert,2023-12-15,44078435300029,,,,METZ,Révisable
20232023F0003300,Accords-cadres pour l'acquisition de matériel informatique et de copieurs multifonctions - Accord-cadre pour l'acquisition de copieurs multifonctions,4282.91,30121100-4,Informatique & bureautique,Appel d'offres ouvert,2023-12-15,21350210700013,,33762184100093,,(35) Ille-et-Vilaine,Ferme
2023FREBOM00,ACQUISITION MOYEN DE COLLECTE POUR COLONNES AERIENNES OU ENTERRES - EQUIPEMENT OCCASION CHASSIS PL GRUE + BEOM,170000.0,34144511-3,Transport & véhicules,Appel d'offres ouvert,2023-12-15,20006880700078,,41974439600039,,Auterive,Ferme
20242024-0100,Matériel nautique : catamaran RS CAT14,62954.17,34522100-3,Transport & véhicules,Marché négocié sans publicité ni mise en concurrence préalable,2023-12-15,25430009800020,,51794043300025,,Yssingeaux,Ferme
2024004-0400,MENUISERIES EXTERIEURES-SERRURERIE LOT 4,67650.0,44220000-8,Matériaux de construction,Procédure adaptée,2023-12-15,21610061000015,,32194402700010,,Bretoncelles,Ferme
20232023-0160700,LOT07 - SECOND OEUVRE,146932.14,44112200-0,Matériaux de construction,Procédure adaptée,2023-12-15,21310291600011,,51400212000020,,Léguevin,Révisable
20242315600,LOT 7 FOURNITURE EN PETIT OUTILLAGE A MAIN 2024 A 2027,200000.0,44100000-1,Matériaux de construction,Appel d'offres ouvert,2023-12-15,21830129900010,,66850296600041,,SIX-FOURS-LES-PLAGES,Ferme
2023V3F41001AU00,LOT 01 : FOURNITURE ET POSE DE MATERIELS D'EQUIPEMENTS DE CUISINE PROFESSIONNELLE ET DE BUANDERIE DANS LE PATRIMOINE DE LA VILLE DE LIMOGES ET DU CENTRE COMMUNAL D'ACTION SOCIALE,2400000.0,39314000-6,Mobilier & ménager,Appel d'offres ouvert,2023-12-15,21870850100018,,41775597200029,,VILLE DE LIMOGES,Révisable
2320230510000,RENOVATION DE L'ÉCLAIRAGE DE L'HOTEL DE VILLE,144744.0,31524100-6,Matériel électrique,Procédure adaptée,2023-12-15,21440190300155,,44218550000042,7.0,,Forfaitaire
2023179500,CGA MED RELYVRIO,299999.0,33600000-6,Matériel médical,Marché négocié sans publicité ni mise en concurrence préalable,2023-12-15,26310012500016,,,,Occitanie,Ferme
202323PA270100,SVI SP POUR LES BESOINS DU SDIS08 SUITE A 23PA19 INFRUCUTEUX,80000.0,18310000-5,Vêtements,Procédure adaptée,2023-12-15,28080001200021,,92722034300028,,PRIX_LES_MEZIERES,Ferme et actualisable
20232023125L0400,LOT 4 - CHAUFFAGE - VENTILATION - CLIMATISATION,255266.39,39715210-2,Mobilier & ménager,Procédure adaptée,2023-12-15,24120018700193,,42698003300085,,RODEZ CEDEX 9,Révisable
20235900,Fournitures de vêtements et d'équipements professionnels pour les agents de la Ville de Châteaurenard - n°2023-59-F-C-SM: Lot 2: Vêtements et équipements professionnels - Police M,80000.0,18100000-0,Vêtements,Procédure adaptée,2023-12-15,21130027200013,,54450081200026,,CHATEAURENARD,Révisable
20242315700,LOT 8 FOURNITURE GROS OUTILLAGE ET ELECTROPORTATIF 2024 A 2027,240000.0,44100000-1,Matériaux de construction,Appel d'offres ouvert,2023-12-15,21830129900010,,42500921400304,,SIX-FOURS-LES-PLAGES,Ferme
2023RTPI35S0000,Solution de vente de titres de mobilités par SMA,800000.0,48000000-8,Logiciels,Procédure négociée avec mise en concurrence préalable,2023-12-15,45065514700012,,53886461200022,,POITIERS CEDEX,Révisable
20231900,Marché global de performance énergétique éclairage public,1600000.0,34993000-4,Transport & véhicules,Procédure adaptée,2023-12-15,21410047100017,,40985159900244,,La Chaussée-Saint-Victor,Ferme
202398506500,Aménagement de la Crèche intercommunale de Moustiers-Sainte-Marie: Lot 4: Charpente métallique - Serrurerie,105942.0,44142000-7,Matériaux de construction,Procédure adaptée,2023-12-15,20006743700018,,31757718700014,,MOUSTIERS Sainte MARIE,Révisable
202320230190400,TRAITEMENT DES DECHETS ISSUS DES ST,43000.0,34928480-6,Transport & véhicules,Procédure adaptée,2023-12-15,21380169900017,,6450308900076,,FONTAINE,Révisable
202398516300,Homogénéisation de la signalétique sur les pistes et itinéraires cyclables du territoire de la ccsms,99861.0,34942000-2,Transport & véhicules,Procédure adaptée,2023-12-15,20006814600014,,85282986000018,,SARREBOURG,Ferme
2023FOU1800,Fourniture et service de maintenance de vélos à assistance électrique dédiés à la location sur le territoire de Mayenne Communauté,95125.0,34430000-0,Transport & véhicules,Procédure adaptée,2023-12-15,20005588700018,,83061089500013,,,Révisable
202318400,"ACHAT DE PRODUITS ET MATERIEL D'ENTRETIEN ET DE NETTOYAGE ET DROGUERIE: Lot 2 : Accessoires det#8217,entretien et de nettoyage (lot réservé)",22500.0,39830000-9,Mobilier & ménager,Procédure adaptée,2023-12-15,27870851600028,,51024658000011,,LIMOGES,Révisable
202323MODUL200,VRD,57660.1,44211100-3,Matériaux de construction,Procédure adaptée,2023-12-14,20000480200019,,34803588200011,,FAYENCE,Révisable
2023F0500,Acquisition de véhicules pour la police municipale de Gonesse,200000.0,34114200-1,Transport & véhicules,Procédure adaptée,2023-12-14,21950277000015,,44216571800028,,Gonesse,Ferme
202323MT0130300,MENUISERIES METALLIQUES - SERRURERIE - METALLERIE - VITRERIE,100000.0,44316500-3,Matériaux de construction,Procédure adaptée,2023-12-14,21780165300015,,41368792200034,,LES CLAYES SOUS BOIS,Révisable
202398753600,Réaménagement de l'Hôtel Communautaire à Maizières-lès-Metz: Lot 10: Peinture - Sols souples,35709.0,44810000-1,Matériaux de construction,Procédure adaptée,2023-12-14,20003994900017,,47912511400054,,Maizières-lès-Metz,Ferme
202360261700,ACQUISITION MATERIEL MAC OS,65695.16,30236000-2,Informatique & bureautique,Procédure adaptée,2023-12-14,23974001200012,,48833390700035,,REGION REUNION,Ferme
2023F23086UNI00,FOURNITURE MATERIELS DE PLOMBERIE ET CHAUFFAGE SANITAIRE,40000.0,44115200-1,Matériaux de construction,Appel d'offres ouvert,2023-12-14,21780423600016,,56382048900182,,MONTIGNY LE BRETONNEUX,Révisable
2023FCS0010400,FOURNITURE DE MATÉRIELS POUR LE MAGASIN DU CTM - QUINCAILLER,45000.0,44316000-8,Matériaux de construction,Appel d'offres ouvert,2023-12-14,21450252800018,,32968134000173,,PITHIVIERS,Révisable
2024000300,TENNIS - Clôture des terrains,100590.0,34928200-0,Transport & véhicules,Procédure adaptée,2023-12-14,21740176900013,,94888832600014,,Menthon-Saint-Bernard,Ferme
2023F2308601,Accord-cadre pour la fourniture de matériel de plomberie et de chauffage sanitaire,40000.0,39715000-7,Mobilier & ménager,Appel d'offres ouvert,2023-12-14,21780168700096,,56382048900182,,coignières,Révisable
2024V2401000100,FOURNITURE MATERIAUX DE CONSTRUCTION,80000.0,44110000-4,Matériaux de construction,Procédure adaptée,2023-12-14,21640260200017,,77811582401699,,HENDAYE,Ferme
2024V2400900100,FOUTNITURE MATERIEL ELECTRIQUE,89000.0,31600000-2,Matériel électrique,Procédure adaptée,2023-12-14,21640260200017,,31988334400115,,HENDAYE,Ferme
202398753400,Réaménagement de l'Hôtel Communautaire à Maizières-lès-Metz: Lot 8: Chauffage - Ventilation - Sanitaires,68125.0,39715200-9,Mobilier & ménager,Procédure adaptée,2023-12-14,20003994900017,,41773641000040,,Maizières-lès-Metz,Ferme
202398507200,Aménagement de la Crèche intercommunale de Moustiers-Sainte-Marie: Lot 10: Peinture,14499.0,44810000-1,Matériaux de construction,Procédure adaptée,2023-12-14,20006743700018,,50393320200023,,MOUSTIERS Sainte MARIE,Révisable
20232300240200,Acquisition de véhicules utilitaires légers: Lot 02 - Véhicule utilitaire léger diesel,50000.0,34144700-5,Transport & véhicules,Procédure adaptée,2023-12-14,21440215800015,,49350358500058,,VERTOU,Ferme
249925893,FOURNITURE DE PRODUITS ALIMENTAIRES: Lot 3: PRODUITS FRAIS,17000.0,15500000-3,Alimentaire,Procédure adaptée,2023-12-14,26570169800010,,55204499202564,2.0,,Unitaire
2023FCS0010200,FOURNITURE DE MATÉRIELS POUR LE MAGASIN DU CTM - PEINTURE,50000.0,44810000-1,Matériaux de construction,Appel d'offres ouvert,2023-12-14,21450252800018,,8568004900971,,PITHIVIERS,Révisable
20236000,"Fourniture de produits d'entretien, d'hygiène et de droguerie pour la ville de Châteaurenard - n° 2023-60: Lot 3: Articles de droguerie, brosserie",40000.0,39830000-9,Mobilier & ménager,Procédure adaptée,2023-12-14,21130027200013,,33321078900082,,CHATEAURENARD,Révisable
2023M23361R00,M23361R : LOT 4 - FOURNITURE DE MATÉRIEL ET DE PRODUITS D'HYGIÈNE POUR MAMMIFÈRES ET OISEAUX,140000.0,39312000-2,Mobilier & ménager,Appel d'offres ouvert,2023-12-14,24450046800040,,33786045600017,,ORLEANS LA SOURCE,Révisable
2024V2400500100,FOURNITURE MATERIEL QUINCAILLERIE,89000.0,44316000-8,Matériaux de construction,Procédure adaptée,2023-12-14,21640260200017,,32938015800082,,HENDAYE,Ferme
2023020700,FOURNITURE MOBILIERS BOIS 4 LOTS ANNEE 2023,200000.0,34928400-2,Transport & véhicules,Appel d'offres ouvert,2023-12-14,20005684400018,,48018007400027,,LA MANCHE,Révisable
2023011-TV00,LOT 11 CHAUFFAGE - VENTILATION - PLOMBERIE SANITAIRES,43012.87,39715000-7,Mobilier & ménager,Procédure adaptée,2023-12-14,21310230400010,,30586851500043,,Gratentour,Ferme et actualisable
2023290100,VEHICULE ESSENCE - VERSION PM - EQUIPEMENT CYNOPHILE,42234.77,34114200-1,Transport & véhicules,Procédure adaptée,2023-12-14,21060152200175,,44216571800028,,VALBONNE,Ferme
2024017200,CGA MED KENGREXAL,199999.0,33600000-6,Matériel médical,Marché négocié sans publicité ni mise en concurrence préalable,2023-12-14,26310012500016,,38519498000012,,Occitanie,Ferme et actualisable
202323004100100,FOURNITURE PANNEAUX JALONNEMENT DYNAMIQUE PARKINGS AUTOMATIQ,82760.0,34992000-7,Transport & véhicules,Procédure adaptée,2023-12-14,21260198300019,,48769144600024,,MONTELIMAR,Ferme
20232023F1800,FOURNITURE DE TITRES RESTAURANT,180000.0,30199770-8,Informatique & bureautique,Procédure adaptée,2023-12-14,25870858500033,,39336513500358,,LE PALAIS SUR VIENNE,Ferme
202398506700,Aménagement de la Crèche intercommunale de Moustiers-Sainte-Marie: Lot 6: Menuiseries aluminium,76556.0,44220000-8,Matériaux de construction,Procédure adaptée,2023-12-14,20006743700018,,44200674800028,,MOUSTIERS Sainte MARIE,Révisable
20236000,"Fourniture de produits d'entretien, d'hygiène et de droguerie pour la ville de Châteaurenard - n° 2023-60: Lot 1: Produits de nettoyage Ecoresponsable / naturels",80000.0,39830000-9,Mobilier & ménager,Procédure adaptée,2023-12-14,21130027200013,,33321078900082,,CHATEAURENARD,Révisable
20242023060100,MATERIELS PROTECTION TRAVAIL EN HAUTEUR ET FORMATION,100000.0,35112000-2,Sécurité & défense,Procédure adaptée,2023-12-14,28020001500145,,6020078900018,,SDIS 02,Révisable
2023F2308600,Accord-cadre pour la fourniture de matériel de plomberie et de chauffage sanitaire,40000.0,39715000-7,Mobilier & ménager,Appel d'offres ouvert,2023-12-14,21780168700096,,56382048900182,,coignières,Révisable
202324M0000400,MOBILIERS DE STATIONNEMENT VELOS,1200000.0,34928400-2,Transport & véhicules,Appel d'offres ouvert,2023-12-14,20000332500020,,49179542300038,,ALES,Révisable
2023-0700,FOURNITURE D'EQUIPEMENTS DE PROTECTION INDIVIDUELLE,55000.0,18143000-3,Vêtements,Procédure adaptée,2023-12-14,83432932800027,,33979890200021,,Périmètre Régie,Ferme et actualisable
20231259700,FOURNITURES PERIPHERIQUES INFORMATIQUES ET PRESTATIONS ASSOCIEES,600000.0,30232000-4,Informatique & bureautique,Appel d'offres ouvert,2023-12-14,20005374200017,,32529136700093,,HAUTS DE FRANCE,Révisable
202323FA210100,FOURNITURE DE GILETS ANTI-AGRESSION ET PRESTATIONS ASSOCIEES,120000.0,35113400-3,Sécurité & défense,Procédure adaptée,2023-12-14,28600001300032,,30077476700069,,SDIS60,Ferme et actualisable
2023232000,FORNITURE BORNE ARRET MINUTE,140000.0,31224500-7,Matériel électrique,Appel d'offres ouvert,2023-12-14,21730065600014,,50864225300019,,Commune de Chambéry,Ferme
202398753300,Réaménagement de l'Hôtel Communautaire à Maizières-lès-Metz: Lot 7: Electricité,63700.0,31214500-4,Matériel électrique,Procédure adaptée,2023-12-14,20003994900017,,40986811400169,,Maizières-lès-Metz,Ferme
2023FCS0010300,FOURNITURE DE MATÉRIELS POUR LE MAGASIN DU CTM - PLOMBERIE,40000.0,44115210-4,Matériaux de construction,Appel d'offres ouvert,2023-12-14,21450252800018,,56382048900182,,PITHIVIERS,Révisable
2023077LU00,ACHAT PLACES FOOTBALL SAISON 2023-2024,50000.0,22459000-2,Imprimés,Marché négocié sans publicité ni mise en concurrence préalable,2023-12-14,20006925000013,,41938899600045,,TROYES,Ferme
20232023S0015100,"Lot 1 - Commercialisation, exploitation et supervision du réseau IRVE",1600000.0,32425000-8,Télécommunications,Appel d'offres ouvert,2023-12-14,25560110600024,,81861122000018,,(56) Morbihan,Révisable
20232300023 0200,Lot 2 Location chargeuse puissance 60-80 cv,80000.0,34144710-8,Transport & véhicules,Procédure adaptée,2023-12-14,21740208000014,,32353144200057,,PASSY,Révisable
20232023TI100100,MDM (MOBILE DEVICE MANAGEMENT),60000.0,48218000-9,Logiciels,Procédure adaptée,2023-12-14,21310149600015,,32410382900721,,COLOMIERS CEDEX,Ferme
202400200,LOT 1 - FOURNITURE TRANSPORT ET MISE EN PLACE DE CONTENEURS SEMI ENTERRES,152620.0,44613800-8,Matériaux de construction,Procédure adaptée,2023-12-14,24530022300055,,48499957800038,,Meslay-du-Maine,Ferme
2023H00,INSTALLATION DEBIMETRE ELECTROMAGNETIQUE BARRAGE DE MONTBEL,129541.0,38421000-2,Instruments de mesure,Procédure adaptée,2023-12-14,25310165300058,,58080081100086,,Labège,Ferme
2024V2400400100,FOURNITURE SERRURERIE,50000.0,44316510-6,Matériaux de construction,Procédure adaptée,2023-12-14,21640260200017,,56080040100302,,HENDAYE,Ferme
249925882,FOURNITURE DE PRODUITS ALIMENTAIRES: Lot 2: SURGELES,20000.0,15896000-5,Alimentaire,Procédure adaptée,2023-12-14,26570169800010,,55204499202564,2.0,,Unitaire
2024V2401100100,FOURNITURE AMPOULE,85000.0,31531000-7,Matériel électrique,Procédure adaptée,2023-12-14,21640260200017,,30930461605851,,HENDAYE,Ferme
2023-005-03_100,Acquisition de matériel informatique-Lot 1 Gros matériel,58000.0,30213300-8,Informatique & bureautique,Procédure adaptée,2023-12-14,25840234600013,,43407657600017,,Apt,Révisable
202398410900,Travaux d'installation d'un débitmètre électromagnétique - Barrage de Montbel (09600),129541.0,38421000-2,Instruments de mesure,Procédure adaptée,2023-12-14,25310165300058,,58080081100086,,Barrage de Montbel,Ferme et actualisable
202323PA320200,FOURGON POLYBENNE POUR LE SERVICE ÉVÈNEMENTIEL LOT 2,40700.0,34100000-8,Transport & véhicules,Procédure adaptée,2023-12-14,21850047800209,,45123122900068,,CHALLANS,Ferme
2023EQUIPLUDI00,MARCHES DE TRAVAUX POUR LA EALISATION DES EQUIPEMENTS LUDIQUES EAT SECTEUR POINTE-MARIN12,52950.0,44211000-2,Matériaux de construction,Procédure adaptée,2023-12-14,21972226100019,,89007488300012,,SAINTE-ANNE,Ferme
202320200,BATTERIES,80000.0,31440000-2,Matériel électrique,Appel d'offres ouvert,2023-12-14,21974015600019,,47967345100023,,SAINT-PAUL,Révisable
2023MODUL_100,INSTALLATION D UN BATIMENT MODULAIRE,300000.0,44211100-3,Matériaux de construction,Procédure adaptée,2023-12-14,20000480200019,,89229832400013,,FAYENCE,Révisable
20242023-5600,APPROVISIONNEMENT DE SACS POUBELLES TRANSLUCIDES JAUNES 2024-2026,180000.0,18937000-6,Vêtements,Procédure adaptée,2023-12-14,20007298100042,,58605007200014,,Cléré-les-Pins,Révisable
249925904,FOURNITURE DE PRODUITS ALIMENTAIRES: Lot 4: EPICERIE,22500.0,15894700-8,Alimentaire,Procédure adaptée,2023-12-14,26570169800010,,47698032100279,2.0,,Unitaire
20232319800,AMENAGEMT DE LOC EN MODULAIRE CCAS ET LE PCVL BELLEMENE,92331.43,44211100-3,Matériaux de construction,Procédure adaptée,2023-12-14,21974015600019,,50281615000010,,SAINT-PAUL,Révisable
202400800100,FOURNITURE PEINTURE,40000.0,44810000-1,Matériaux de construction,Procédure adaptée,2023-12-14,21640260200017,,48141702000015,,HENDAYE,Ferme
2023X14400,FOURNITURE ET POSE DE MATERIELS DE SIGNALISATION VERTICALE RELANCE,3200000.0,34992200-9,Transport & véhicules,Appel d'offres ouvert,2023-12-14,22880001700011,,33220145800061,,LES VOSGES,Révisable
202323FCS1200100,FOURNITURES DE PAINS OFFICES REST SCO - PERISCO - CDL - SMAD,600000.0,15811100-7,Alimentaire,Appel d'offres ouvert,2023-12-14,24910055300059,,61365069600214,,ETRECHY,Révisable
20236000,"Fourniture de produits d'entretien, d'hygiène et de droguerie pour la ville de Châteaurenard - n° 2023-60: Lot 2: Ouaterie, produits d'essuyage et hygiène corporell",88000.0,39830000-9,Mobilier & ménager,Procédure adaptée,2023-12-14,21130027200013,,33321078900082,,CHATEAURENARD,Révisable
20232024F0000200,FOURNITURE ET POSE D’ABRIS VOYAGEURS DESTINÉS A ÉQUIPER LES ARRETS DE BUS DU RÉSEAU DE TRANSPORT COLLECTIF DE SAINT-MALO AGGLOMÉRATION ET DE MOBILIERS DE STATIONNEMENTS VÉLOS DESTINÉS A ÉQUIPER LES POINTS D’INTERMODALITÉS DE TRANSPORT DE SAINT-MALO AGGLOM,150000.0,44212321-5,Matériaux de construction,Appel d'offres ouvert,2023-12-14,24350078200079,,40856868100048,,(35) Ille-et-Vilaine,Révisable
2023000000040500,FABRICATION FOURNITURE POSE DE MOBILIER SIGNALETIQUE TOP DEPART CYCLISTES DANS LE CADRE RESEAU POINTS NOEUDS,200000.0,34928400-2,Transport & véhicules,Procédure adaptée,2023-12-14,24590042800013,,84091096200017,,DUNKERQUE,Révisable
2023FCS0010100,FOURNITURE DE MATÉRIELS POUR LE MAGASIN DU CTM - ÉLECTRICITÉ,60000.0,31600000-2,Matériel électrique,Appel d'offres ouvert,2023-12-14,21450252800018,,30930461605851,,PITHIVIERS,Révisable
2023000000031600,ACQUISITION ET SUPPORT SOLUTIONS LOGICIELLES POUR LA GESTION DES PARCS NUMERIQUES,900000.0,48000000-8,Logiciels,Appel d'offres ouvert,2023-12-14,22560001400016,,84484409200164,,MORBIHAN,Révisable
2023020200,FOURNITURE MOBILIERS BOIS 4 LOTS ANNEE 2023,80000.0,34928400-2,Transport & véhicules,Appel d'offres ouvert,2023-12-14,20005684400018,,39282364700053,,LA MANCHE,Révisable
2023RLV230450300,Achat de livres et documents de bibliothèques pour les bibliothèques du réseau de lecture publique de Riom Limagne et Volcans - Lot 3 : BD et Manga,78300.0,22113000-5,Imprimés,Appel d'offres ouvert,2023-12-13,20007075300013,,41116967500047,,Riom-Cedex,Ferme et actualisable
2023B230381100,RESTRUCTURATION DP CUFFIES LOT 11,82000.0,39314000-6,Mobilier & ménager,Procédure adaptée,2023-12-13,22020002600015,,43241349000025,,DEPARTEMENT DE L'AISNE,Révisable
2023CP025F00,FOURNITURE DE PIECES DETACHEES D ORIGINE RENAULT VEHICULES INDUSTRIELS GARANTIE CONSTRUCTEUR,60000.0,34300000-0,Transport & véhicules,Appel d'offres ouvert,2023-12-13,22400001800016,,89725047800020,,Département des Landes,Révisable
20232023F0001000,Fourniture et installation de signalisation directionnelle et d'information locale,210000.0,34992200-9,Transport & véhicules,Procédure adaptée,2023-12-13,20008679100015,,42189620000308,,(56) Morbihan,Révisable
2023-090100,FOURNITURES PEDAGOGIQUES,40000.0,39162110-9,Mobilier & ménager,Appel d'offres ouvert,2023-12-13,21310157900018,,44455346500014,,CUGNAUX,Révisable
2023-090300,"LIVRES SCOLAIRES,PARASCOLAIRES, BIBLIOTHEQUE",120000.0,22111000-1,Imprimés,Appel d'offres ouvert,2023-12-13,21310157900018,,40149482800031,,CUGNAUX,Ferme
202307FLOTTEA00,LOT3,57894.78,34100000-8,Transport & véhicules,Procédure adaptée,2023-12-13,25972010000025,,34449934800078,,FORT DE FRANCE CEDEX,Ferme
2023M012315L01,"Acquisition en ligne de produits d'entretien, matériels et consommables divers - Groupement de commandes",600000.0,39830000-9,Mobilier & ménager,Appel d'offres ouvert,2023-12-13,20001065000055,,54282002200029,,Dole,Révisable
2023RLV230450500,Achat de livres et documents de bibliothèques pour les bibliothèques du réseau de lecture publique de Riom Limagne et Volcans - Lot 5 : Abonnement presse française et étrangère,61200.0,22113000-5,Imprimés,Appel d'offres ouvert,2023-12-13,20007075300013,,59205876200036,,Riom-Cedex,Ferme et actualisable
2023Z230349A0000,Z230349A00 LOT 1: ACTUALISATION DE L'OCCUPATION DU SOL A GRANDE ECHELLE 2022 AVEC ANALYSE DIACHRONIQUE 2009/2022/2017/2022 ET PRISE EN COMPTE DE L'ARTIFICIALISATION DES SOLS,124900.0,30220000-7,Informatique & bureautique,Procédure adaptée,2023-12-13,20005480700017,,33803439000124,,MARSEILLE CEDEX 02,Révisable
202323M58V00,LOT2 : PRODUITS LAITIERS,500000.0,15500000-3,Alimentaire,Appel d'offres ouvert,2023-12-13,21860066600018,,30578592500127,,CHATELLERAULT CEDEX,Révisable
20232024F0001000,"La prestation attendue consiste en la fourniture d'équipements hydro-économes. Ces équipements sont pour un usage « domestique ». - Ecossacs, sacs débimètres, sabliers et chronomètres",30000.0,38400000-9,Instruments de mesure,Procédure adaptée,2023-12-13,25350262900020,,50404841400040,,(35) Ille-et-Vilaine,Révisable
2498902610,Travaux de construction d'une bibliothèque communale à Thoiry: Lot 10: Chauffage - Ventilation - Plomberie - Sanitaire,156593.0,44115220-7,Matériaux de construction,Procédure adaptée,2023-12-13,21010419600014,,78939650400019,1.0,,Forfaitaire
20232310600,MAINTIEN OPE EXT VIDEO PROTECTION,1000000.0,32323500-8,Télécommunications,Marché négocié sans publicité ni mise en concurrence préalable,2023-12-13,21340003900011,,40986794200396,,AGDE,Révisable
2024202315_L0300,FOURNITURE ET LIVRAISON DE LIVRES IMPRIMES NEUFS NON SCOLAIRES A DESTINATION DE L ATELIER LEONARD DE VINCI ET DES BIBLIOTHEQUES MUNICIPALES DE VAULX EN VELIN BANDES DESSINEES TOUS PUBLICS,52000.0,22113000-5,Imprimés,Procédure adaptée,2023-12-13,21690256900013,,43363179300026,,VAULX-EN-VELIN,Ferme
2023112GRAVI0200,"FOURNITURE DE MATERIAUX POUR L'ENTRETIEN DES VOIES DE LA COMPETENCE DE LA CCGSTG82_LOT 2- FOURNITURE ET TRANSPORT DE GRAVIERS DE GARONNE CONCASSES LAVES 2/6, 4/6, 6/10",62340.0,44113610-4,Matériaux de construction,Procédure adaptée,2023-12-13,20006665200013,,30950596400010,,Labastide-Saint-Pierre,Révisable
202309_23L0200,Lot 02 - Fromage,128000.0,15540000-5,Alimentaire,Appel d'offres ouvert,2023-12-13,21971128000012,,41094928300031,,STE ANNE,Révisable
20232023F0017500,Fourniture de blocs secours et d'alarmes incendie,35560.0,31625200-5,Matériel électrique,Appel d'offres ouvert,2023-12-13,21350238800019,,30930461603005,,(35) Ille-et-Vilaine,Révisable
20232023F0011700,"Renouvellement des licences Autocad et Autocad LT, fourniture de nouvelles licences, leur maintenance, et formation des agents de la ville.",200000.0,48900000-7,Logiciels,Procédure adaptée,2023-12-13,21560260800014,,48997240600073,,(56) Morbihan,Révisable
202309_23L3300,Lot 33 - Légumes surgelés,60000.0,15331170-9,Alimentaire,Appel d'offres ouvert,2023-12-13,21971128000012,,41094928300031,,STE ANNE,Révisable
24265,FOURNITURE ET LIVRAISON DES EQUIPEMENTS DES METIERS DE MAINTENANCE AUTO MOTO ET TRAVAIL DU BOIS DE LA CMAR PACA: Lot 5: Outillage électroportatif - CFAR Campus de La Seyne et Gap,2379.0,39162100-6,Mobilier & ménager,Appel d'offres ouvert,2023-12-13,13002087800240,,38493364400278,1.0,,Unitaire
20232023A050000,SÉCURISATION DACCÈS AUX PYLÔNES,170000.0,44212261-6,Matériaux de construction,Procédure adaptée,2023-12-13,28280036600027,,44532841200025,,CHARTRES,Révisable
202316610000000,Acquisition d'une unité mobile Nord Santé Prévention pour le Département du Nord,1194836.0,33100000-1,Matériel médical,Appel d'offres ouvert,2023-12-13,22590001801244,,84483384800014,,LILLE,Révisable
2023232100,EXTENSION ET MAINTENANCE DU SYSTEME DE VIDEO PROTECTION ET DE LA FIBRE OPTIQUE,1105238.4,35125300-2,Sécurité & défense,Procédure adaptée,2023-12-13,21690199100010,,43190395400029,,ST FONS,Révisable
2023RLV230450400,Achat de livres et documents de bibliothèques pour les bibliothèques du réseau de lecture publique de Riom Limagne et Volcans - Lot 4 : DVD,57600.0,22113000-5,Imprimés,Appel d'offres ouvert,2023-12-13,20007075300013,,31752630900057,,Riom-Cedex,Ferme et actualisable
202320000,PNEUMATIQUE VL VU 4X4 REMORQUES,320000.0,34350000-5,Transport & véhicules,Appel d'offres ouvert,2023-12-13,21974015600019,,75072122700015,,SAINT-PAUL,Révisable
249890248,Travaux de construction d'une bibliothèque communale à Thoiry: Lot 8: Serrurerie - Métallerie,88773.0,44316500-3,Matériaux de construction,Procédure adaptée,2023-12-13,21010419600014,,44261262800028,2.0,,Forfaitaire
202323071_500,Maintenance des logiciels de gestion de l'urbanisme - Formations et interventions,40000.0,48000000-8,Logiciels,Marché négocié sans publicité ni mise en concurrence préalable,2023-12-13,21110069800011,,34054699300668,,CARCASSONNE,Ferme
24267,FOURNITURE ET LIVRAISON DES EQUIPEMENTS DES METIERS DE MAINTENANCE AUTO MOTO ET TRAVAIL DU BOIS DE LA CMAR PACA: Lot 7: Outil de débosselage - CFAR Campus des Arcs,4990.0,39162100-6,Mobilier & ménager,Appel d'offres ouvert,2023-12-13,13002087800240,,38493364400278,1.0,,Unitaire
20240100,Prestation de service repas et goûters,102489.0,15893100-5,Alimentaire,Procédure adaptée,2023-12-13,24350076600023,,33415947200458,,Montgermont,Révisable
20232023F0005800,"Fourniture, livraison et pose de mobiliers pour le hall d'accueil, les bureaux et les locaux du personnel de la piscine de la Guerche de Bretagne - Acquisition de mobiliers pour les bureaux et locaux du personnel",14799.02,39263000-3,Mobilier & ménager,Procédure adaptée,2023-12-13,20003902200013,,42133938300091,,(35) Ille-et-Vilaine,Ferme
202398547800,POSE DE GRILLES DE SECURITEAIRE D'ACCUEIL DES GENS DU VOYAGEDJANGO REINHARDT A LIMOGES,4178.0,44316500-3,Matériaux de construction,Marché passé sans publicité ni mise en concurrence préalable,2023-12-13,24871931200162,,75850129000038,,LIMOGES,Ferme et actualisable
202320100,PNEUMATIQUE PL ENGINS,120000.0,34350000-5,Transport & véhicules,Appel d'offres ouvert,2023-12-13,21974015600019,,75072122700015,,SAINT-PAUL,Révisable
2023A0314L1300,Fournitures et livraison de denrées alimentaires pour les besoins du Département. Lot 13 Produits issus de l'agriculture biologique.,500000.0,15500000-3,Alimentaire,Appel d'offres ouvert,2023-12-13,22060001900016,,44236533400014,,Département Alpes Maritimes,Révisable
2024-restaur0100,fournitures de repas en liaison chaude restauration scolaire et ALSH,63507.11,15894210-6,Alimentaire,Procédure adaptée,2023-12-13,21620560900011,,66202519660347,,marquise,Ferme et actualisable
2023B230381200,RESTRUCTURATION DP CUFFIES LOT 12,191647.23,44211100-3,Matériaux de construction,Procédure adaptée,2023-12-13,22020002600015,,43505508200042,,DEPARTEMENT DE L'AISNE,Révisable
202309_23L2900,Lot 29 - Viandes porcines surgelées,88000.0,15872200-3,Alimentaire,Appel d'offres ouvert,2023-12-13,21971128000012,,78574231300147,,STE ANNE,Révisable
202309_23L2700,Lot 27 - Viandes ovines et caprines surgelés,208000.0,15896000-5,Alimentaire,Appel d'offres ouvert,2023-12-13,21971128000012,,41094928300031,,STE ANNE,Révisable
202309_23L3000,Lot 30 - Volaille et lapin surgelés,256000.0,15896000-5,Alimentaire,Appel d'offres ouvert,2023-12-13,21971128000012,,39038469100049,,STE ANNE,Révisable
20230123095600,Serveurs DELL (3) (CENTRALE ACHAT),64768.72,48822000-6,Logiciels,Procédure adaptée,2023-12-13,21100374400011,,13000501000025,,TROYES,Ferme
2023JFN00100,ACQUISITION DE BERCE A EAU AMOVIBLE POUR LA VILLE DE TARBES,120000.0,44613210-5,Matériaux de construction,Marché négocié sans publicité ni mise en concurrence préalable,2023-12-13,21650440700018,,77716025000026,,TARBES,Ferme
2023112GRAVI0200,"FOURNITURE DE MATERIAUX POUR L'ENTRETIEN DES VOIES DE LA COMPETENCE DE LA CCGSTG82_LOT 2- FOURNITURE ET TRANSPORT DE GRAVIERS DE GARONNE CONCASSES LAVES 2/6, 4/6, 6/10",249360.0,44113610-4,Matériaux de construction,Procédure adaptée,2023-12-13,20006665200013,,30950596400010,,Labastide-Saint-Pierre,Révisable
2023RLV230450100,Achat de livres et documents de bibiothèques pour les bibliothèques du réseau de lecture publique de Riom Limagne et Volcans - Lot 1 : Fiction,243300.0,22113000-5,Imprimés,Appel d'offres ouvert,2023-12-13,20007075300013,,95651314700192,,Riom-Cedex,Ferme et actualisable
202309_23L0400,Lot 04 - Salaisons,64000.0,15131200-7,Alimentaire,Appel d'offres ouvert,2023-12-13,21971128000012,,39038469100049,,STE ANNE,Révisable
202309_23L3200,Lot 32 - Poissons surgelés,472000.0,15221000-3,Alimentaire,Appel d'offres ouvert,2023-12-13,21971128000012,,41094928300031,,STE ANNE,Révisable
202323APTPB18800,08 MENUISERIES INTERIEURES,148282.0,44220000-8,Matériaux de construction,Procédure adaptée,2023-12-13,24400080800067,,79787284300017,,MONT DE MARSAN,Ferme et actualisable
2024000500500000,REAMENAGEMENT RDC SEVRES_LOT5_PEINTURE DES SOLS,47000.0,44810000-1,Matériaux de construction,Procédure adaptée,2023-12-13,26920154700016,,31581422800021,,11 - Île-de-France,Ferme
202423150240100,FOURNITURE REPAS ET GOUTERS ET DIVERSES PRESTATIONS,1100000.0,38343000-1,Instruments de mesure,Appel d'offres ouvert,2023-12-13,21910479100013,,33825313110992,,PARAY-VIEILLE-POSTE CEDEX,Révisable
24262,FOURNITURE ET LIVRAISON DES EQUIPEMENTS DES METIERS DE MAINTENANCE AUTO MOTO ET TRAVAIL DU BOIS DE LA CMAR PACA: Lot 2: Matériels Travail du Bois - CFAR Campus de Gap,1613.0,39162100-6,Mobilier & ménager,Appel d'offres ouvert,2023-12-13,13002087800240,,38493364400278,1.0,,Unitaire
24266,FOURNITURE ET LIVRAISON DES EQUIPEMENTS DES METIERS DE MAINTENANCE AUTO MOTO ET TRAVAIL DU BOIS DE LA CMAR PACA: Lot 6: Station de rivetage - CFAR Campus de La Seyne,7988.0,39162100-6,Mobilier & ménager,Appel d'offres ouvert,2023-12-13,13002087800240,,38493364400278,1.0,,Unitaire
20232023F0002200,Construction d’un établissement d’accueil de jeunes enfants (EAJE) sur la commune d’Iffendic. - Équipements de cuisine,45137.48,39221000-7,Mobilier & ménager,Procédure adaptée,2023-12-13,24350055000153,,49872106700359,,(35) Ille-et-Vilaine,Révisable
202323DSI13000,POSE ET / OU DÉPOSE DE LA SOLUTION  BILLETTIQUE,200000.0,44300000-3,Matériaux de construction,Procédure adaptée,2023-12-12,20007535600010,,84437345600012,,FORT DE FRANCE,Révisable
2023-270000,TITRES RESTAURANTS,399000.0,30199770-8,Informatique & bureautique,Appel d'offres ouvert,2023-12-12,21310157900018,,34039306500321,,CUGNAUX,Ferme
2023M23030500,LOT 3 - FAMILLE CONTACT ALIMENTAIRE - PRODUITS ENTRETIEN ET MATERIELS RESTAURANTS,40000.0,39224100-9,Mobilier & ménager,Marché négocié sans publicité ni mise en concurrence préalable,2023-12-12,21974011500015,,32365068900017,,SAINT-DENIS,Révisable
202400500,"Fournitures diverses: Lot 5 : fournitures de produits det#8217,entretien",50000.0,39800000-0,Mobilier & ménager,Appel d'offres ouvert,2023-12-12,78070570300012,,39259851200060,,CALVADOS,Révisable
202323M07CCAS00,LOT 2: produits laitiers,240000.0,15500000-3,Alimentaire,Appel d'offres ouvert,2023-12-12,26860004600232,,38500623400350,,CHATELLERAULT CEDEX,Révisable
2023Z230257F0001,Z230257F00  LOT.3 CHAUSSANTS,1800000.0,18100000-0,Vêtements,Appel d'offres ouvert,2023-12-12,20005480700017,,56382048900182,,MARSEILLE CEDEX 02,Révisable
202398449600,Marché public relatif à la rénovation de l'éclairage public de l'ensemble de la commune passage en LED intégralement sur l'ensemble des luminaires extérieurs de la voirie et des bâtiments municipaux,155988.0,31527200-8,Matériel électrique,Procédure adaptée,2023-12-12,21910159900062,,74725106400024,,Chevannes,Ferme
2023086P0100,ACQUISITION D'EQUIPEMENTS ELECTRIQUES ET D'ECLAIRAGE,50000.0,31000000-6,Matériel électrique,Appel d'offres ouvert,2023-12-12,24840023600175,,30930461604425,,ORANGE,Révisable
20232023047L3A00,SERRURERIE METALLIQUE VERRIERE,40092.15,44316500-3,Matériaux de construction,Procédure adaptée,2023-12-12,21490328800014,,81117147900017,,SAUMUR,Révisable
2024V2400600100,FOURNITURE PLOMBERIE,50000.0,44115210-4,Matériaux de construction,Procédure adaptée,2023-12-12,21640260200017,,57214188502180,,HENDAYE,Ferme
202400200,Fournitures diverses: Lot 2 : fournitures de matériels électriques,50000.0,31600000-2,Matériel électrique,Appel d'offres ouvert,2023-12-12,78070570300012,,58050115300044,,CALVADOS,Révisable
202323A0310L0200,Fourniture de matériaux de construction ARDPAO - Lot n°2 : Coursegoules et Roquesteron,80000.0,44110000-4,Matériaux de construction,Procédure adaptée,2023-12-12,22060001900016,,48765225700022,,Département Alpes Maritimes,Révisable
202323003000,"MARCHÉ D?INSTALLATION, DE LOCATION ET DE MAINTENANCE D?UNE ARMOIRE FORTE DESTINÉE À LA CONSERVATION DES ARMES ET MUNITIONS UTILISÉES PAR LA POLICE MUNICIPALE D?ARGENTEUIL",79336.0,44421300-0,Matériaux de construction,Procédure adaptée,2023-12-12,21950018800012,,50260222000043,,ARGENTEUIL CEDEX,Ferme
202323MAIEXT2500,"Contrôle périodique, entretien et maintenance des extincteurs",48000.0,35111320-4,Sécurité & défense,Procédure adaptée,2023-12-12,28880001400020,,38021235700087,,GOLBEY,Ferme
2023230720100,MAINTENANCE CORRECTIVE  PLATEFORME PARTICIPATION CITOYENNE,138400.0,30211300-4,Informatique & bureautique,Procédure adaptée,2023-12-12,21490007800012,,82041216100011,,ANGERS,Ferme
2023T0119APATN00,PERIMETRE DE SCHWEIGHOUSE SUR MODER ET ENVIRONS  COMMUNE DE SCHWEIGHOUSE SUR MODER  CONSTRUCTION D,1333782.24,39350000-0,Mobilier & ménager,Procédure adaptée,2023-12-12,25670115200025,,58850525500020,,BAS-RHIN,Révisable
2023I180100,FOURNITURE MATERIEL ELECTRIQUE ET SPÉCIFIQUE EP,600000.0,31000000-6,Matériel électrique,Appel d'offres ouvert,2023-12-12,20003920400017,,82448465300012,,TERRITOIRE DE LA CCLO,Révisable
202323PS023PS00,MARCHE DE FOURNITURES ET SERVICES POUR LE PARC INFORMATIQUE REGIE,150000.0,30211400-5,Informatique & bureautique,Appel d'offres ouvert,2023-12-12,87995525000011,,79122344900020,,ST PAUL,Ferme
202423C00380300,ACQ DE VEHICULES DE TRANSPORT - AUTOCAR STANDARD,198443.0,34121000-1,Transport & véhicules,Procédure adaptée,2023-12-12,20002337200010,,37849355500015,,CHAMONIX,Ferme
202423C00380100,ACQ DE VEHICULES DE TRANSPORT - MINIBUS,47726.0,34121000-1,Transport & véhicules,Procédure adaptée,2023-12-12,20002337200010,,37849355500015,,CHAMONIX,Ferme
20232023MARMOB00,MARENDA LACAN : MOBILIER,58333.33,39151000-5,Mobilier & ménager,Procédure adaptée,2023-12-12,41441642000043,,,,ANTIBES JUAN LES PINS,Ferme
202400300,Fournitures diverses: Lot 3 : fournitures de papier peint et peinture,50000.0,39190000-0,Mobilier & ménager,Appel d'offres ouvert,2023-12-12,78070570300012,,90578047400128,,CALVADOS,Révisable
2023ABF000021601,"ACQUISITION,GARANTIE ET MAINTENANCE DE PERIPHERIQUES D'IMPRESSION ET NUMERISATION POUR LA CTM - lot 2",60000.0,30120000-6,Informatique & bureautique,Appel d'offres ouvert,2023-12-12,20005550700012,,34058517300024,,FORT DE FRANCE,Révisable
2023081214MV00,ACQUISITION D UNE SOLUTION INFORMATIQUE DE SUIVI ET DE GESTION DES DONNEES LIEES A L AMIANTE ET AUX DOSSIERS DE DIAGNOSTICS TECHNIQUES,1920000.0,48611000-4,Logiciels,Appel d'offres ouvert,2023-12-12,21440184600016,,43299378000043,,SAINT-NAZAIRE,Révisable
202398408900,Marché 5533 SIPLEC - Fourniture de carburants et de cartes accréditives pour les véhicules de Caen la mer Habitat,160000.0,30163100-0,Informatique & bureautique,Procédure adaptée,2023-12-12,27140002000027,,31528111300052,,CAEN,Révisable
2023XW23007L0100,Marché de fourniture de produits et matériels d'entretien pour les bâtiments et écoles de la Ville de Creutzwald et la Communauté de Communes du Warndt: Lot 1: produits et matériels d\'entretien,131000.0,39812100-8,Mobilier & ménager,Procédure adaptée,2023-12-12,21570160800014,,47783778500013,,CREUTZWALD ET CCW,Révisable
2023ABF000021701,"ACQUISITION,GARANTIE ET MAINTENANCE DE PERIPHERIQUES D'IMPRESSION ET NUMERISATION POUR LA CTM - lot 3",60000.0,30120000-6,Informatique & bureautique,Appel d'offres ouvert,2023-12-12,20005550700012,,34058517300024,,FORT DE FRANCE,Révisable
20232023-1800,PRESTATION DE SERVICE TITRES RESTAURANT,316032.0,30199770-8,Informatique & bureautique,Appel d'offres ouvert,2023-12-12,21220168500014,,64204436600242,,PERROS GUIREC,Ferme
202398313900,"ACCORD-CADRE RELATIF A LA FOURNITURE, LIVRAISON ET POSE DE PARE-BRISES POUR L'ENSEMBLE DES VEHICULES DE LA RTA",425000.0,34913000-0,Transport & véhicules,Procédure adaptée,2023-12-12,78018581500013,,79124423900020,,GAUCHY,Révisable
2023136300,FOURNITURE ET LIVRAISON DU VACCIN BEXSERO,1080000.0,33651600-4,Matériel médical,Procédure négociée avec mise en concurrence préalable,2023-12-12,22340001100076,,64204136200202,,MONTPELLIER,Révisable
202391610100,Marché subséquent n°1 LOT1 Ordinateurs fixes neufs et périphériques associés,300000.0,30230000-0,Informatique & bureautique,Appel d'offres ouvert,2023-12-12,22260001700016,,48464107100010,,VALENCE,Ferme
2023V3D0002PAC00,"V3D0002PA - FOURNITURE, LIVRAISON ET INSTALLATION DE MATERIELS PROFESSIONNELS DE CUISINE POUR LES RESTAURANTS SCOLAIRES  LOT N°3 : LAVE VAISSELLE PROFESSIONNEL",320000.0,39713100-4,Mobilier & ménager,Appel d'offres ouvert,2023-12-12,21340172201787,,33147680400033,,MONTPELLIER,Révisable
2023230404000,FOURNITURES SCOLAIRES DE PAPETERIE ET LOISIRS CREATIFS,78000.0,39162110-9,Mobilier & ménager,Procédure adaptée,2023-12-12,21420207900015,,38370095200013,,SAINT CHAMOND,Ferme
2023086V0100,ACQUISITION D'ÉQUIPEMENTS ÉLECTRIQUES ET  D'ÉCLAIRAGE,950000.0,31000000-6,Matériel électrique,Appel d'offres ouvert,2023-12-12,21840087700013,,30930461605851,,ORANGE,Révisable
20232023-0800,Fourniture de titres restaurant sous forme papier et dématérialisée (2024-2027) - Marché 2023-08,956672.0,30199770-8,Informatique & bureautique,Appel d'offres ouvert,2023-12-12,21310150400016,,34039306500321,,Cornebarrieu,Ferme
202423C00380400,ACQ DE VEHICULES DE TRANSPORT - AUTOBUS STANDARD,238514.0,34121000-1,Transport & véhicules,Procédure adaptée,2023-12-12,20002337200010,,37849355500015,,CHAMONIX,Ferme
2323DSI1300,Pose et / ou  dépose de la solution billettique connectée dans les véhicules de transport urbain pour le compte de martinique transport,200000.0,44300000-3,Matériaux de construction,Procédure adaptée,2023-12-12,20007535600010,,79337996700011,5.0,,Unitaire
202337900,"Achat de vêtements, chaussures et équipements de travail-relance",240000.0,18110000-3,Vêtements,Appel d'offres ouvert,2023-12-12,21340032800018,,45169910200021,,BEZIERS,Révisable
2023135F0100,FOURNITURE DE CERCUEILS,360000.0,39296100-4,Mobilier & ménager,Appel d'offres ouvert,2023-12-12,21840087700013,,48327370200017,,ORANGE,Révisable
202221L0200,Travaux d eclairage public et de reseaux,141267.15,34993000-4,Transport & véhicules,Procédure adaptée,2023-12-12,21590168700016,,85136914000013,,CYSOING,Révisable
2023ABF000021501,"ACQUISITION,GARANTIE ET MAINTENANCE DE PERIPHERIQUES D'IMPRESSION ET NUMERISATION POUR LA CTM - lot 1",150000.0,30120000-6,Informatique & bureautique,Appel d'offres ouvert,2023-12-12,20005550700012,,34058517300024,,FORT DE FRANCE,Révisable
2023081214MV00,ACQUISITION D UNE SOLUTION INFORMATIQUE DE SUIVI ET DE GESTION DES DONNEES LIEES A L AMIANTE ET AUX DOSSIERS DE DIAGNOSTICS TECHNIQUES,800000.0,48611000-4,Logiciels,Appel d'offres ouvert,2023-12-12,24440064400013,,43299378000043,,SAINT-NAZAIRE,Révisable
202391610200,Marché subséquent n°1 LOT2 - Ordinateurs portables neufs et périphériques associés,270000.0,30213100-6,Informatique & bureautique,Appel d'offres ouvert,2023-12-12,22260001700016,,48464107100010,,VALENCE,Ferme
202323M07CCAS00,LOT 2: produits laitiers,240000.0,15500000-3,Alimentaire,Appel d'offres ouvert,2023-12-12,26860004600232,,55204499201335,,CHATELLERAULT CEDEX,Révisable
20237123003300,Z230255F00  LOT.1 VETEMENTS DE TRAVAIL,2800000.0,18100000-0,Vêtements,Appel d'offres ouvert,2023-12-12,20005480700017,,34896817300016,,MARSEILLE CEDEX 02,Révisable
202322N0864-0000,FF - MAINTENANCE DU LOGICIEL MUNICIPOL POUR LA GESTION DE LA POLICE MUNICIPALE ET MODULES ASSOCIES,400000.0,48000000-8,Logiciels,Marché négocié sans publicité ni mise en concurrence préalable,2023-12-12,20003019500115,,48125959600023,,NICE CEDEX 4,Révisable
202323M0059L0000,FOURNITURE ET LIVRAISON DE COUCHES JETABLES,160000.0,33771200-7,Matériel médical,Procédure adaptée,2023-12-12,21060027600013,,37909534200018,,CAGNES SUR MER,Révisable
2023135F0200,"FOURNITURE DE CAPITONS, EMBLEMES, GANTS ET HOUSSES",50000.0,39296000-3,Mobilier & ménager,Appel d'offres ouvert,2023-12-12,21840087700013,,39092042900011,,ORANGE,Révisable
202323M57V00,LOT 1 : EPICERIE,440000.0,15800000-6,Alimentaire,Appel d'offres ouvert,2023-12-12,21860066600018,,47698032100055,,CHATELLERAULT CEDEX,Révisable
2023135F0300,FOURNITURE D'URNES CINERAIRES,50000.0,39296000-3,Mobilier & ménager,Appel d'offres ouvert,2023-12-12,21840087700013,,77564622700055,,ORANGE,Révisable
2023M23-082 L100,M23-082VDC L1 ASPIRATION DE L ATELIER DE MENUISERIE,68900.0,39714110-4,Mobilier & ménager,Procédure adaptée,2023-12-12,21360044800012,,39347227900016,,CHATEAUROUX CEDEX,Ferme
202320230100100,FOURNITURES ADMINISTRATIVES DE BUREAU,60000.0,30192000-1,Informatique & bureautique,Procédure adaptée,2023-12-12,21380169900017,,44455346500014,,FONTAINE,Révisable
249931955,Contrat d'entretien des installations des résidences du patrimoine de Brive Habitat: Lot 05: chauffage individuel ventilation,1183720.0,39715200-9,Mobilier & ménager,Appel d'offres ouvert,2023-12-12,27190310600026,,40970727000032,1.0,,Forfaitaire
202323M06CCAS00,LOT 1: EPICERIE,200000.0,15800000-6,Alimentaire,Appel d'offres ouvert,2023-12-12,26860004600232,,38500623400418,,CHATELLERAULT CEDEX,Révisable
202323PS021PS00,FOURNITURES ET SERVICES POUR LE PARC INFORMATIQUE REGIE,150000.0,30200000-1,Informatique & bureautique,Appel d'offres ouvert,2023-12-12,87995525000011,,79122344900020,,ST PAUL,Ferme
202323V1361-0000,IA200 ACHAT DE JOURNAUX PERIODIQUES EN KIOSQUE POUR LE SERVICE PRESSE DE LA VILLE DE NICE,56000.0,22200000-2,Imprimés,Marché négocié sans publicité ni mise en concurrence préalable,2023-12-12,21060088800015,,37823365400029,,NICE CEDEX 4,Révisable
202400100,Fournitures diverses: Lot 1 : fournitures de quincaillerie,50000.0,44316000-8,Matériaux de construction,Appel d'offres ouvert,2023-12-12,78070570300012,,56382048900182,,CALVADOS,Révisable
249931922,Contrat d'entretien des installations des résidences du patrimoine de Brive Habitat: Lot 02: Automatismes portes automatiques barrières,46320.0,48921000-0,Logiciels,Appel d'offres ouvert,2023-12-12,27190310600026,,34928756500056,1.0,,Forfaitaire
2023RLV230490400,Entretien et réparation des aires d'accueil des gens du voyage et terrains familiaux - Lot 04 : Serrurerie,60000.0,44316500-3,Matériaux de construction,Procédure adaptée,2023-12-12,20007075300013,,34806605100023,,Riom-Cedex,Révisable
20232023F0000100,Fourniture des repas à destination du CIAS pour son activité de portage de repas à domicile sur le territoire de Ploërmel Communauté,215000.0,15894200-3,Alimentaire,Appel d'offres ouvert,2023-12-12,20000130300011,,33415947200458,,(56) Morbihan,Révisable
202423C00380200,ACQ DE VEHICULES DE TRANSPORT - MINICAR,68250.0,34121000-1,Transport & véhicules,Procédure adaptée,2023-12-12,20002337200010,,37849355500015,,CHAMONIX,Ferme
202324109100,ACQUISITION DE MATERIELS TELEPHONIQUES ET PRESTATIONS DE CABLAGES TELEPHONIQUES POUR LES BATIMENTS DE LA VILLE,45000.0,32520000-4,Télécommunications,Procédure adaptée,2023-12-12,21830118200018,,33088446100063,,SAINT-RAPHAEL,Révisable
20242023-0400,FOURNITURE ET ACHEMINEMENT D'ELECTRICITE,190567.94,31682000-0,Matériel électrique,Appel d'offres ouvert,2023-12-12,21450315300014,,55208131717855,,Sully-sur-Loire,Ferme et actualisable
2023Z230256F0000,Z230256F00 LOT 2 EQUIPEMENTS DE PROTECTION FROID ET PLUIE ET VETEMENT HAUTE VISIBILITE,2800000.0,18100000-0,Vêtements,Appel d'offres ouvert,2023-12-12,20005480700017,,92722034300077,,MARSEILLE CEDEX 02,Révisable
202323A0310L0100,"Fourniture de matériaux de construction ARDPAO - Lot n°1 : Centre de Séranon, Gréolières et Saint Auban",80000.0,44110000-4,Matériaux de construction,Procédure adaptée,2023-12-12,22060001900016,,48765225700022,,Département Alpes Maritimes,Révisable
2023A0335L0400,FOURNITURES DE REACTIFS DE LABORATOIRE - LOT 4 MILIEUX BACTEROLOGIQUES PRETS-A-L'EMPLOI,60000.0,33696500-0,Matériel médical,Appel d'offres ouvert,2023-12-12,22060001900271,,31674309500069,,Département Alpes Maritimes,Révisable
2023RLV2242S1200,Marché subséquent no12 - Achat de Licence Office 365 (Accord cadre multi attributaire d'achat de matériel informatique - Lot 2),47616.8,30230000-0,Informatique & bureautique,Procédure adaptée,2023-12-12,20007075300013,,38158988600039,,Riom-Cedex,Ferme
2023SYR23AC2900,"Lots 4, 5, 9 et 10 Jonctions J3UP, Jonctions pour câbles papier, Trousses jonction BT et SYT",3400000.0,31600000-2,Matériel électrique,Procédure négociée avec mise en concurrence préalable,2023-12-11,82362648600018,,9575031100805,,Thônes,Révisable
2023Trx 0300,Remplacement des lanternes de l'éclairage public et du terrain de tennis,137476.0,34928500-3,Transport & véhicules,Procédure adaptée,2023-12-11,21660024700011,,89238003100146,,Le Boulou,Ferme
2023Z00200,FOURN EQUIPT PROTEC INDIV VETEMT TX LOT2 EQUIPEMENTS DE PROTECTION INDIVIDUELLE,60000.0,18300000-2,Vêtements,Appel d'offres ouvert,2023-12-11,21130117100016,,38955720800011,,13127,Révisable
2023AO2302100100,ACCESSOIRES ET CONSOMMABLES POUR MONITEURS PROPACQ M ET XSERIES ET DEFIBRILLATEURS AED 3,100000.0,33140000-3,Matériel médical,Appel d'offres ouvert,2023-12-11,28620001900045,,94565014100027,,SAINT LAURENT BLANGY,Révisable
2023CAO Lot 300,Fournitures de produits de matériels d'entretien et de consommables Lot 3 : Cuisine,48000.0,39830000-9,Mobilier & ménager,Appel d'offres ouvert,2023-12-11,21910689500010,,58206484600022,,Wissous,Révisable
20232023M5200,"Location (transport, installation, gestion technique et dépose inclus) de matériels scéniques, de sonorisation, de lumière, d'écrans LED et de groupe électrogène",49801.5,32342410-9,Télécommunications,Procédure adaptée,2023-12-11,20001865300010,,44150191300012,,POINTE A PITRE,Ferme
2023CAO Lot 100,Fournitures de produits de matériels d'entretien et de consommables Lot 1 : Produits de nettoyage,80000.0,39830000-9,Mobilier & ménager,Appel d'offres ouvert,2023-12-11,21910689500010,,58206484600022,,Wissous,Révisable
202391280300,VEHICULE LOT 5 R-2527 DBEV,56541.0,34100000-8,Transport & véhicules,Procédure adaptée,2023-12-11,21250056500016,,34351099600014,,BESANCON,Ferme
2023022000000000,"Fourniture et livraison de repas en liaison froide et goûters pour la restauration scolaire, les accueils de loisirs, les multi accueils",1186476.0,15894200-3,Alimentaire,Appel d'offres ouvert,2023-12-11,20007101700095,,39051326500020,,Semur-en-Auxois,Révisable
2023230620200,LOCATION MATERIEL SON ET LUMIERE,164500.0,32321300-2,Télécommunications,Procédure adaptée,2023-12-11,21060030000011,,52997567400043,,LE CANNET,Ferme
2023114A2300,2 VEHICULES TYPE BENNES BASCULANTE L2H1,92182.0,34100000-8,Transport & véhicules,Appel d'offres ouvert,2023-12-11,20002359600014,,49874786400011,,DEPARTEMENT HAUTE GARONNE,Ferme
20232023-1900,AMENAGEMENT DU CENTRE BOURG MOBILIERS URBAIN,81686.85,34928400-2,Transport & véhicules,Procédure adaptée,2023-12-11,21971104100018,,33212763800085,,BAILLIF,Ferme
2023EP23150100,CORBEILLES CLICHY,1500000.0,34928480-6,Transport & véhicules,Appel d'offres ouvert,2023-12-11,20005799000034,,33433612000046,,GENNEVILLIERS,Révisable
2023106A2300,ACHAT 2 VEHICULES LEGERS ELECTRIQUES,55943.36,34100000-8,Transport & véhicules,Appel d'offres ouvert,2023-12-11,20002359600014,,90354994700013,,DEPARTEMENT HAUTE GARONNE,Ferme
2024ACENAHVL0100,Marche de Fourniture de produits frais bio HVE pour le groupement de commande de denrees alimentaires des EPLE et structures publiques de la zone Pyrenees Atlantiques / Sud des Landes 2024   Lot 1 4eme et 5eme gamme,76343.15,15000000-8,Alimentaire,Appel d'offres ouvert,2023-12-11,21640410300014,,55204499201863,,Mourenx,Révisable
2023B00100,TRAVAUX NEUFS ET MAINTENANCE DU SYSTEME DE VIDEOPROTECTION ET DES FIBRES D OPTIQUES DE LA COMMUNE DE VITROLLES.,2000000.0,32323500-8,Télécommunications,Procédure adaptée,2023-12-11,21130117100016,,5680065901732,,13127,Ferme
2023Z230258F0000,Z230258F00 LOT 4 GANTS ET EQUIPEMENTS DE PROTECTION INDIVIDUELLE,3200000.0,18100000-0,Vêtements,Appel d'offres ouvert,2023-12-11,20005480700017,,56382048900182,,MARSEILLE CEDEX 02,Ferme
2023110A2300,7 VEHICULES TYPE FOURGON L1H1 1 FOURGON,245090.01,34100000-8,Transport & véhicules,Appel d'offres ouvert,2023-12-11,20002359600014,,49874786400011,,DEPARTEMENT HAUTE GARONNE,Ferme
2023XW23007L0200,Marché de fourniture de produits et matériels d'entretien pour les bâtiments et écoles de la Ville de Creutzwald et la Communauté de Communes du Warndt: Lot 2: Produits d\'essuyage,55500.0,33141117-3,Matériel médical,Procédure adaptée,2023-12-11,21570160800014,,70201410100118,,CREUTZWALD ET CCW,Révisable
20232024F0000700,"Système d'acquisition dynamique pour l'achat de véhicule neufs ou d'occasion - 2023-07-03-5 : Fourniture et livraison d’un véhicule de tourisme thermique de couleur blanche (motorisation au choix diesel, essence, hybride) (Type Citroën C3, Renault Clio, P",13660.43,34100000-8,Transport & véhicules,Appel d'offres ouvert,2023-12-11,20006707200013,,34911449600095,,(29) Finistère,Ferme
2023SP03500,LOCATION DE CHAPITEAUX ET DE FOURNITURES POUR LA MANIFESTATION L'INTERNATIONAL DE PETANQUE A SETE,80000.0,44212320-8,Matériaux de construction,Procédure adaptée,2023-12-11,21340301700014,,41811704000018,,SETE,Révisable
202322N0583-0000,FDB - FOURNITURE DES PRODUITS ET MATERIELS D ENTRETIEN POUR LES VEHICULES DE LA METROPOLE NICE COTE D AZUR,800000.0,39800000-0,Mobilier & ménager,Appel d'offres ouvert,2023-12-11,20003019500115,,30503386200049,,NICE CEDEX 4,Révisable
20230370100,REMPT AMÉLIORATION ÉCLAIRAGES EXISTANTS SITES SPORTIFS SNA,159502.8,31527260-6,Matériel électrique,Procédure adaptée,2023-12-11,20007231200016,,43123125700020,,DOUAINS,Révisable
20232023160300,CHARPENTE BOIS,47264.12,44142000-7,Matériaux de construction,Procédure adaptée,2023-12-11,21370208700015,,32228438100017,,ST AVERTIN,Ferme
2024V2401200100,FOURNITURE BOIS,80000.0,44191000-5,Matériaux de construction,Procédure adaptée,2023-12-11,21640260200017,,70272077200020,,HENDAYE,Ferme
2023M2400006200,FRE ET LIV REPAS CHAUD PERS.AGEE ET PERS.SITUATo HANDICAP,281641.2,15894200-3,Alimentaire,Procédure négociée avec mise en concurrence préalable,2023-12-11,26974018900023,,44931731200030,,STE MARIE,Ferme
2023CAA2303700,TRANSITION LED DES PROJECTEURS SCENIQUES DU DOME THEATRE D'ALBERTVILLE,279305.9,31518100-1,Matériel électrique,Appel d'offres ouvert,2023-12-11,20006899700010,,90148346100017,,ALBERTVILLE/,Ferme
2023000002331200,Achat de bons cadeaux en faveur de l'ensemble des agents de la Collectivité Territoriale de Guyane dans le cadre de la nouvelle année,160000.0,22440000-6,Imprimés,Procédure adaptée,2023-12-11,20005267800014,,49852101200027,,Cayenne,Ferme et actualisable
20232024F0000500,"Système d'acquisition dynamique pour l'achat de véhicule neufs ou d'occasion - 2023-07-03-2 : Fourniture et livraison d’un véhicule électrique utilitaire de couleur blanche (Type Citroën Berlingo, Renault Kangoo, Peugeot Partner ou équivalent) pour le ser",20978.76,34100000-8,Transport & véhicules,Appel d'offres ouvert,2023-12-11,20006707200013,,34911449600095,,(29) Finistère,Ferme
202323013100,FOURNITURE DE COMPOSTEURS BOIS,71276.0,39234000-1,Mobilier & ménager,Appel d'offres ouvert,2023-12-11,20006911000019,,41055382000037,,CHAMBERY,Ferme
2023Z00300,FOURN EQUIPT PROTEC INDIV VETEMT TX LOT3 HABILLEMENT,104000.0,18300000-2,Vêtements,Appel d'offres ouvert,2023-12-11,21130117100016,,51018038300034,,13127,Révisable
2024DG-2023-L300,FOURNITURE ET INSTALLATION D'UNE AIRE DE PIQUE NIQUE + AIRE DE JEUX ENFANTS + MOBILIERS + GRILLAGE ET PORTILLON TENNIS + FILETS TIR A L'ARC +SIGNALETIQUE,106112.0,44423400-5,Matériaux de construction,Procédure adaptée,2023-12-11,21830001000012,,82499951000020,,Les Adrets-de-l'Estérel,Ferme
20230840100,Achat de matériel informatique - Lot 1 - Matériels informatiques,42000.0,30230000-0,Informatique & bureautique,Appel d'offres ouvert,2023-12-11,20002678900053,,33378426200037,,Carcassonne,Révisable
2023112COLAS0100,FOURNITURE DE MATERIAUX POUR L'ENTRETIEN DES VOIES DE LA COMPETENCE DE LA CCGSTG82_LOT 1 FOURNITURE D'EMULSION DE BITUME,656400.0,44113610-4,Matériaux de construction,Procédure adaptée,2023-12-11,20006665200013,,32933888302324,,Labastide-Saint-Pierre,Révisable
2024LIAISONFRO00,MARCHE DE LIAISON FROIDE POUR LE RESTAURANT SCOLAIRE ACCUEIL DE LOISIRS,110037.0,15894210-6,Alimentaire,Procédure adaptée,2023-12-11,21850210200013,,33232304700685,,Saint-Étienne-du-Bois,Révisable
2023CAO Lot 200,Fournitures de produits de matériels d'entretien et de consommables Lot 2 : Hygiène,80000.0,33770000-8,Matériel médical,Appel d'offres ouvert,2023-12-11,21910689500010,,53326478400026,,Wissous,Révisable
2023026700,LOCATION MAINTENANCE D'UNE MACHINE A AFFRANCHIR LE COURRIER AVEC PESEE AU PASSAGE,47920.0,30131400-0,Informatique & bureautique,Procédure adaptée,2023-12-11,20005684400018,,56204623500478,,LA MANCHE,Révisable
2023230022-12200,FOURNITURE DE MATERIEL MEDICAL,72000.0,33100000-1,Matériel médical,Procédure adaptée,2023-12-11,22600001600403,,78826433100042,,BEAUVAIS,Révisable
20232023F0600,Location-maintenance de bacs à ordures ménagères sur le territoire des Abymes,3294515.28,34928480-6,Transport & véhicules,Appel d'offres ouvert,2023-12-11,20001865300051,,32181911200400,,POINTE A PITRE,Révisable
202323PS001PS00,FOURNIT. DE GRPES ELECTROPOMPES AEP,600000.0,31680000-6,Matériel électrique,Appel d'offres ouvert,2023-12-11,87995525000045,,42513780900025,,ST PAUL,Ferme
2023015300,Location 5 véhicules électriques NHN,63611.0,34144900-7,Transport & véhicules,Marché passé sans publicité ni mise en concurrence préalable,2023-12-11,26270874600215,,32989236800021,,eure,Ferme
202398279000,"Rénovation, requalification et renforcement du réseau d'éclairage public",122319.0,34928500-3,Transport & véhicules,Procédure adaptée,2023-12-11,21440172100011,,40985159900509,,sainte luce sur loire,Révisable
2023504500085100,GR - BAXTER - GDMAO01 ALM,245437.5,33140000-3,Matériel médical,Appel d'offres ouvert,2023-12-11,26590673500013,,30431735700172,,FRANCE,Révisable
2023107A2300,ACHAT 2 PICK UP 4X4 HARDTOP,71684.06,34100000-8,Transport & véhicules,Appel d'offres ouvert,2023-12-11,20002359600014,,30321736800107,,DEPARTEMENT HAUTE GARONNE,Ferme
2023112A2300,2 VEHICULES TYPE FOURGON L3H2 12M3,82984.0,34100000-8,Transport & véhicules,Appel d'offres ouvert,2023-12-11,20002359600014,,49874786400011,,DEPARTEMENT HAUTE GARONNE,Ferme
20232023-57ALG00,Location de bâtiments modulaires,77718.48,39151300-8,Mobilier & ménager,Marché négocié sans publicité ni mise en concurrence préalable,2023-12-11,24090039900017,,68555065900179,,Varilhes,Ferme
20230840200,Achat de matériel informatique - Lot 2 - Petits équipements informatiques et logiciels standards,54000.0,30230000-0,Informatique & bureautique,Appel d'offres ouvert,2023-12-11,20002678900053,,42978416800065,,CARCASSONNE,Révisable
2023112COLAS0100,FOURNITURE DE MATERIAUX POUR L'ENTRETIEN DES VOIES DE LA COMPETENCE DE LA CCGSTG82_LOT 1 FOURNITURE D'EMULSION DE BITUME,164100.0,44113610-4,Matériaux de construction,Procédure adaptée,2023-12-11,20006665200013,,32933888302324,,Labastide-Saint-Pierre,Révisable
2023108A2300,3 VEHICULES UTILITAIRES TOLE 3M3 1 FOURG,88318.96,34100000-8,Transport & véhicules,Appel d'offres ouvert,2023-12-11,20002359600014,,33775314900059,,DEPARTEMENT HAUTE GARONNE,Ferme
2023Z00400,FOURN EQUIPT PROTEC INDIV VETEMT TX LOT4 ACCESOIRES DE SECURITE DIVERS,44000.0,18300000-2,Vêtements,Appel d'offres ouvert,2023-12-11,21130117100016,,42500921400304,,13127,Révisable
2023X14100,FOURNITURE EN DENREES ALIMENTAIRES POUR LA CONFECTION DES REPAS SERVIS A LA MAISON DE L ENFANCE ET DE LA FAMILLE   LOT 6 SURGELES,400000.0,15896000-5,Alimentaire,Appel d'offres ouvert,2023-12-11,22880001700011,,55204499202564,,LES VOSGES,Révisable
2023230450100,RENOUVELLEMENT ENTRETIEN DU TRACTEUR DE LA VILLE,64830.7,34138000-3,Transport & véhicules,Procédure adaptée,2023-12-11,21380151700540,,30919214400108,,ECHIROLLES,Ferme et actualisable
202323G0620100,LOCATION MATERIEL SON ET LUMIERE,50000.0,32321300-2,Télécommunications,Procédure adaptée,2023-12-11,13002360900014,,52997567400043,,LE CANNET,Ferme
20242023090100,FOURNITURE CONTENEURS POUR COLLECTE DECHETS MENAGERS,50000.0,34928480-6,Transport & véhicules,Procédure adaptée,2023-12-11,20007783200018,,77815194401120,,LISSES,Révisable
2023109A2300,3 VEHICULES UTILITAIRES FOURGONNETTE ELE,94501.05,34100000-8,Transport & véhicules,Appel d'offres ouvert,2023-12-11,20002359600014,,33775314900059,,DEPARTEMENT HAUTE GARONNE,Ferme
2023XW23007L0300,Marché de fourniture de produits et matériels d'entretien pour les bâtiments et écoles de la Ville de Creutzwald et la Communauté de Communes du Warndt: Lot 3: Savons,28500.0,33711900-6,Matériel médical,Procédure adaptée,2023-12-11,21570160800014,,70201410100118,,creutzwald et ccw,Révisable
2023202344100,"Fourniture de produits frais (laits, produits laitiers, ufs, fruits, légumes, viandes)",100000.0,15800000-6,Alimentaire,Procédure adaptée,2023-12-11,21780640500015,,38326298700050,,VELIZY-VILLACOUBLAY,Révisable
2023113A2300,ACHAT POIDS LOURD FOURGON L3H2 TOLE 12M3,50300.0,34100000-8,Transport & véhicules,Appel d'offres ouvert,2023-12-11,20002359600014,,30946788400073,,DEPARTEMENT HAUTE GARONNE,Ferme
2023231090100,VETEMENTS DE TRAVAIL,40000.0,18100000-0,Vêtements,Procédure adaptée,2023-12-11,20006726200028,,79496833900026,,OLORON SAINTE MARIE,Révisable
2023Z00100,FOURN EQUIPT PROTEC INDIV VETEMENT TX LOT 1 CHAUSSURES,60000.0,18830000-6,Vêtements,Appel d'offres ouvert,2023-12-11,21130117100016,,33256495400276,,13127,Révisable
20232024F0000800,"Système d'acquisition dynamique pour l'achat de véhicule neufs ou d'occasion - 2023-07-03-6 : Fourniture et livraison d'un véhicule de tourisme 5 places vitré avec banquettes rabattables de couleur blanche (Type Renault Kangoo, Citroën Berlingo ou équival",20353.13,34100000-8,Transport & véhicules,Appel d'offres ouvert,2023-12-11,20006707200013,,34911449600095,,(29) Finistère,Ferme
20232018,Construction d'un groupe scolaire à Marennes: Lot 18: SIGNALETIQUE,16600.0,32584000-0,Télécommunications,Procédure adaptée,2023-12-11,21690281700016,,34304882300029,,MARENNES,Révisable
20232023FCS06000,ACQUISITION VEHICULE NEUF POUR LA COLLECTE DES ENCOMBRANTS - LOT 3,52300.0,34144700-5,Transport & véhicules,Appel d'offres ouvert,2023-12-11,24840028500057,,39907700700033,,LA TOUR D'AIGUES,Ferme
2024CA23038,Accord-cadre à bons de commande pour la fourniture de machines de nettoyage (Groupement de commandes),180000.0,39713410-0,Mobilier & ménager,Procédure adaptée,2023-12-11,24680072600019,,35360619700054,7.0,,Unitaire
20232024F0000600,"Système d'acquisition dynamique pour l'achat de véhicule neufs ou d'occasion - 2023-07-03-4 : Fourniture et livraison d’un Utilitaire avec 3 places à l’avant de couleur blanche (Type Renault Kangoo rallongé, Peugeot Expert ou équivalent) pour le service e",20496.76,34100000-8,Transport & véhicules,Appel d'offres ouvert,2023-12-11,20006707200013,,34911449600095,,(29) Finistère,Ferme
2023505400083000,GR - MEDLINE INTERNATIONAL - GDMAO01 ALM,111300.0,33140000-3,Matériel médical,Appel d'offres ouvert,2023-12-11,26590673500013,,40853724900034,,FRANCE,Révisable
20232023080000,FOURNITURE ABRI BUS,150000.0,44212321-5,Matériaux de construction,Appel d'offres ouvert,2023-12-11,24350078200095,,40856868100063,,CANCALE,Révisable
202400023SA00200,GLOG - FOURNITURE DE PIECES DETACHEES D4ACCESSOIRES ET TRAVAUX DE REPARATION SUR LES ENGINS DE DENEIGEMENT DE MARQUE SCHMIDT ET EUROPE SERVICE ENTRETENUS PAR LE SDMIS,80000.0,34300000-0,Transport & véhicules,Marché négocié sans publicité ni mise en concurrence préalable,2023-12-11,28691200100042,,38388818700028,,RHONE,Révisable
20232023-3400,LOT1 : CONSERVES,51600.0,15897200-4,Alimentaire,Procédure adaptée,2023-12-11,21290039300332,,47698032100253,,CONCARNEAU,Révisable
202323F11400100,ACQUISITION  MATERIEL EVENEMENTIEL ET PAVOISEMENT,100000.0,35821100-6,Sécurité & défense,Appel d'offres ouvert,2023-12-11,21060004500012,,38344672100037,,ANTIBES,Ferme
2023M4D0004MO00,CONVENTION DE MANDAT TAM ETUDES DE TRAVAUX POUR LES PREPRISES DE REVETEMENTS ET VOIES FERREES SUR DIVERSES SECTIONS DE PLATEFORME DANS LE SECTEUR COMPRIS ENTRE LA PLACE ALBERT 1ER ET LE COURS GAMBETTA,221175.0,34941300-8,Transport & véhicules,Appel d'offres ouvert,2023-12-09,24340001700022,,31487181500093,,MONTPELLIER MEDITERRANEE METRO,Ferme
20232023F0015000,Marché subséquent n°2 - Acquisition d'un véhicule électrique neuf (type citadine) avec reprise d'un véhicule thermique pour les besoins de Morbihan Energies,29453.79,34144900-7,Transport & véhicules,Appel d'offres ouvert,2023-12-09,25560110600024,,38848852000080,,(56) Morbihan,Ferme
20232023T020700,REQUALIFICATION DU PARC DES SPORTS : Relance suite à consultation restée infructueuseLot 3 : Menuiseries bois et aluminiumLot 7 : Ferronnerie: Lot 2: Ferronnerie,59533.0,44316510-6,Matériaux de construction,Procédure adaptée,2023-12-09,21840017400015,,50092678700010,,COMMUNE DE BEDOIN,Révisable
202321047A1-SO00,MS0 à BdC FOURNITURES SCOLAIRES LOT 1 ARTICLES DE PAPETERIE,200000.0,30197000-6,Informatique & bureautique,Appel d'offres ouvert,2023-12-09,21570463600012,,35980082800014,,METZ CEDEX 01,Révisable
202307600,FOURNITURE DE MATS POUR L ECLAIRAGE PUBLIC,75250.0,34928510-6,Transport & véhicules,Marché négocié sans publicité ni mise en concurrence préalable,2023-12-08,21180033900882,,52890204200027,,BOURGES,Ferme
20232023F0000600,La présente consultation a pour objet la fourniture de produits d’entretiens et d’hygiène et des consommables associés pour les adhérents du groupement de commandes des établissements d’enseignement public des Côtes d’Armor (22) - SACS A DECHETS,201300.0,39830000-9,Mobilier & ménager,Appel d'offres ouvert,2023-12-08,19220057400015,,32200815200058,,(22) Côtes-d'Armor,Révisable
202323SI214100,ACQUISITION DE MATERIELS ET LOGICIELS BUREAUTIQUES/ Lot n° 02 : Fourniture de logiciels Microsoft,600000.0,48900000-7,Logiciels,Appel d'offres ouvert,2023-12-08,24170043400020,,42498265000014,,LA ROCHELLE,Ferme
202398543800,Services de télématique et d'auto-partage pour l'ensemble de la flotte de véhicules du réseau des chambres d'agriculture,20500000.0,48000000-8,Logiciels,Appel d'offres ouvert,2023-12-08,18007004700014,,43180972200074,,FRANCE MET,Révisable
2023G2D0101RIA00,ACQUISITION DE MATÉRIELS INFORMATIQUES EN GROUPEMENT DE COMMANDE  LOT N°1 -FOURNITURE D MATÉRIEL MICRO-INFORMATIQUE,11840000.0,30200000-1,Informatique & bureautique,Appel d'offres ouvert,2023-12-08,24340001700022,,35152822900104,,MONTPELLIER MEDITERRANEE METRO,Révisable
2023G2D0101RIA00,ACQUISITION DE MATÉRIELS INFORMATIQUES EN GROUPEMENT DE COMMANDE  LOT N°1 -FOURNITURE D MATÉRIEL MICRO-INFORMATIQUE,12480000.0,30200000-1,Informatique & bureautique,Appel d'offres ouvert,2023-12-08,21340172201787,,35152822900104,,MONTPELLIER,Révisable
2023142000,FOURNITURE ARTICLES DE PAPETERIE ECOLES ET ACM,120000.0,30192000-1,Informatique & bureautique,Procédure adaptée,2023-12-08,21400046500010,,44455346500014,,BISCARROSSE,Ferme
20232313700,MOBILIERS MATERIELS CRECHES - MOBILIERS D'AMENAGEMENT,150000.0,39100000-3,Mobilier & ménager,Procédure adaptée,2023-12-08,21640102600366,,52147932900026,,BAYONNE CEDEX,Révisable
2023F02800,ACQUISITION DE BROYEUR ACCOTEMENENT ARRIERE SUR TRACTEUR,50000.0,34390000-7,Transport & véhicules,Procédure adaptée,2023-12-08,22470001300424,,49299474400026,,Département Lot-et-Garonne,Ferme
24989833,"ACQUISITION D'UN VEHICULE POLYBENNE 7,5 T NEUFAvec reprise d'un véhicule",40200.0,34144700-5,Transport & véhicules,Procédure adaptée,2023-12-08,21320160100019,,34742413700045,2.0,,Forfaitaire
249884103,Relance pour cause d'infructuosité : Construction de 6 bâtiments industriels à usage principal d'activités artisanales sur un terrain situé sur la ZAC Le Havre Plateau sur de la Pique en Mare (76620): Lot 3 : Charpente bois,575792.0,44142000-7,Matériaux de construction,Procédure adaptée,2023-12-08,35282361100053,,35310829300013,3.0,,Forfaitaire
202323M00140000,SIDEC - MAINTENANCE LOGICIEL JVS RH,45125.0,48450000-7,Logiciels,Procédure adaptée,2023-12-08,25390109400016,,32855218700069,,LONS LE SAUNIER,Révisable
2023954-100,FOURNITURE D ELECTRICITE ET SERVICES ASSOCIES LOT 1 ELECTRICITE POUR LA PATINOIRE MARCHE SUBSEQUENT,9999999.99,31682000-0,Matériel électrique,Appel d'offres ouvert,2023-12-08,26930022400012,,44239544800057,,CCAS,Ferme
2023202301300,FOURNITURE DE LUMINAIRES A LED ET D ECLAIRAGE PUBLIC,262384.0,31527200-8,Matériel électrique,Appel d'offres ouvert,2023-12-08,21380169900017,,83361910900014,,FONTAINE,Ferme et actualisable
2023M012317L01,"Fourniture, pose et maintenance de défibrillateurs - Groupement de commandes",130000.0,33182100-0,Matériel médical,Procédure adaptée,2023-12-08,20001065000055,,50191884100013,,Territoire du Grand Dole,Révisable
2023G2D0101RIB00,ACQUISITION DE MATÉRIELS INFORMATIQUES EN GROUPEMENT DE COMMANDE  LOT N°2 -FOURNITURE D MATÉRIEL POUR LA VISIOCONFERENCE-AUDIOVISUEL,7238400.0,32321300-2,Télécommunications,Appel d'offres ouvert,2023-12-08,21340172201787,,51074246300050,,MONTPELLIER,Révisable
2024074700,La fourniture et la livraison de produits surgelés,46354.0,15896000-5,Alimentaire,Appel d'offres ouvert,2023-12-08,26690025700046,,30491421100038,,Rhone,Révisable
2023231805,ACQUISITION ET INSTALLATION D'UNE SOLUTION LOGICIELLE DE SYSTÈME D'INFORMATION DES RESSOURCES HUMAINES ET PRESTATION DE MAINTENANCE,803282.5,48450000-7,Logiciels,Procédure adaptée,2023-12-08,21760451100014,,30516304000119,,MONT-SAINT-AIGNAN,Ferme
20232023F0000200,La présente consultation a pour objet la fourniture de produits d’entretiens et d’hygiène et des consommables associés pour les adhérents du groupement de commandes des établissements d’enseignement public des Côtes d’Armor (22) - PRODUITS A USAGE UNIQUE,549000.0,39830000-9,Mobilier & ménager,Appel d'offres ouvert,2023-12-08,19220057400015,,44030355000154,,(22) Côtes-d'Armor,Révisable
20232023F0005200,"Fourniture et maintenance d'autorisations d'usage et de déploiement de licences logiciels SIG (Système d'Information Géographique), pour les besoins bureautiques et applicatifs cartographiques de Saint-Brieuc Armor Agglomération et les communes de son ter",201793.0,48326000-9,Logiciels,Marché passé sans publicité ni mise en concurrence préalable,2023-12-08,20006940900015,,34849974000028,,(22) Côtes-d'Armor,Ferme
2023_15 LOT 200,LOT No2 LOCATION DE MATERIELS D'ILLUMINATIONS,57965.1,39298900-6,Mobilier & ménager,Procédure adaptée,2023-12-08,21050110200011,,48232364900020,,Puy-Saint-Vincent,Ferme
202323SI215100,ACQUISITION DE MATERIELS ET LOGICIELS BUREAUTIQUES/ Lot n° 03 : Fourniture de logiciels autres que Microsoft,1000000.0,48900000-7,Logiciels,Appel d'offres ouvert,2023-12-08,24170043400020,,42498265000014,,LA ROCHELLE,Ferme
2023-09-300000,TITRES RESTAURANT,400000.0,30199770-8,Informatique & bureautique,Appel d'offres ouvert,2023-12-08,24300058500105,,39336513500358,,TERRITOIRE CCBTA,Ferme
2023954-200,FOURNITURE D ELECTRICITE ET SERVICES ASSOCIES LOT 2 ELECTRICITE POUR LES BATIMENTS COMMUNAUX D UNE PUISSANCE SUPERIEURE A 36KVA MARCHE SUBSEQUENT,9999999.99,31682000-0,Matériel électrique,Appel d'offres ouvert,2023-12-08,26930022400012,,44239544800057,,CCAS,Ferme
249884158,Relance pour cause d'infructuosité : Construction de 6 bâtiments industriels à usage principal d'activités artisanales sur un terrain situé sur la ZAC Le Havre Plateau sur de la Pique en Mare (76620): Lot 8 : Métallerie,87665.0,44316500-3,Matériaux de construction,Procédure adaptée,2023-12-08,35282361100053,,50972439900019,6.0,,Forfaitaire
2023230002200,Achat de sel de déneigement,200000.0,34927100-2,Transport & véhicules,Procédure adaptée,2023-12-08,21740208000014,,50835789400031,,PASSY,Révisable
2023954MS-200,FOURNITURE D ELECTRICITE ET SERVICES ASSOCIES  LOT 2 FOURNITURE D ELECTRICITE POUR LES BATIMENTS COMMUNAUX D UNE PUISSANCE SUPERIEURE A 36KVA MARCHE SUBSEQUENT,9999999.99,31682000-0,Matériel électrique,Appel d'offres ouvert,2023-12-08,21930050600017,,44239544800057,,NEUILLY SUR MARNE,Ferme
2023954MS-100,FOURNITURE D ELECTRICITE ET SERVICES ASSOCIES  LOT 1 FOURNITURE D ELECTRICITE POUR LA PATINOIRE MARCHE SUBSEQUENT,9999999.0,31682000-0,Matériel électrique,Appel d'offres ouvert,2023-12-08,21930050600017,,44239544800057,,NEUILLY SUR MARNE,Ferme
20232023F0000300,La présente consultation a pour objet la fourniture de produits d’entretiens et d’hygiène et des consommables associés pour les adhérents du groupement de commandes des établissements d’enseignement public des Côtes d’Armor (22) - PAPIER A USAGE UNIQUE,457500.0,39830000-9,Mobilier & ménager,Appel d'offres ouvert,2023-12-08,19220057400015,,50744450300050,,(22) Côtes-d'Armor,Révisable
2023A2306000,FOURN MAT ELEC PUISSANCE PETIT MAT ELEC ET ECLAIRA,107000.0,31600000-2,Matériel électrique,Procédure adaptée,2023-12-08,44078435300011,,58850062900039,,METZ,Révisable
2024074702,La fourniture et la livraison de produits surgelés,46354.0,15896000-5,Alimentaire,Appel d'offres ouvert,2023-12-08,26690025700046,,30491421100038,,Rhone,Révisable
2024PICHON0000,FOURNITURES SCOLAIRES,80000.0,39162110-9,Mobilier & ménager,Procédure adaptée,2023-12-08,21560243400015,,40149482800031,,SENE,Révisable
2023A2306000,FOURN MAT ELEC PUISSANCE PETIT MAT ELEC ET ECLAIRA,107000.0,31600000-2,Matériel électrique,Procédure adaptée,2023-12-08,44078435300011,,58850062900161,,METZ,Révisable
249884147,Relance pour cause d'infructuosité : Construction de 6 bâtiments industriels à usage principal d'activités artisanales sur un terrain situé sur la ZAC Le Havre Plateau sur de la Pique en Mare (76620): Lot 7 : Portes de garages sectionnelles,63297.0,44221240-9,Matériaux de construction,Procédure adaptée,2023-12-08,35282361100053,,38489049700041,3.0,,Forfaitaire
20232023F0000500,La présente consultation a pour objet la fourniture de produits d’entretiens et d’hygiène et des consommables associés pour les adhérents du groupement de commandes des établissements d’enseignement public des Côtes d’Armor (22) - PRODUITS D'ENTRETIEN ECO,347700.0,39830000-9,Mobilier & ménager,Appel d'offres ouvert,2023-12-08,19220057400015,,39870861000033,,(22) Côtes-d'Armor,Révisable
2023F03500000,Réalisation et fourniture de protections auditives personnalisées pour les agents du Département de la Charente,150000.0,35121000-8,Sécurité & défense,Procédure adaptée,2023-12-08,22160001800016,,38475070900022,,ANGOULEME,Révisable
2023M012317L0100,FOURNITURES POSE ET MAINTENANCE DEFIBRILLATEURS,190000.0,33182100-0,Matériel médical,Procédure adaptée,2023-12-08,20001065000055,,50191884100013,,DOLE,Révisable
2023G2D0101RIB00,ACQUISITION DE MATÉRIELS INFORMATIQUES EN GROUPEMENT DE COMMANDE  LOT N°2 -FOURNITURE D MATÉRIEL POUR LA VISIOCONFERENCE-AUDIOVISUEL,3688000.0,32321300-2,Télécommunications,Appel d'offres ouvert,2023-12-08,24340001700022,,51074246300050,,MONTPELLIER MEDITERRANEE METRO,Révisable
202398245400,Réhabilitation du bâtiment des anciennes balances à l'hippodrome de Chantilly - Relance du lot 9 CVC/Plomberie,107800.0,44115200-1,Matériaux de construction,Procédure adaptée,2023-12-08,18600868600013,,40368783300026,,,Ferme et actualisable
202321047A2-S000,MS0 à BDC BPU FOURNITURES MANUELS SCOLAIRES LOT 2,95000.0,22112000-8,Imprimés,Appel d'offres ouvert,2023-12-08,21570463600012,,40149482800031,,METZ CEDEX 01,Révisable
2023-MSP-Radio00,"Fourniture, installation, maintenance d'un système de radiographie et dispositif de numérisation par capteur plan",95987.0,33111000-1,Matériel médical,Procédure adaptée,2023-12-08,21050161500012,,40906753500040,,La Salle-les-Alpes,Ferme
2024073300,La fourniture et la livraison de produits surgelés,1934768.59,15896000-5,Alimentaire,Appel d'offres ouvert,2023-12-08,26690025700046,,55204499201921,,Rhone,Révisable
20232023F0000100,La présente consultation a pour objet la fourniture de produits d’entretiens et d’hygiène et des consommables associés pour les adhérents du groupement de commandes des établissements d’enseignement public des Côtes d’Armor (22) - MATERIELS ET FOURNITURES,201300.0,39830000-9,Mobilier & ménager,Appel d'offres ouvert,2023-12-08,19220057400015,,50744450300050,,(22) Côtes-d'Armor,Révisable
202353500,Contrat de maintenance du système de vidéoprotection,311600.0,32323500-8,Télécommunications,Marché négocié sans publicité ni mise en concurrence préalable,2023-12-08,21340032800018,,40986794200396,,BEZIERS,Révisable
2023141900,FOURNITURE ARTICLES DE PAPETERIE POUR L ADMINISTRA,60000.0,30192000-1,Informatique & bureautique,Procédure adaptée,2023-12-08,21400046500010,,44455346500014,,BISCARROSSE,Ferme
20230400,CHEQUE D ACCOMPAGNEMENT PERSONNALISE 2024 2027,160000.0,22440000-6,Imprimés,Procédure adaptée,2023-12-08,26180027000330,,64204436600242,,BOURGES,Ferme
20232023F0000900,"La présente consultation a pour objet la fourniture de papier, fournitures de bureau et consommables informatiques pour les adhérents du groupement de commandes des Côtes d'Armor. - CONSOMMABLES INFORMATIQUES",300000.0,22610000-9,Imprimés,Appel d'offres ouvert,2023-12-08,19220057400015,,75377852100017,,(22) Côtes-d'Armor,Révisable
2023044-RS00,LOT No 4 (PETITS EQUIPEMENTS D'ELECTRICITE ET MATERILS DIVERS) FOURNITURES DE MATERIAUX ET MATERIELS DIVERS POUR TRAVAUX EN REGIE,156000.0,31600000-2,Matériel électrique,Procédure adaptée,2023-12-08,21971118100012,,32888768200016,,PETIT BOURG,Ferme et actualisable
2023F231600,Acquisition et installation dâun projecteur laser pour le Cinema Â« Le Casino Â» a Tergnier - Lot unique,75204.0,38652000-0,Instruments de mesure,Procédure adaptée,2023-12-08,21020711400013,,73204574500070,,TERGNIER,Ferme
2023170000,"Marché de maintenance et fourniture de dispositifs médicaux captifs pour les injecteurs de produit de contraste de marque ULRICH, incluant la fourniture de pièces détachées, accessoires et sous-ensembles",1500000.0,33100000-1,Matériel médical,Marché négocié sans publicité ni mise en concurrence préalable,2023-12-08,26310012500016,,83257566600025,,Occitanie,Révisable
2023A23135T00,FOURNITURE D'EQUIPEMENTS APS DANS LE CADRE DE LA RENOVATION DU CARREFOUR TERNIERE,123047.34,34941000-5,Transport & véhicules,Appel d'offres restreint,2023-12-08,24490001500060,,38919198200278,,ANGERS,Ferme
20232023F0000400,La présente consultation a pour objet la fourniture de produits d’entretiens et d’hygiène et des consommables associés pour les adhérents du groupement de commandes des établissements d’enseignement public des Côtes d’Armor (22) - PRODUITS D'ENTRETIEN ET,732000.0,39830000-9,Mobilier & ménager,Appel d'offres ouvert,2023-12-08,19220057400015,,44030355000154,,(22) Côtes-d'Armor,Révisable
202323F09700100,ACQ PANNEAUX SIGNALISATION ROUTIERE VERTICALE POUR LA SECURITE DES DEPLACEMENTS URBAINS,150000.0,34992200-9,Transport & véhicules,Appel d'offres ouvert,2023-12-08,21060004500012,,33207347700058,,ANTIBES,Révisable
249884092,Relance pour cause d'infructuosité : Construction de 6 bâtiments industriels à usage principal d'activités artisanales sur un terrain situé sur la ZAC Le Havre Plateau sur de la Pique en Mare (76620): Lot 2 : Dallage,137214.0,44114250-9,Matériaux de construction,Procédure adaptée,2023-12-08,35282361100053,,79975741400013,1.0,,Forfaitaire
202398543600,Location longue durée de véhicules professionnels pour les chambres d'agricultures de France métropolitaine,20500000.0,34100000-8,Transport & véhicules,Appel d'offres ouvert,2023-12-08,18007004700014,,42018940900097,,FRANCE METROPOLITAINE,Révisable
20232023N170000,ACHAT DE LICENCES LOGICIEL SUITES BUREAUTIQUES MICROSOFT,400000.0,48422000-2,Logiciels,Appel d'offres ouvert,2023-12-08,20006340200016,,,,ANNECY,Révisable
202300112311400,"CONCEPTION, FOURNITURE ET POSE DE DISPOSITIFS DE RETENUE",800000.0,34928100-9,Transport & véhicules,Appel d'offres ouvert,2023-12-08,22810001200019,,83050568100015,,Tarn,Révisable
202323067900,MAINTENANCE DES EQUIPEMENT DE CONTROLE D ACCES ET DES PEAGES EXISTANTS SUR LE PORT MOURE ROUGE PERIODE 1 EGAL A 24 MOIS MAXI 26 000?HT  PERIODES 2 A 5 EGAL A 6 MOIS MAXI 6 500?HT SOIT UN MAXI A 52 000? HT POUR LES 5 PERIODES,130000.0,34926000-4,Transport & véhicules,Appel d'offres ouvert,2023-12-08,21060029200010,,5680065901351,,CANNES,Révisable
20232023F0000700,"La présente consultation a pour objet la fourniture de papier, fournitures de bureau et consommables informatiques pour les adhérents du groupement de commandes des Côtes d'Armor. - PAPIER",1000000.0,30192700-8,Informatique & bureautique,Appel d'offres ouvert,2023-12-08,19220057400015,,33044098300055,,(22) Côtes-d'Armor,Révisable
20232023F0000800,"La présente consultation a pour objet la fourniture de papier, fournitures de bureau et consommables informatiques pour les adhérents du groupement de commandes des Côtes d'Armor. - FOURNITURES DE BUREAU",600000.0,30192000-1,Informatique & bureautique,Appel d'offres ouvert,2023-12-08,19220057400015,,57172266900264,,(22) Côtes-d'Armor,Révisable
202323SI213100,"ACQUISITION MATERIELS ET LOGICIELS BUREAUTIQUES/ Lot n°1 : Fourniture ordinateur, moniteur, périphérique associés",1000000.0,30230000-0,Informatique & bureautique,Appel d'offres ouvert,2023-12-08,24170043400020,,35152822900088,,LA ROCHELLE,Ferme
2023202350047200,"Réfection des balcons des bâtiments 1,3,5,7,9 et 11 rue joseph horn à chaumont (52000) pour les besoins de chaumont habitat.: Lot 2 : Serrurerie et#8211, Modification des gardes corps",48960.0,44316500-3,Matériaux de construction,Procédure adaptée,2023-12-08,27520003800030,,85073035900013,,,Révisable
202400200,"EXPLOITATION, RENOVATION ET MAINTENANCE DES INSTALLATIONS D'ECLAIRAGE PUBLIC ET DECORATIF",1428343.55,34928500-3,Transport & véhicules,Procédure adaptée,2023-12-08,21060128200010,,32851809700030,,Saint-Paul-De-Vence,Révisable
2024182300,FOURNITURE DE PRODUITS DE DENEIGEMENT ET DE DEVERGLACANT,47000.0,34927100-2,Transport & véhicules,Procédure adaptée,2023-12-08,21570306700011,,42473175000057,,HAYANGE,Ferme
2023ACENASUL0200,Marche de Fourniture de produits surgeles pour le groupement de commande de denrees alimentaires des EPLE et structures publiques de la zone Pyrenees Atlantiques / Sud des Landes 2024 - Lot 2 Viandes et volailles,1134331.41,15000000-8,Alimentaire,Appel d'offres ouvert,2023-12-07,21640410300014,,42493550000027,,Mourenx,Révisable
2023ACENAPL00,Marche de fourniture de produits laitiers pour le groupement de commande de denrees alimentaires des EPLE et structures publiques associees de la zone Pyrenees Atlantiques/Sud des Landes,2027804.89,15000000-8,Alimentaire,Appel d'offres ouvert,2023-12-07,21640410300014,,31500262600010,,Mourenx,Révisable
202323125100,Fourniture de denrées alimentaires pour le compte du groupement de commandes coordonné par le CH VERDUN SAINT-MIHIEL: Lot 24: Pâté lorrain,52920.0,15893100-5,Alimentaire,Appel d'offres ouvert,2023-12-07,20003978200012,,40171671700020,,GHT Coeur Grand Est,Révisable
202323125500,"Fourniture de denrées alimentaires pour le compte du groupement de commandes coordonné par le CH VERDUN SAINT-MIHIEL: Lot 56: Compotes, purées de fruits, fruits au sirop / au naturel",391945.0,15800000-6,Alimentaire,Appel d'offres ouvert,2023-12-07,20003978200012,,47698032100378,,GHT Coeur Grand Est,Révisable
2023-0600,Construction d'un restaurant scolaire - Lot 4 Menuiseries extérieures,98573.02,44221000-5,Matériaux de construction,Procédure adaptée,2023-12-07,21830135600018,,88112318600028,,TAVERNES,Ferme et actualisable
2023ACENAEPL0500,Marche de Fourniture de produits d epicerie pour le groupement de commande de denrees alimentaires des EPLE et structures publiques de la zone Pyrenees Atlantiques / Sud des Landes 2024 - Lot 5 Produits secs,439604.32,15000000-8,Alimentaire,Appel d'offres ouvert,2023-12-07,21640410300014,,47698032100295,,Mourenx,Révisable
202323125600,"Fourniture de denrées alimentaires pour le compte du groupement de commandes coordonné par le CH VERDUN SAINT-MIHIEL: Lot 82: Viandes / poissons cuisinés en sauce, lisses, salés (multi portions)",331632.0,15893100-5,Alimentaire,Appel d'offres ouvert,2023-12-07,20003978200012,,34339778200016,,GHT Coeur Grand Est,Révisable
202323126400,Fourniture de denrées alimentaires pour le compte du groupement de commandes coordonné par le CH VERDUN SAINT-MIHIEL: Lot 91: Pommes de terre (EGALIM),195771.0,15310000-4,Alimentaire,Appel d'offres ouvert,2023-12-07,20003978200012,,55204499201715,,GHT Coeur Grand Est,Révisable
202323126200,Fourniture de denrées alimentaires pour le compte du groupement de commandes coordonné par le CH VERDUN SAINT-MIHIEL: Lot 58: Biscuiterie et fruits secs,729554.0,15820000-2,Alimentaire,Appel d'offres ouvert,2023-12-07,20003978200012,,34143410800062,,GHT Coeur Grand Est,Révisable
20232023T400300,FILTRES POUR VÉHICULES DE PLUS DE 3.5 TONNES ET MATÉRIELS,100000.0,34300000-0,Transport & véhicules,Appel d'offres ouvert,2023-12-07,20006340200016,,37823354800031,,ANNECY,Révisable
202323126100,Fourniture de denrées alimentaires pour le compte du groupement de commandes coordonné par le CH VERDUN SAINT-MIHIEL: Lot 19: Jambons,218755.0,15131120-2,Alimentaire,Appel d'offres ouvert,2023-12-07,20003978200012,,55204499202564,,GHT Coeur Grand Est,Révisable
20232300251500,Réaménagement et extension du restaurant scolaire de l'école HENRI LESAGE: Lot 15 : Matériel de cuisine,105000.0,39221000-7,Mobilier & ménager,Procédure adaptée,2023-12-07,21440215800015,,49872106700060,,VERTOU,Révisable
202324C00,Lot 3  Produits ouatés et assimilés,360000.0,39830000-9,Mobilier & ménager,Appel d'offres ouvert,2023-12-07,21780586000012,,71200993500040,,SARTROUVILLE,Révisable
2023302640BA00,"TRAVAUX DE REMPLACEMENT, D'AMELIORATION ET DE MAINTENANCE PREVENTIVE ET CORRECTIVE DES INSTALLATIONS DE SECURITE INCENDIE DES BATIMENTS DU DEPARTEMENT DE VAUCLUSE Y COMPRIS LES BATIMENTS PUBLICS LOCAUX D'ENSEIGNEMENT (EPLE).",2200000.0,31625200-5,Matériel électrique,Appel d'offres ouvert,2023-12-07,22840001600017,,39061151500029,,Département de Vaucluse,Révisable
202323125700,"Fourniture de denrées alimentaires pour le compte du groupement de commandes coordonné par le CH VERDUN SAINT-MIHIEL: Lot 83: Viandes / poissons au bouillon, lisses, salés et/ou pauvre en sel (individuel)",23600.0,15893100-5,Alimentaire,Appel d'offres ouvert,2023-12-07,20003978200012,,31469638600064,,GHT Coeur Grand Est,Révisable
202323125600,Fourniture de denrées alimentaires pour le compte du groupement de commandes coordonné par le CH VERDUN SAINT-MIHIEL: Lot 05: Boeuf veau agneau - Viandes cuites,429060.0,15119000-5,Alimentaire,Appel d'offres ouvert,2023-12-07,20003978200012,,34339778200016,,GHT Coeur Grand Est,Révisable
20232023-1300000,Location 4 véhicules électriques neufs,56415.82,34144900-7,Transport & véhicules,Procédure adaptée,2023-12-07,20007004300019,,41336018100049,,MONTMORILLON,Ferme
202323RES13100,DETECTION ET GÉORÉFÉRENCEMENT EP - ZONE NORD - MILIEU RURAL ET URBAIN,70192.2,34993000-4,Transport & véhicules,Procédure adaptée,2023-12-07,25420054600052,,82322303700024,,LOIRE,Ferme
202323126300,Fourniture de denrées alimentaires pour le compte du groupement de commandes coordonné par le CH VERDUN SAINT-MIHIEL: Lot 11: Saucisses,134584.0,15131120-2,Alimentaire,Appel d'offres ouvert,2023-12-07,20003978200012,,31680701501340,,GHT Coeur Grand Est,Révisable
202323126100,"Fourniture de denrées alimentaires pour le compte du groupement de commandes coordonné par le CH VERDUN SAINT-MIHIEL: Lot 44: Légumes 4ème + 5ème gammes, purées de légumes en galet, épices surgelés",1333047.0,15896000-5,Alimentaire,Appel d'offres ouvert,2023-12-07,20003978200012,,55204499202564,,GHT Coeur Grand Est,Révisable
202323126500,Fourniture de denrées alimentaires pour le compte du groupement de commandes coordonné par le CH VERDUN SAINT-MIHIEL: Lot 01: Boeuf veau agneau - Viandes fraîches,983286.0,15119000-5,Alimentaire,Appel d'offres ouvert,2023-12-07,20003978200012,,54695037900224,,GHT Coeur Grand Est,Révisable
202323126400,Fourniture de denrées alimentaires pour le compte du groupement de commandes coordonné par le CH VERDUN SAINT-MIHIEL: Lot 37: Légumes 4ème + 5ème gammes (frais),453374.0,15331100-8,Alimentaire,Appel d'offres ouvert,2023-12-07,20003978200012,,55204499201715,,GHT Coeur Grand Est,Révisable
202323126400,Fourniture de denrées alimentaires pour le compte du groupement de commandes coordonné par le CH VERDUN SAINT-MIHIEL: Lot 36: Fruits et légumes frais - Zone de livraison 55,289797.0,15300000-1,Alimentaire,Appel d'offres ouvert,2023-12-07,20003978200012,,55204499201715,,GHT Coeur Grand Est,Révisable
202323125500,"Fourniture de denrées alimentaires pour le compte du groupement de commandes coordonné par le CH VERDUN SAINT-MIHIEL: Lot 65: Fumet, fonds, jus hyposodés et bouillons, fonds, fumets",133289.0,15893300-7,Alimentaire,Appel d'offres ouvert,2023-12-07,20003978200012,,47698032100378,,GHT Coeur Grand Est,Révisable
202323125900,"Fourniture de denrées alimentaires pour le compte du groupement de commandes coordonné par le CH VERDUN SAINT-MIHIEL: Lot 85: Plats complets lisses, salés - 180/200g",106704.0,15893100-5,Alimentaire,Appel d'offres ouvert,2023-12-07,20003978200012,,42370097000068,,GHT Coeur Grand Est,Révisable
202323124900,"Fourniture de denrées alimentaires pour le compte du groupement de commandes coordonné par le CH VERDUN SAINT-MIHIEL: Lot 34: Crèmes (aux oeufs, brûlée, renversée, dessert)",551966.0,15551000-5,Alimentaire,Appel d'offres ouvert,2023-12-07,20003978200012,,51587054100031,,GHT Coeur Grand Est,Révisable
202320232800100,LOT 1 : PETITS CAMION DOUBLE CABINE A BENNE BASCULANTE,115414.98,34134200-7,Transport & véhicules,Appel d'offres ouvert,2023-12-07,21974004000015,,47967345100023,,ETANG-SALE,Ferme
2024240060100,SMA-DMRN FOUR MAT. DE TELEPHONIE ET RESEAU INFORMATIQUE,230000.0,32250000-0,Télécommunications,Appel d'offres ouvert,2023-12-07,21350288300019,,38927686600081,,SAINT MALO,Ferme
202323126400,Fourniture de denrées alimentaires pour le compte du groupement de commandes coordonné par le CH VERDUN SAINT-MIHIEL: Lot 88: Choucroute (EGALIM),16072.0,15131120-2,Alimentaire,Appel d'offres ouvert,2023-12-07,20003978200012,,55204499201715,,GHT Coeur Grand Est,Révisable
202323125400,"Fourniture de denrées alimentaires pour le compte du groupement de commandes coordonné par le CH VERDUN SAINT-MIHIEL: Lot 90: Laitages, desserts lactés (EGALIM)",220180.0,15551000-5,Alimentaire,Appel d'offres ouvert,2023-12-07,20003978200012,,45273277900015,,GHT Coeur Grand Est,Révisable
202323126300,"Fourniture de denrées alimentaires pour le compte du groupement de commandes coordonné par le CH VERDUN SAINT-MIHIEL: Lot 41: Pâtisseries, boulangerie, fruits (surgelé)",411595.0,15896000-5,Alimentaire,Appel d'offres ouvert,2023-12-07,20003978200012,,31680701501340,,GHT Coeur Grand Est,Révisable
202323126100,Fourniture de denrées alimentaires pour le compte du groupement de commandes coordonné par le CH VERDUN SAINT-MIHIEL: Lot 49: Lapin surgelé,5041.0,15896000-5,Alimentaire,Appel d'offres ouvert,2023-12-07,20003978200012,,55204499202564,,GHT Coeur Grand Est,Révisable
20232024F0000300,Acquisition de papier pour les besoins des services du Département d’Ille-et-Vilaine -  Marché subséquent 3,13984.0,30197630-1,Informatique & bureautique,Appel d'offres ouvert,2023-12-07,22350001800013,,33044098300055,,(35) Ille-et-Vilaine,Ferme
2024240060100,SMA-DMRN FOUR MAT. DE TELEPHONIE ET RESEAU INFORMATIQUE,230000.0,32250000-0,Télécommunications,Appel d'offres ouvert,2023-12-07,21350288300019,,45050268700020,,SAINT MALO,Ferme
202320232800500,LOT 5 : FOURGON L3 H3 AVEC HAYON,44589.36,34136200-1,Transport & véhicules,Appel d'offres ouvert,2023-12-07,21974004000015,,47967345100023,,ETANG-SALE,Ferme
202323126100,Fourniture de denrées alimentaires pour le compte du groupement de commandes coordonné par le CH VERDUN SAINT-MIHIEL: Lot 43: Tartes prédécoupées surgelées,130681.0,15896000-5,Alimentaire,Appel d'offres ouvert,2023-12-07,20003978200012,,55204499202564,,GHT Coeur Grand Est,Révisable
202323126300,Fourniture de denrées alimentaires pour le compte du groupement de commandes coordonné par le CH VERDUN SAINT-MIHIEL: Lot 52: Viande kebab surgelée,5751.0,15896000-5,Alimentaire,Appel d'offres ouvert,2023-12-07,20003978200012,,31680701501340,,GHT Coeur Grand Est,Révisable
2023O5140A00,"Mise à disposition, mise en place, enlèvement et lavage d?équipements permettant de réaliser un tri des déchets sur certains marchés forains",9000000.0,44613700-7,Matériaux de construction,Appel d'offres ouvert,2023-12-07,21690123100011,,30222140300058,,A Lyon,Révisable
2023ACENASUL0700,Marche de Fourniture de produits surgeles pour le groupement de commande de denrees alimentaires des EPLE et structures publiques de la zone Pyrenees Atlantiques / Sud des Landes 2024 - Lot 7 Vegetal,345017.21,15000000-8,Alimentaire,Appel d'offres ouvert,2023-12-07,21640410300014,,38500623400012,,Mourenx,Révisable
202323125800,Fourniture de denrées alimentaires pour le compte du groupement de commandes coordonné par le CH VERDUN SAINT-MIHIEL: Lot 13: Cervelas,13724.0,15131120-2,Alimentaire,Appel d'offres ouvert,2023-12-07,20003978200012,,58288022500013,,GHT Coeur Grand Est,Révisable
202323126100,Fourniture de denrées alimentaires pour le compte du groupement de commandes coordonné par le CH VERDUN SAINT-MIHIEL: Lot 40: Glaces - barres glacées,90354.0,15896000-5,Alimentaire,Appel d'offres ouvert,2023-12-07,20003978200012,,55204499202564,,GHT Coeur Grand Est,Révisable
202323126100,Fourniture de denrées alimentaires pour le compte du groupement de commandes coordonné par le CH VERDUN SAINT-MIHIEL: Lot 20: Jambons pauvres en sel,36567.0,15131120-2,Alimentaire,Appel d'offres ouvert,2023-12-07,20003978200012,,55204499202564,,GHT Coeur Grand Est,Révisable
202323125600,"Fourniture de denrées alimentaires pour le compte du groupement de commandes coordonné par le CH VERDUN SAINT-MIHIEL: Lot 78: Haché fin de viande ou de poisson, sans sel ou pauvre en sel",305760.0,15893100-5,Alimentaire,Appel d'offres ouvert,2023-12-07,20003978200012,,34339778200016,,GHT Coeur Grand Est,Révisable
2023202300042900,"Travaux de pose de revêtements de sols dans les logements du patrimoine d'orvitis : Lot 1 : agence urbaine et agence Est Côte det#8217,Or",1110000.0,44112200-0,Matériaux de construction,Procédure adaptée,2023-12-07,88333378300016,,32699220300058,,Dijon,Révisable
2023-LOT1200,PEINTURE,245396.42,44810000-1,Matériaux de construction,Procédure adaptée,2023-12-07,26540073900099,,47912511400013,,CCAS,Révisable
2023ACENAEPL0700,Marche de Fourniture de produits d epicerie pour le groupement de commande de denrees alimentaires des EPLE et structures publiques de la zone Pyrenees Atlantiques / Sud des Landes 2024 - Lot 7 Jetable Alimentaire,372430.76,15000000-8,Alimentaire,Appel d'offres ouvert,2023-12-07,21640410300014,,47698032100295,,Mourenx,Révisable
202323AP194100,LOT01 VRD-AMENAGEMT EXT - TRX AMNGT LOCAUX FORUM DES PERTUIS,66399.8,44115800-7,Matériaux de construction,Procédure adaptée,2023-12-07,24170043400020,,32933888301938,,LA ROCHELLE,Ferme
202323124700,"Fourniture de denrées alimentaires pour le compte du groupement de commandes coordonné par le CH VERDUN SAINT-MIHIEL: Lot 25: Pizzas, tartes prédécoupées",42673.0,15893100-5,Alimentaire,Appel d'offres ouvert,2023-12-07,20003978200012,,33934164600067,,GHT Coeur Grand Est,Révisable
202323126100,"Fourniture de denrées alimentaires pour le compte du groupement de commandes coordonné par le CH VERDUN SAINT-MIHIEL: Lot 47: Poissons, fruits de mer, ... surgelés",264373.0,15896000-5,Alimentaire,Appel d'offres ouvert,2023-12-07,20003978200012,,55204499202564,,GHT Coeur Grand Est,Révisable
241007587,Surveillance et maintenance de réseaux gpl2024-2027,130000.0,32424000-1,Télécommunications,Procédure adaptée,2023-12-07,27870850800041,,33487372602318,1.0,,Forfaitaire
202323125500,Fourniture de denrées alimentaires pour le compte du groupement de commandes coordonné par le CH VERDUN SAINT-MIHIEL: Lot 94: Divers épicerie / conserves (EGALIM),78605.0,15800000-6,Alimentaire,Appel d'offres ouvert,2023-12-07,20003978200012,,47698032100378,,GHT Coeur Grand Est,Révisable
202323126300,Fourniture de denrées alimentaires pour le compte du groupement de commandes coordonné par le CH VERDUN SAINT-MIHIEL: Lot 71: Poissons (conserves),99409.0,15893100-5,Alimentaire,Appel d'offres ouvert,2023-12-07,20003978200012,,31680701501340,,GHT Coeur Grand Est,Révisable
202323125900,"Fourniture de denrées alimentaires pour le compte du groupement de commandes coordonné par le CH VERDUN SAINT-MIHIEL: Lot 79: Légumes et féculents lisses, salés (multi portions)",33900.0,15893100-5,Alimentaire,Appel d'offres ouvert,2023-12-07,20003978200012,,42370097000068,,GHT Coeur Grand Est,Révisable
2023202310L0400,fournitures de bioseaux,70000.0,39234000-1,Mobilier & ménager,Appel d'offres ouvert,2023-12-07,20004272900018,,42042950800054,,manche,Révisable
2023ACENAEPL0300,Marche de Fourniture de produits d epicerie pour le groupement de commande de denrees alimentaires des EPLE et structures publiques de la zone Pyrenees Atlantiques / Sud des Landes 2024 - Lot 3 Desserts,323617.06,15000000-8,Alimentaire,Appel d'offres ouvert,2023-12-07,21640410300014,,38500623400012,,Mourenx,Révisable
202323125500,Fourniture de denrées alimentaires pour le compte du groupement de commandes coordonné par le CH VERDUN SAINT-MIHIEL: Lot 55: Articles à garnir,4058.0,15820000-2,Alimentaire,Appel d'offres ouvert,2023-12-07,20003978200012,,47698032100378,,GHT Coeur Grand Est,Révisable
202323126200,"Fourniture de denrées alimentaires pour le compte du groupement de commandes coordonné par le CH VERDUN SAINT-MIHIEL: Lot 72: Fruits au naturel, au sirop (conserves)",373455.0,15332400-8,Alimentaire,Appel d'offres ouvert,2023-12-07,20003978200012,,34143410800062,,GHT Coeur Grand Est,Révisable
2023420200,FOURNITURE DE VEHICULES,50928.0,34100000-8,Transport & véhicules,Procédure adaptée,2023-12-07,21310557000013,,30057104900018,,TOURNEFEUILLE,Ferme
2023ACENASUL0600,Marche de Fourniture de produits surgeles pour le groupement de commande de denrees alimentaires des EPLE et structures publiques de la zone Pyrenees Atlantiques / Sud des Landes 2024 - Lot 6 Glaces,141703.9,15000000-8,Alimentaire,Appel d'offres ouvert,2023-12-07,21640410300014,,55204499202382,,Mourenx,Révisable
2023ACENASUL0500,Marche de Fourniture de produits surgeles pour le groupement de commande de denrees alimentaires des EPLE et structures publiques de la zone Pyrenees Atlantiques / Sud des Landes 2024 - Lot 5 Desserts,552840.3,15000000-8,Alimentaire,Appel d'offres ouvert,2023-12-07,21640410300014,,55204499202382,,Mourenx,Révisable
20232023T400200,FILTRES POUR VÉHICULES DE MOINS DE 3.5 TONNES,100000.0,34300000-0,Transport & véhicules,Appel d'offres ouvert,2023-12-07,20006340200016,,37823354800031,,ANNECY,Révisable
202323125600,"Fourniture de denrées alimentaires pour le compte du groupement de commandes coordonné par le CH VERDUN SAINT-MIHIEL: Lot 86: Plats complets lisses, salés - 180/200g",70110.0,15893100-5,Alimentaire,Appel d'offres ouvert,2023-12-07,20003978200012,,34339778200016,,GHT Coeur Grand Est,Révisable
202323124900,Fourniture de denrées alimentaires pour le compte du groupement de commandes coordonné par le CH VERDUN SAINT-MIHIEL: Lot 39: Pain perdu (surgelé),24264.0,15896000-5,Alimentaire,Appel d'offres ouvert,2023-12-07,20003978200012,,51587054100031,,GHT Coeur Grand Est,Révisable
202323126100,Fourniture de denrées alimentaires pour le compte du groupement de commandes coordonné par le CH VERDUN SAINT-MIHIEL: Lot 45: Pommes de terre surgelées,196461.0,15896000-5,Alimentaire,Appel d'offres ouvert,2023-12-07,20003978200012,,55204499202564,,GHT Coeur Grand Est,Révisable
202323AP202100,LOT09 CHAPE REVT SOLS FAIENCE-TX AMGT FORUM DES PERTUIS,49000.0,44112210-3,Matériaux de construction,Procédure adaptée,2023-12-07,24170043400020,,79254276300026,,LA ROCHELLE,Ferme
202323124800,"Fourniture de denrées alimentaires pour le compte du groupement de commandes coordonné par le CH VERDUN SAINT-MIHIEL: Lot 27: Salades composées, crudités assaisonnées",127356.0,15893100-5,Alimentaire,Appel d'offres ouvert,2023-12-07,20003978200012,,51983796700016,,GHT Coeur Grand Est,Révisable
202323126200,Fourniture de denrées alimentaires pour le compte du groupement de commandes coordonné par le CH VERDUN SAINT-MIHIEL: Lot 73: Produits élaborés (conserves),135136.0,15893100-5,Alimentaire,Appel d'offres ouvert,2023-12-07,20003978200012,,34143410800062,,GHT Coeur Grand Est,Révisable
202320232800400,LOT 4 : VEHICULE UTILITAIRE (CABINE ALLONGEE),53238.05,34100000-8,Transport & véhicules,Appel d'offres ouvert,2023-12-07,21974004000015,,39958274100027,,ETANG-SALE,Ferme
202323F6100,ACHAT DE FOURNITURES DE PRODUITS ET DE MATERIELS D'HYGIENE ET D'ENTRETIEN - Lot unique,40000.0,39812100-8,Mobilier & ménager,Procédure adaptée,2023-12-07,21510532100016,,32088087500028,,TINQUEUX,Révisable
2023202310L0100,fournitures de bacs roulants OMR et RSHV et pieces detachees pour la collecte de dechets menagers,1000000.0,34928480-6,Transport & véhicules,Appel d'offres ouvert,2023-12-07,20004272900018,,38882023500041,,CC BAIE DU COTENTIN,Révisable
202323RES12100,DÉTECTION ET GÉORÉFÉRENCEMENT EP ZONE NORD - MILIEU URBAIN,100114.5,34993000-4,Transport & véhicules,Procédure adaptée,2023-12-07,25420054600052,,39332209400037,,LOIRE,Ferme
202323AP203100,LOT10 REVT SOLS SOUPLES INDUS-TX AMGT FORUM DES PERTUIS,56000.0,44112200-0,Matériaux de construction,Procédure adaptée,2023-12-07,24170043400020,,79254276300026,,LA ROCHELLE,Ferme
202323126100,Fourniture de denrées alimentaires pour le compte du groupement de commandes coordonné par le CH VERDUN SAINT-MIHIEL: Lot 08: Abats cuits,23509.0,15119000-5,Alimentaire,Appel d'offres ouvert,2023-12-07,20003978200012,,55204499202564,,GHT Coeur Grand Est,Révisable
202323126000,Fourniture de denrées alimentaires pour le compte du groupement de commandes coordonné par le CH VERDUN SAINT-MIHIEL: Lot 04: Volaille - viandes fraîches,315328.0,15119000-5,Alimentaire,Appel d'offres ouvert,2023-12-07,20003978200012,,39864087000042,,GHT Coeur Grand Est,Révisable
202323126300,Fourniture de denrées alimentaires pour le compte du groupement de commandes coordonné par le CH VERDUN SAINT-MIHIEL: Lot 51: Savoureux surgelés,13216.0,15896000-5,Alimentaire,Appel d'offres ouvert,2023-12-07,20003978200012,,31680701501340,,GHT Coeur Grand Est,Révisable
202323126200,Fourniture de denrées alimentaires pour le compte du groupement de commandes coordonné par le CH VERDUN SAINT-MIHIEL: Lot 62: Purée - préparation déshydratée - granulée,153882.0,15312100-9,Alimentaire,Appel d'offres ouvert,2023-12-07,20003978200012,,34143410800062,,GHT Coeur Grand Est,Révisable
2023CD007700000,Fourniture de pièces détachées d'origine pour tracteurs Massey Fergusson et prestations,120000.0,34390000-7,Transport & véhicules,Procédure adaptée,2023-12-07,22030001600080,,32768485800043,,MOULINS,Révisable
202323125700,"Fourniture de denrées alimentaires pour le compte du groupement de commandes coordonné par le CH VERDUN SAINT-MIHIEL: Lot 81: Viandes / poissons cuisinés en sauce, lisses, salés (individuel)",626560.0,15893100-5,Alimentaire,Appel d'offres ouvert,2023-12-07,20003978200012,,31469638600064,,GHT Coeur Grand Est,Révisable
202323125600,Fourniture de denrées alimentaires pour le compte du groupement de commandes coordonné par le CH VERDUN SAINT-MIHIEL: Lot 06: Porc - Viandes cuites,117344.0,15119000-5,Alimentaire,Appel d'offres ouvert,2023-12-07,20003978200012,,34339778200016,,GHT Coeur Grand Est,Révisable
202323126300,Fourniture de denrées alimentaires pour le compte du groupement de commandes coordonné par le CH VERDUN SAINT-MIHIEL: Lot 18: Choucroute,2307.0,15131120-2,Alimentaire,Appel d'offres ouvert,2023-12-07,20003978200012,,31680701501340,,GHT Coeur Grand Est,Révisable
202323125500,"Fourniture de denrées alimentaires pour le compte du groupement de commandes coordonné par le CH VERDUN SAINT-MIHIEL: Lot 70: Condiments, légumes pour entrées, légumes (conserves)",795874.0,15893100-5,Alimentaire,Appel d'offres ouvert,2023-12-07,20003978200012,,47698032100378,,GHT Coeur Grand Est,Révisable
202323126400,Fourniture de denrées alimentaires pour le compte du groupement de commandes coordonné par le CH VERDUN SAINT-MIHIEL: Lot 35: Fruits et légumes frais - Zone de livraison 51-52,437722.0,15300000-1,Alimentaire,Appel d'offres ouvert,2023-12-07,20003978200012,,55204499201715,,GHT Coeur Grand Est,Révisable
202320230850100,LIVRES ADULTES ET JEUNESSE,50000.0,22113000-5,Imprimés,Marché négocié sans publicité ni mise en concurrence préalable,2023-12-07,21580194500019,,40289177400026,,NEVERS,Ferme
202398231200,Avenant 2 Marché 5427 - ONET SECURITE TELEM - Travaux de modernisation et extension du dispositif de vidéosurveillance et de transmission des sites de Caen La Mer Habitat - Moins value - Base + avenant,474449.0,32323500-8,Télécommunications,Procédure adaptée,2023-12-07,27140002000027,,6950243300316,,Caen,Révisable
2023ACENAEPL0200,Marche de Fourniture de produits d epicerie pour le groupement de commande de denrees alimentaires des EPLE et structures publiques de la zone Pyrenees Atlantiques / Sud des Landes 2024 - Lot 2 Biscuits Petit dejeuner,266074.62,15000000-8,Alimentaire,Appel d'offres ouvert,2023-12-07,21640410300014,,47698032100295,,Mourenx,Révisable
2023142600,CONSOMMABLES D'USURE MECANIQUE,100000.0,34300000-0,Transport & véhicules,Procédure adaptée,2023-12-07,21400046500010,,41059693600014,,BISCARROSSE,Révisable
202323125500,Fourniture de denrées alimentaires pour le compte du groupement de commandes coordonné par le CH VERDUN SAINT-MIHIEL: Lot 76: Boissons (CH VSM),297236.0,15980000-1,Alimentaire,Appel d'offres ouvert,2023-12-07,20003978200012,,47698032100378,,GHT Coeur Grand Est,Révisable
202323126100,"Fourniture de denrées alimentaires pour le compte du groupement de commandes coordonné par le CH VERDUN SAINT-MIHIEL: Lot 46: Plats cuisinés, pâtisseries charcutières, pizzas, quiches, tartes, tourtes surgelés",440438.0,15896000-5,Alimentaire,Appel d'offres ouvert,2023-12-07,20003978200012,,55204499202564,,GHT Coeur Grand Est,Révisable
202323125500,Fourniture de denrées alimentaires pour le compte du groupement de commandes coordonné par le CH VERDUN SAINT-MIHIEL: Lot 74: Produits élaborés en poche (conserves),191400.0,15893100-5,Alimentaire,Appel d'offres ouvert,2023-12-07,20003978200012,,47698032100378,,GHT Coeur Grand Est,Révisable
202323125500,Fourniture de denrées alimentaires pour le compte du groupement de commandes coordonné par le CH VERDUN SAINT-MIHIEL: Lot 54: Boissons chaudes et accompagnements,811603.0,15890000-3,Alimentaire,Appel d'offres ouvert,2023-12-07,20003978200012,,47698032100378,,GHT Coeur Grand Est,Révisable
202323125300,Fourniture de denrées alimentaires pour le compte du groupement de commandes coordonné par le CH VERDUN SAINT-MIHIEL: Lot 61: Purée - préparation déshydratée - granulée sans sel,118708.0,15312100-9,Alimentaire,Appel d'offres ouvert,2023-12-07,20003978200012,,37928011800058,,GHT Coeur Grand Est,Révisable
202323126200,Fourniture de denrées alimentaires pour le compte du groupement de commandes coordonné par le CH VERDUN SAINT-MIHIEL: Lot 69: Produits pour pâtisserie,45819.0,15893100-5,Alimentaire,Appel d'offres ouvert,2023-12-07,20003978200012,,34143410800062,,GHT Coeur Grand Est,Révisable
202398487600,Achat de fourgonnettes transformées 4x4 et Chantier: Lot 1: Fourgonnettes 4x4 - 3 m3,102600.0,34113300-5,Transport & véhicules,Procédure adaptée,2023-12-07,20006743700018,,41204429900029,,Digne les Bains,Ferme
24998190,"Acquisition, pose et maintenance de Défibrillateurs Entièrement Automatiques (DEA) dans les Établissements Recevant du Public de Moulins Communauté",11484.0,33182100-0,Matériel médical,Procédure adaptée,2023-12-07,20007114000012,,53116589200021,6.0,,Mixte
202323125700,Fourniture de denrées alimentaires pour le compte du groupement de commandes coordonné par le CH VERDUN SAINT-MIHIEL: Lot 77: Entrées lisses salées (individuel),547200.0,15893100-5,Alimentaire,Appel d'offres ouvert,2023-12-07,20003978200012,,31469638600064,,GHT Coeur Grand Est,Révisable
202323125300,Fourniture de denrées alimentaires pour le compte du groupement de commandes coordonné par le CH VERDUN SAINT-MIHIEL: Lot 63: Purée - préparation déshydratée - complète sans sel,167618.0,15312100-9,Alimentaire,Appel d'offres ouvert,2023-12-07,20003978200012,,37928011800058,,GHT Coeur Grand Est,Révisable
202323103100,DLA FOURNITURE PAPIERS TRX IMPRESSION ET REPROGRAPHIE,63000.0,30197630-1,Informatique & bureautique,Procédure adaptée,2023-12-07,21350288300019,,33044098300055,,SAINT MALO,Révisable
20240000100,Marché alloti de raccordement du quartier de Failloué à la STEP Lot 1-Canalisations,1336466.7,44162500-8,Matériaux de construction,Procédure adaptée,2023-12-07,21080200500061,,45165878500030,,Les Hautes-Rivières,Révisable
2023ACENASUL0300,Marche de Fourniture de produits surgeles pour le groupement de commande de denrees alimentaires des EPLE et structures publiques de la zone Pyrenees Atlantiques / Sud des Landes 2024 - Lot 3 Poissons et Produits de la mer,832900.39,15000000-8,Alimentaire,Appel d'offres ouvert,2023-12-07,21640410300014,,31680701501340,,Mourenx,Révisable
2023ACENAEPL0400,Marche de Fourniture de produits d epicerie pour le groupement de commande de denrees alimentaires des EPLE et structures publiques de la zone Pyrenees Atlantiques / Sud des Landes 2024 - Lot 5 Boissons,50462.27,15000000-8,Alimentaire,Appel d'offres ouvert,2023-12-07,21640410300014,,38500623400012,,Mourenx,Révisable
202323125500,Fourniture de denrées alimentaires pour le compte du groupement de commandes coordonné par le CH VERDUN SAINT-MIHIEL: Lot 75: Boissons (hors CH VSM),1149714.0,15980000-1,Alimentaire,Appel d'offres ouvert,2023-12-07,20003978200012,,47698032100378,,GHT Coeur Grand Est,Révisable
202323126100,Fourniture de denrées alimentaires pour le compte du groupement de commandes coordonné par le CH VERDUN SAINT-MIHIEL: Lot 92: Divers surgelés (EGALIM),438900.0,15896000-5,Alimentaire,Appel d'offres ouvert,2023-12-07,20003978200012,,55204499202564,,GHT Coeur Grand Est,Révisable
202323124700,Fourniture de denrées alimentaires pour le compte du groupement de commandes coordonné par le CH VERDUN SAINT-MIHIEL: Lot 22: Entrées individuelles,125538.0,15893100-5,Alimentaire,Appel d'offres ouvert,2023-12-07,20003978200012,,33934164600067,,GHT Coeur Grand Est,Révisable
202323125500,Fourniture de denrées alimentaires pour le compte du groupement de commandes coordonné par le CH VERDUN SAINT-MIHIEL: Lot 64: Purée - préparation déshydratée - flocon,24131.0,15312100-9,Alimentaire,Appel d'offres ouvert,2023-12-07,20003978200012,,47698032100378,,GHT Coeur Grand Est,Révisable
2023142500,PIECES DETACHEES ADAPTABLES POUR VEHICULES LEGERS,100000.0,34300000-0,Transport & véhicules,Procédure adaptée,2023-12-07,21400046500010,,41059693600014,,BISCARROSSE,Ferme et actualisable
202323126100,Fourniture de denrées alimentaires pour le compte du groupement de commandes coordonné par le CH VERDUN SAINT-MIHIEL: Lot 42: Autres pâtisseries individuelles surgelées,17017.0,15896000-5,Alimentaire,Appel d'offres ouvert,2023-12-07,20003978200012,,55204499202564,,GHT Coeur Grand Est,Révisable
202323125500,Fourniture de denrées alimentaires pour le compte du groupement de commandes coordonné par le CH VERDUN SAINT-MIHIEL: Lot 96: Vins (EGALIM),18792.0,15910000-0,Alimentaire,Appel d'offres ouvert,2023-12-07,20003978200012,,47698032100378,,GHT Coeur Grand Est,Révisable
202323126300,"Fourniture de denrées alimentaires pour le compte du groupement de commandes coordonné par le CH VERDUN SAINT-MIHIEL: Lot 15: Pâtés, terrines et mousses",103091.0,15131120-2,Alimentaire,Appel d'offres ouvert,2023-12-07,20003978200012,,31680701501340,,GHT Coeur Grand Est,Révisable
202323126100,"Fourniture de denrées alimentaires pour le compte du groupement de commandes coordonné par le CH VERDUN SAINT-MIHIEL: Lot 31: Fromages (ingrédients, à la coupe, à la pièce, portion)",1400536.0,15500000-3,Alimentaire,Appel d'offres ouvert,2023-12-07,20003978200012,,55204499202564,,GHT Coeur Grand Est,Révisable
202323125800,Fourniture de denrées alimentaires pour le compte du groupement de commandes coordonné par le CH VERDUN SAINT-MIHIEL: Lot 03: Barbecue - viandes fraîches,80225.0,15119000-5,Alimentaire,Appel d'offres ouvert,2023-12-07,20003978200012,,58288022500013,,GHT Coeur Grand Est,Révisable
202323125200,Fourniture de denrées alimentaires pour le compte du groupement de commandes coordonné par le CH VERDUN SAINT-MIHIEL: Lot 53: Cafés,391708.0,15860000-4,Alimentaire,Appel d'offres ouvert,2023-12-07,20003978200012,,34392339700024,,GHT Coeur Grand Est,Révisable
202323125500,"Fourniture de denrées alimentaires pour le compte du groupement de commandes coordonné par le CH VERDUN SAINT-MIHIEL: Lot 67: Sauces, aides culinaires, soupes-veloutés",296108.0,15891400-4,Alimentaire,Appel d'offres ouvert,2023-12-07,20003978200012,,47698032100378,,GHT Coeur Grand Est,Révisable
2023017600,SERO - GS 2023 - BVD E0 - IDEXX - LOT 4,145000.0,33696500-0,Matériel médical,Appel d'offres ouvert,2023-12-07,22530001100494,,38086578200052,,MAYENNE,Révisable
202323AP200100,LOT07 SERRURERIE - TRVX AMGT FORUM DES PERTUIS,119990.0,44316500-3,Matériaux de construction,Procédure adaptée,2023-12-07,24170043400020,,82240671600016,,LA ROCHELLE,Ferme
202323124900,Fourniture de denrées alimentaires pour le compte du groupement de commandes coordonné par le CH VERDUN SAINT-MIHIEL: Lot 38: Ovoproduits élaborés (surgelés),93300.0,15896000-5,Alimentaire,Appel d'offres ouvert,2023-12-07,20003978200012,,51587054100031,,GHT Coeur Grand Est,Révisable
2023-LOT800,SERRURERIE,68696.86,44316500-3,Matériaux de construction,Procédure adaptée,2023-12-07,26540073900099,,88105663400010,,CCAS,Révisable
202398451600,Extension de la Maison des Jeunes: Lot 7: Lot 7 - Cloisons - Doublages - Plafonds - Isolation,18701.0,44112300-1,Matériaux de construction,Procédure adaptée,2023-12-07,21440066500011,,51221982500019,,GRANDCHAMP DES FONTAINES,Ferme et actualisable
20240000200,Marché alloti de raccordement du quartier de Failloué à la STEP Lot 2-Pompages,154413.5,44162500-8,Matériaux de construction,Procédure adaptée,2023-12-07,21080200500061,,45165878500030,,Les Hautes-Rivières,Révisable
202323125600,Fourniture de denrées alimentaires pour le compte du groupement de commandes coordonné par le CH VERDUN SAINT-MIHIEL: Lot 16: Autres pâtés,4716.0,15131120-2,Alimentaire,Appel d'offres ouvert,2023-12-07,20003978200012,,34339778200016,,GHT Coeur Grand Est,Révisable
202323125800,Fourniture de denrées alimentaires pour le compte du groupement de commandes coordonné par le CH VERDUN SAINT-MIHIEL: Lot 12: Autres saucisses,19720.0,15131120-2,Alimentaire,Appel d'offres ouvert,2023-12-07,20003978200012,,58288022500013,,GHT Coeur Grand Est,Révisable
2023ACENAEPL0600,"Marche de Fourniture de produits d epicerie pour le groupement de commande de denrees alimentaires des EPLE et structures publiques de la zone Pyrenees Atlantiques / Sud des Landes 2024 - Lot 6 Huile, Condiments et autres",687385.55,15000000-8,Alimentaire,Appel d'offres ouvert,2023-12-07,21640410300014,,38500623400012,,Mourenx,Révisable
202323125700,"Fourniture de denrées alimentaires pour le compte du groupement de commandes coordonné par le CH VERDUN SAINT-MIHIEL: Lot 80: Légumes lisses, salés (individuel)",87200.0,15893100-5,Alimentaire,Appel d'offres ouvert,2023-12-07,20003978200012,,31469638600064,,GHT Coeur Grand Est,Révisable
202323125600,Fourniture de denrées alimentaires pour le compte du groupement de commandes coordonné par le CH VERDUN SAINT-MIHIEL: Lot 07: Volaille - viandes cuites,122827.0,15119000-5,Alimentaire,Appel d'offres ouvert,2023-12-07,20003978200012,,34339778200016,,GHT Coeur Grand Est,Révisable
202323126100,"Fourniture de denrées alimentaires pour le compte du groupement de commandes coordonné par le CH VERDUN SAINT-MIHIEL: Lot 17: Porc fumé, cuit ou à cuire",90968.0,15131120-2,Alimentaire,Appel d'offres ouvert,2023-12-07,20003978200012,,55204499202564,,GHT Coeur Grand Est,Révisable
202323124900,Fourniture de denrées alimentaires pour le compte du groupement de commandes coordonné par le CH VERDUN SAINT-MIHIEL: Lot 32: Ovoproduits frais,181347.0,15500000-3,Alimentaire,Appel d'offres ouvert,2023-12-07,20003978200012,,51587054100031,,GHT Coeur Grand Est,Révisable
202323N0107-0000,DB - CONCEPTION ET MAQUETTAGE D'OUVRAGES ARCHEOLOGIQUES,80000.0,34999400-0,Transport & véhicules,Procédure adaptée,2023-12-07,20003019500115,,52469756200022,,NICE CEDEX 4,Révisable
2023ACENASUL0400,Marche de Fourniture de produits surgeles pour le groupement de commande de denrees alimentaires des EPLE et structures publiques de la zone Pyrenees Atlantiques / Sud des Landes 2024 - Lot 4 entrees et plats prepares,313452.11,15000000-8,Alimentaire,Appel d'offres ouvert,2023-12-07,21640410300014,,55204499202382,,Mourenx,Révisable
202323126500,Fourniture de denrées alimentaires pour le compte du groupement de commandes coordonné par le CH VERDUN SAINT-MIHIEL: Lot 02: Porc - Viandes fraîches,176549.0,15119000-5,Alimentaire,Appel d'offres ouvert,2023-12-07,20003978200012,,54695037900224,,GHT Coeur Grand Est,Révisable
202323126100,Fourniture de denrées alimentaires pour le compte du groupement de commandes coordonné par le CH VERDUN SAINT-MIHIEL: Lot 14: Saucissons sec + 5ème gamme,48696.0,15131120-2,Alimentaire,Appel d'offres ouvert,2023-12-07,20003978200012,,55204499202564,,GHT Coeur Grand Est,Révisable
202323126100,"Fourniture de denrées alimentaires pour le compte du groupement de commandes coordonné par le CH VERDUN SAINT-MIHIEL: Lot 33: Fromages blancs, petits suisses, yaourts",694678.0,15551000-5,Alimentaire,Appel d'offres ouvert,2023-12-07,20003978200012,,55204499202564,,GHT Coeur Grand Est,Révisable
202323126100,Fourniture de denrées alimentaires pour le compte du groupement de commandes coordonné par le CH VERDUN SAINT-MIHIEL: Lot 21: Jambon cru,6538.0,15131120-2,Alimentaire,Appel d'offres ouvert,2023-12-07,20003978200012,,55204499202564,,GHT Coeur Grand Est,Révisable
202323126100,"Fourniture de denrées alimentaires pour le compte du groupement de commandes coordonné par le CH VERDUN SAINT-MIHIEL: Lot 50: Boeuf, veau, agneau, porc surgelés",477653.0,15896000-5,Alimentaire,Appel d'offres ouvert,2023-12-07,20003978200012,,55204499202564,,GHT Coeur Grand Est,Révisable
202323125100,"Fourniture de denrées alimentaires pour le compte du groupement de commandes coordonné par le CH VERDUN SAINT-MIHIEL: Lot 26: Quiches, tartes individuelles",105144.0,15893100-5,Alimentaire,Appel d'offres ouvert,2023-12-07,20003978200012,,40171671700020,,GHT Coeur Grand Est,Révisable
202323124900,"Fourniture de denrées alimentaires pour le compte du groupement de commandes coordonné par le CH VERDUN SAINT-MIHIEL: Lot 30: Beurre, margarine, crème, lait",848580.0,15500000-3,Alimentaire,Appel d'offres ouvert,2023-12-07,20003978200012,,51587054100031,,GHT Coeur Grand Est,Révisable
202323126200,Fourniture de denrées alimentaires pour le compte du groupement de commandes coordonné par le CH VERDUN SAINT-MIHIEL: Lot 60: Purée - préparation déshydratée - flocon sans sel,96553.0,15312100-9,Alimentaire,Appel d'offres ouvert,2023-12-07,20003978200012,,34143410800062,,GHT Coeur Grand Est,Révisable
2023M09500,ACQUISITION DE MATERIEL LUMIERE SCENIQUE LED POUR LE THEATRE DE LAVAL (53),160976.55,31518100-1,Matériel électrique,Procédure adaptée,2023-12-07,20009410000019,,38073843500045,,COMMUNE DE LAVAL,Ferme
2023PRODENT0100,Nouvel Accord Cadre à BDC,140000.0,39830000-9,Mobilier & ménager,Procédure adaptée,2023-12-07,24340073600043,,32323319700033,,GANGES,Ferme et actualisable
2023ACENAEPL0100,Marche de Fourniture de produits d epicerie pour le groupement de commande de denrees alimentaires des EPLE et structures publiques de la zone Pyrenees Atlantiques / Sud des Landes 2024 - Lot 1 Conserves,395123.16,15000000-8,Alimentaire,Appel d'offres ouvert,2023-12-07,21640410300014,,47698032100295,,Mourenx,Révisable
2023017700,SERO - GS 2023 - BVD - IDEXX - LOT 5,45000.0,33696500-0,Matériel médical,Appel d'offres ouvert,2023-12-07,22530001100494,,38086578200052,,MAYENNE,Révisable
202323126100,"Fourniture de denrées alimentaires pour le compte du groupement de commandes coordonné par le CH VERDUN SAINT-MIHIEL: Lot 89: Beurre, margarine, lait, fromages (EGALIM)",1083387.0,15500000-3,Alimentaire,Appel d'offres ouvert,2023-12-07,20003978200012,,55204499202564,,GHT Coeur Grand Est,Révisable
202323126100,Fourniture de denrées alimentaires pour le compte du groupement de commandes coordonné par le CH VERDUN SAINT-MIHIEL: Lot 48: Volaille surgelée,479807.0,15896000-5,Alimentaire,Appel d'offres ouvert,2023-12-07,20003978200012,,55204499202564,,GHT Coeur Grand Est,Révisable
202323126300,Fourniture de denrées alimentaires pour le compte du groupement de commandes coordonné par le CH VERDUN SAINT-MIHIEL: Lot 93: Poissons surgelés (EGALIM),607981.0,15896000-5,Alimentaire,Appel d'offres ouvert,2023-12-07,20003978200012,,31680701501340,,GHT Coeur Grand Est,Révisable
202320232800300,LOT 3 : FOURGON L1 H1,61783.32,34136200-1,Transport & véhicules,Appel d'offres ouvert,2023-12-07,21974004000015,,47967345100023,,ETANG-SALE,Ferme
202423FS141100,PAIN ET BAGUETTE BIO,70000.0,15811100-7,Alimentaire,Appel d'offres ouvert,2023-12-07,21400312100016,,48753637700012,,TARNOS,Révisable
202323126200,Fourniture de denrées alimentaires pour le compte du groupement de commandes coordonné par le CH VERDUN SAINT-MIHIEL: Lot 66: Pâtes et légumes secs,272953.0,15850000-1,Alimentaire,Appel d'offres ouvert,2023-12-07,20003978200012,,34143410800062,,GHT Coeur Grand Est,Révisable
2023116C1500,STORES ET RIDEAUX,90000.0,39515410-2,Mobilier & ménager,Procédure adaptée,2023-12-07,21840087700013,,30544830000015,,ORANGE,Révisable
2023-0500,Construction d'un restaurant scolaire - Lot 3 Charpente Couverture,108000.0,44142000-7,Matériaux de construction,Procédure adaptée,2023-12-07,21830135600018,,32439625800034,,TAVERNES,Ferme et actualisable
2023ACENASUL0100,Marche de Fourniture de produits surgeles pour le groupement de commande de denrees alimentaires des EPLE et structures publiques de la zone Pyrenees Atlantiques / Sud des Landes 2024 - Lot 1 Legumes,788775.84,15000000-8,Alimentaire,Appel d'offres ouvert,2023-12-07,21640410300014,,31680701501340,,MOURENX,Révisable
20232023T400100,PIÈCES DÉTACHÉES ADAPTABLES POUR VÉHICULES DE MOINS DE 3.5 T,680000.0,34300000-0,Transport & véhicules,Appel d'offres ouvert,2023-12-07,20006340200016,,37823354800031,,ANNECY,Révisable
202323125500,Fourniture de denrées alimentaires pour le compte du groupement de commandes coordonné par le CH VERDUN SAINT-MIHIEL: Lot 59: Confiserie,145391.0,15840000-8,Alimentaire,Appel d'offres ouvert,2023-12-07,20003978200012,,47698032100378,,GHT Coeur Grand Est,Révisable
202323125300,Fourniture de denrées alimentaires pour le compte du groupement de commandes coordonné par le CH VERDUN SAINT-MIHIEL: Lot 57: Entremets édulcorés à chaud,8178.0,15893200-6,Alimentaire,Appel d'offres ouvert,2023-12-07,20003978200012,,37928011800058,,GHT Coeur Grand Est,Révisable
202323125500,"Fourniture de denrées alimentaires pour le compte du groupement de commandes coordonné par le CH VERDUN SAINT-MIHIEL: Lot 68: Condiments, épices, huiles et graisses, apéritif-cocktail",443743.0,15800000-6,Alimentaire,Appel d'offres ouvert,2023-12-07,20003978200012,,47698032100378,,GHT Coeur Grand Est,Révisable
202323125500,Fourniture de denrées alimentaires pour le compte du groupement de commandes coordonné par le CH VERDUN SAINT-MIHIEL: Lot 95: Légumes / fruits en poche (EGALIM),138172.0,15893100-5,Alimentaire,Appel d'offres ouvert,2023-12-07,20003978200012,,47698032100378,,GHT Coeur Grand Est,Révisable
2023X14000,LOT 1 ACQUISITION PAPIER ET DIVERS SUPPORTS DE COMMUNICATION  PAPIERS BLANCS ET AUTRES SUPPORTS POUR IMPRESSION NUMERIQUE HAUT VOLUME PAPIERS DE COULEUR ET PAPIERS DE CREATION,130000.0,30197630-1,Informatique & bureautique,Procédure adaptée,2023-12-07,22880001700011,,33044098300055,,LES VOSGES,Révisable
20242024003L0200,Fourniture de papier a usage d impression et de reprographie,170000.0,30197630-1,Informatique & bureautique,Appel d'offres ouvert,2023-12-06,21790003400018,,32201998500033,,AIFFRES,Ferme
2023BATSTOCK0300,LOT 3 CHARPENTE METALLIQUE,68593.08,44142000-7,Matériaux de construction,Procédure adaptée,2023-12-06,20007288200018,,50991089900020,,LE POIRE SUR VIE,Révisable
249967936,Construction de la maison de jeunesse du Pont et d'un restaurant collectif à Marcq-en-Baroeul: Lot 6: Peintures - Revêtements de sols souples,24193.0,44111400-5,Matériaux de construction,Procédure adaptée,2023-12-06,21590378200013,,30099045400021,3.0,,Forfaitaire
243195,"Fourniture de DM de cicatrisation, contention et immobilisation au profit des adhérents du GCS GRAPS Grand Est - Marchés Négociés - lots 22, 26",17305.0,33600000-6,Matériel médical,Marché passé sans publicité ni mise en concurrence préalable,2023-12-06,13002682600011,,35215450400034,1.0,,Unitaire
202323190800,ACQUISITION DE MEDAILLES D HONNEUR ET AUTRES DECORATIONS POUR LES AGENTS DE LA REGION PROVENCE ALPES COTE D AZUR,120000.0,18512200-3,Vêtements,Procédure adaptée,2023-12-06,23130002100012,,35290549100077,,BOUCHES DU RHONE,Révisable
20232023T380000,"ACQUISITION, LOCATION ET MAINTENANCE, DE TERMINAUX DE PAIEM",60000.0,30233300-4,Informatique & bureautique,Procédure adaptée,2023-12-06,20006340200016,,42069377200030,,ANNECY,Révisable
202323F11000100,ACQUISITION ET MAINTENANCE D UNE IMPRIMANTE NUMERIQUE COULEUR A HAUT DEBIT,300000.0,30232110-8,Informatique & bureautique,Appel d'offres ouvert,2023-12-06,21060004500012,,73820526901882,,ANTIBES,Révisable
2446456,"Construction de 30 logements collectifs et de leurs abords, répartis en deux bâtiments, ZAC de l'ancienne gare à CARVIN ( 62): Lot 4: Serrurerie",74350.0,44316500-3,Matériaux de construction,Procédure adaptée,2023-12-06,32791063400069,,46350001700025,3.0,,Forfaitaire
2023M23067L0201,LOT 2 - Béton bouchardé,97507.0,44114000-2,Matériaux de construction,Procédure adaptée,2023-12-06,21710270600017,,45075769500041,,MACON CEDEX,Révisable
20232023F0002000,Fourniture de bacs roulants pour la collecte sélective,116800.0,34928480-6,Transport & véhicules,Procédure adaptée,2023-12-06,24561441700054,,51182108400031,,(56) Morbihan,Ferme
2024319300,"Fourniture de DM de cicatrisation, contention et immobilisation au profit des adhérents du GCS GRAPS Grand Est - Marchés  Négociés - lot 27",5952.0,33600000-6,Matériel médical,Appel d'offres ouvert,2023-12-06,13002682600011,,77570245900048,,GRAND EST,Révisable
2024319501,"Fourniture de DM de cicatrisation, contention et immobilisation au profit des adhérents du GCS GRAPS Grand Est - Marchés Négociés - lots 22, 26",17305.0,33600000-6,Matériel médical,Marché passé sans publicité ni mise en concurrence préalable,2023-12-06,13002682600011,,35215450400034,,GRAND EST,Révisable
202330395200,Fourniture de répétiteur sonore pour feux piétons,89000.0,33196200-2,Matériel médical,Procédure adaptée,2023-12-06,24250036100017,,84901274500014,,Département du Doubs,Ferme
202324A00,Lot 1  Ustensiles et petits matériels de nettoyage,180000.0,39830000-9,Mobilier & ménager,Appel d'offres ouvert,2023-12-06,21780586000012,,37844262800012,,SARTROUVILLE,Révisable
2023041223BC0600,LOT 9 REVETEMENTS DE SOLS,250000.0,44112200-0,Matériaux de construction,Procédure adaptée,2023-12-06,21790191700013,,90444619200018,,NIORT CEDEX,Révisable
202323M00110000,SIDEC - PLATEFORME CARTOGRAPHIQUE GEOJURA V2,320000.0,48326000-9,Logiciels,Procédure adaptée,2023-12-06,25390109400016,,50815297200032,,LONS LE SAUNIER,Révisable
20232023T360300,PIÈCES DÉTACHÉES TOUTES MARQUES POUR BENNES À ORDURES MÉNAGÈ,520000.0,34300000-0,Transport & véhicules,Appel d'offres ouvert,2023-12-06,20006340200016,,77812846200034,,ANNECY,Révisable
202324D00,Lot 4  Sacs poubelles et produits assimilés,140000.0,39830000-9,Mobilier & ménager,Appel d'offres ouvert,2023-12-06,21780586000012,,37844262800012,,SARTROUVILLE,Révisable
2023SI03100,FOURN OFFRE GLOBALE ET INTEGREE SERVICES TELECOM - FOURNITURE ACCES INTERNET,300000.0,32412110-8,Télécommunications,Appel d'offres ouvert,2023-12-06,25330661700015,,38012986645100,,SAINT-DENIS-DE-PILE,Révisable
2023MSN00700,FOURNITURE D'ARTICLES DIVERS DE CUISINE A USAGE UNIQUE,40000.0,39222100-5,Mobilier & ménager,Marché négocié sans publicité ni mise en concurrence préalable,2023-12-06,21650440700018,,38500623400160,,TARBES,Révisable
20232024F0000100,Fourniture et installation de bâtiments modulaires accueillant 2 salles de classe banalisées au Collège de Kerallan à Plouzané (29280),35488.06,44211100-3,Matériaux de construction,Procédure adaptée,2023-12-06,22290001100016,,68555065900252,,(29) Finistère,Révisable
20232023170300,Travaux d'installation d'un bâtiment modulaire et création d'un hangar de stockage: Lot 3: Bâtiment modulaire,268612.0,44211100-3,Matériaux de construction,Procédure adaptée,2023-12-06,21440026900012,,39043733300052,,Carquefou,Ferme et actualisable
202398755200,Acquisition d'un rhéomètre avec maintenance et consommables associés,73653.0,38428000-1,Instruments de mesure,Procédure adaptée,2023-12-06,77574110100031,,,,GUSTAVE ROUSSY,Ferme
202324B00,Lot 2  Produits d'entretien,360000.0,39830000-9,Mobilier & ménager,Appel d'offres ouvert,2023-12-06,21780586000012,,34821440400033,,SARTROUVILLE,Révisable
2023M23067L0300,"LOT 3 - Mobilier, jardinière et cuve eaux pluviales",69970.0,34928400-2,Transport & véhicules,Procédure adaptée,2023-12-06,21710270600017,,52103291200011,,MACON CEDEX,Révisable
202324E00,Lot 5  Machines et outils mécanisés,140000.0,39830000-9,Mobilier & ménager,Appel d'offres ouvert,2023-12-06,21780586000012,,37844262800012,,SARTROUVILLE,Révisable
2023V3S389060900,MARCHE SUBSEQUENT N°9 : ACQUISITION D UN GRIL POUR LA PATINOIRE DE LIMOGES,104353.66,31500000-1,Matériel électrique,Appel d'offres ouvert,2023-12-06,21870850100018,,34222066200023,,VILLE DE LIMOGES,Ferme
2023_06400,FOURNITURE MATERIELS ET PIECES DETACHEES D EQUIPEMENT SONORE LUMINEUX DE MARQUE MERCURA,150000.0,34928471-0,Transport & véhicules,Appel d'offres ouvert,2023-12-06,28060051100024,,31099989100040,,Alpes-Maritimes,Révisable
20232306904PR00,AC FOURNITURE D OUTILLAGE QUINCAILLERIE ET SIGNALETIQUE - OUTILLAGE ELECTROPORTATIF ET ACCESSOIRES,54000.0,44510000-8,Matériaux de construction,Procédure adaptée,2023-12-06,21830068900013,,56382048900182,,GRIMAUD,Ferme
2023200700,"Maintenances, acquisitions, évolutions et prestations associées relatives aux progiciels de gestion des ressources humaines",600000.0,48450000-7,Logiciels,Marché négocié sans publicité ni mise en concurrence préalable,2023-12-06,22730001900014,,34054699300668,,CHAMBERY,Révisable
2024M4B0033DG00,"Location, mise en place et exploitation de matériel de sonorisation et d'éclairage",66888.8,32342410-9,Télécommunications,Marché négocié sans publicité ni mise en concurrence préalable,2023-12-06,24340001700022,,88495456100012,,MONTPELLIER MEDITERRANEE METRO,Ferme
2024319400,"Fourniture de DM de cicatrisation, contention et immobilisation au profit des adhérents du GCS GRAPS Grand Est - Marchés Négociés - lot 99",3754.0,33600000-6,Matériel médical,Marché passé sans publicité ni mise en concurrence préalable,2023-12-06,13002682600011,,81961453800018,,GRAND EST,Révisable
249898792,ACCORD CADRE A BONS DE COMMANDE MULTI ATTRIBUTAIRES POUR LA FOURNITURE DE DENREES ALIMENTAIRES- CHALET LES AIRELLES: Lot 2: BISCUITERIE,10000.0,15820000-2,Alimentaire,Appel d'offres ouvert,2023-12-06,21660124500014,,38500623400038,1.0,,Unitaire
202323080000,PRODUITS ET MATERIELS POUR ENTRETIEN MENAGER ET HYGIENE DES LOCAUX,40000.0,39224000-8,Mobilier & ménager,Procédure adaptée,2023-12-06,21740305400018,,40799550500010,,VILLE-LA-GRAND,Ferme
2023M23068L0300,LOT 3 - Mobilier,167141.7,34928400-2,Transport & véhicules,Procédure adaptée,2023-12-06,21710270600017,,52103291200011,,MACON CEDEX,Révisable
249898781,ACCORD CADRE A BONS DE COMMANDE MULTI ATTRIBUTAIRES POUR LA FOURNITURE DE DENREES ALIMENTAIRES- CHALET LES AIRELLES: Lot 1: EPICERIE,40000.0,15800000-6,Alimentaire,Appel d'offres ouvert,2023-12-06,21660124500014,,31680701501340,3.0,,Unitaire
249898803,ACCORD CADRE A BONS DE COMMANDE MULTI ATTRIBUTAIRES POUR LA FOURNITURE DE DENREES ALIMENTAIRES- CHALET LES AIRELLES: Lot 3: SURGELES,86000.0,15896000-5,Alimentaire,Appel d'offres ouvert,2023-12-06,21660124500014,,31680701500151,6.0,,Unitaire
20232023F0002500,Acquisition et livraison d'un porte outils articulé avec 4 outils.,83250.0,34134000-5,Transport & véhicules,Procédure adaptée,2023-12-06,21350068900251,,44017872100021,,(35) Ille-et-Vilaine,Ferme
2024319500,"Fourniture de DM de cicatrisation, contention et immobilisation au profit des adhérents du GCS GRAPS Grand Est - Marchés Négociés - lots 22, 26",17305.0,33600000-6,Matériel médical,Marché passé sans publicité ni mise en concurrence préalable,2023-12-06,13002682600011,,35215450400034,,GRAND EST,Révisable
20232023170500,Travaux d'installation d'un bâtiment modulaire et création d'un hangar de stockage: Lot 5: Mobilier,12000.0,39100000-3,Mobilier & ménager,Procédure adaptée,2023-12-06,21440026900012,,39043733300052,,Carquefou,Ferme et actualisable
20232023F0010700,Acquisition de deux balayeuses de voirie dans le cadre du programme de remplacement et d'extension du parc automobile de la Ville de Vannes pour les années 2024-2025,348000.0,34144431-8,Transport & véhicules,Appel d'offres ouvert,2023-12-06,21560260800014,,38388818700028,,(56) Morbihan,Révisable
202398744500,Amenagement d'un espace de bureaux multifonctions coworking - lot 09 : serrurerie (suite infructuosite),20328.0,44316500-3,Matériaux de construction,Procédure adaptée,2023-12-06,21570332300257,,83137489700021,,Coworking - Commune de Hombourg-Haut,Révisable
20232344FL0100,ACCORD CADRE POUR LA FOURNITURE DE LIVRES SCOLAIRES ET PETITE ENFANCE,75000.0,22111000-1,Imprimés,Procédure adaptée,2023-12-06,21010283600017,,49815136400045,,OYONNAX CEDEX,Révisable
2023M23068L0200,LOT 2 -béton bouchardé,188230.0,44114000-2,Matériaux de construction,Procédure adaptée,2023-12-06,21710270600017,,45075769500041,,MACON CEDEX,Révisable
249967969,Construction de la maison de jeunesse du Pont et d'un restaurant collectif à Marcq-en-Baroeul: Lot 9: Équipements de cuisine,20041.0,39141000-2,Mobilier & ménager,Procédure adaptée,2023-12-06,21590378200013,,39056259300025,4.0,,Forfaitaire
2023_06300,FOURNITURE MATERIELS ET PIECES DETACHEES D EQUIPEMENT SONORE ET LUMINEUX DE MARQUE SIGNALTEC,200000.0,34928471-0,Transport & véhicules,Appel d'offres ouvert,2023-12-06,28060051100024,,51109807100026,,Alpes-Maritimes,Révisable
24988440,Entretien et maintenance (P2) des systèmes individuels de chauffage et production d'eau chaude sanitaire de 30 groupes du Patrimoine de MEDUANE HABITAT-53000 LAVAL,50700.0,39715000-7,Mobilier & ménager,Procédure adaptée,2023-12-06,55655032500030,,30134058406761,1.0,,Unitaire
20230170000,RENOVATION ET EXTENSION VIDEOPROTECION  ET MAINTENANCE,400000.0,32323500-8,Télécommunications,Appel d'offres ouvert,2023-12-05,21810099800010,,43408539500342,,GAILLAC,Révisable
249990371,Installation d'une cuisine dans les locaux de la chambre d'agriculture de cote d'or à Breteniere: Lot 1 : Chambre Négative,12100.0,39220000-0,Mobilier & ménager,Procédure adaptée,2023-12-05,13002171000012,,39119567400034,3.0,,Unitaire
2023661PA290100,FOURNITURE DE CANALISATION BÉTON,214999.0,44114220-0,Matériaux de construction,Procédure adaptée,2023-12-05,21850047800209,,38370639700049,,CHALLANS,Révisable
2023A23137P00,ACQUISITION DE MOBIL-HOMES D'OCCASION POUR LA MISE EN PLACE D'UN SITE D'ACCUEIL TEMPORAIRE_Lot 01 Mobil-homes 2 chambres,159600.0,34144800-6,Transport & véhicules,Procédure adaptée,2023-12-05,24490001500011,,51308310500017,,ANGERS,Ferme
202300852311200,FOURNITURE CAMION 4X4 OCCASION GAMME PORTE-OUTIL POUR VIABILITÉ HUVERNALE,393300.0,34143000-1,Transport & véhicules,Appel d'offres ouvert,2023-12-05,22810001200019,,38388818700028,,Tarn,Ferme et actualisable
24993767,Achat d'un véhicule 3.5t avec benne au profit de la cc elan,45000.0,34115000-6,Transport & véhicules,Procédure adaptée,2023-12-05,20006651200019,,75850037500095,3.0,,Unitaire
20232023067BG00,LOT2 RESEAUX DIVERS AMT ABORDS SALLE LES OREADES MONTSURS,104135.9,32400000-7,Télécommunications,Procédure adaptée,2023-12-05,20003329800015,,42028706200012,,EVRON,Révisable
202398615500,"Marché public de fournitures pour les ateliers pédagogiques et activités du Musée du Louvre-Lens: Lot 1 : fournitures matériels Beaux-Arts (papiers, toiles, crayons, peintures, fusains, encres, etc')",80000.0,30194300-8,Informatique & bureautique,Procédure adaptée,2023-12-05,20002766200028,,44455346500014,,Musée du Louvre-Lens,Révisable
2023A0062300,"2023-7 - acquisition de 3 fourgons aménagés et un châssis benne double cabine, 3,5 tonnes de ptac: Accord cadre",165852.0,34136200-1,Transport & véhicules,Appel d'offres ouvert,2023-12-05,22870851700989,,78925216000047,,CONSEIL DEPARTEMENTAL,Ferme
2023R037MS005400,DMSPAN 2024 _2023-R037_MS1__LOT_114,200000.0,33000000-0,Matériel médical,Appel d'offres ouvert,2023-12-05,13000501000025,,54204465600115,,FRANCE,Révisable
2023V3M23300AU00,ACHAT ET MAINTENANCE D UN COPIEUR DE PRODUCTION COULEUR,120000.0,30120000-6,Informatique & bureautique,Procédure adaptée,2023-12-05,21870850100018,,82409086400029,,VILLE DE LIMOGES,Ferme
202398159300,Salon International de l'Agriculture 2024 - 2027: Lot 1 : Salon International de l'Agriculture 2024 - 2027,960000.0,39154100-7,Mobilier & ménager,Appel d'offres ouvert,2023-12-05,13002171000012,,49354220300028,,Paris Porte Versailles,Révisable
2023032100,MNSC ACHAT 2 VL CH Les Andelys,33019.0,34100000-8,Transport & véhicules,Marché passé sans publicité ni mise en concurrence préalable,2023-12-05,26270874600215,,41963860600014,,eure,Ferme
202323PS022PS00,FOURNITURES ET SERVICES POUR LE PARC INFORMATIQUE REGIE LOT N°02,250000.0,30211400-5,Informatique & bureautique,Appel d'offres ouvert,2023-12-05,87995525000011,,39104149800034,,ST PAUL,Ferme
202398451900,Extension de la Maison des Jeunes: Lot 9: Lot 9 - Peinture - Ravalement,7947.0,44111400-5,Matériaux de construction,Procédure adaptée,2023-12-05,21440066500011,,53360945900037,,GRANDCHAMP DES FONTAINES,Ferme et actualisable
202318LC100,TRAVAUX RESEAU EAU POTABLE JARDINS FAMILIAUX,74982.0,44162500-8,Matériaux de construction,Marché négocié sans publicité ni mise en concurrence préalable,2023-12-05,21370122000013,,84066182100016,,JOUE LES TOURS,Ferme
2023CCOURRIER300,Gestion des courriers LOT 3 : Dématérialisation des courriers médicaux sortants,52000.0,48500000-3,Logiciels,Appel d'offres ouvert,2023-12-05,80076579400022,,80985406000054,,FRANCE,Révisable
2023R037MS000900,DMSPAN 2024 _2023-R037_MS1__LOTS_5_6,200000.0,33000000-0,Matériel médical,Appel d'offres ouvert,2023-12-05,13000501000025,,,,FRANCE,Révisable
2023-09L200,LOT No2 : BENNE DE COLLECTE DES DECHETS : CAISSON DE 19 A 21 M3 AVEC LEVE-CONTENEURS DOUBLE CHAISE AUTOMATIQUE (TREMIE HAUTE),133020.0,34144511-3,Transport & véhicules,Appel d'offres ouvert,2023-12-05,20005187800011,,77557300900047,,Molsheim,Ferme
2023F07200,ACQ. DE LIVRES MATERIELS PEDAGOGIQUES ET PETITS MATERIELS DE FCT POUR LES ECOLES DE LA VILLE,340000.0,22112000-8,Imprimés,Procédure adaptée,2023-12-05,21974007300016,,32743970900038,,COMMUNE DE LE PORT,Révisable
20232104700200,FOURNITURE DE SERVICE DE TELEPHONIE HEBERGEE,800000.0,30200000-1,Informatique & bureautique,Appel d'offres ouvert,2023-12-05,20006755100016,,50418936600082,,THONON LES BAINS CEDEX,Ferme
2023146700,AC MS R2306 RANGUEIL ISOTOPES INSTALATION D UNE GAMMA CAMERA,43545.2,44112000-8,Matériaux de construction,Appel d'offres ouvert,2023-12-05,26310012500016,,84725060200038,,Occitanie,Ferme
202340DGS0300,FOURNT ET POSE MATERIEL DE RESTAURATION,800000.0,39310000-8,Mobilier & ménager,Procédure adaptée,2023-12-05,21310557000013,,35099100600031,,TOURNEFEUILLE,Ferme
202301MEGEPN00,"ACCORD-CADRE A BONS DE COMMANDE : MAINTENANCE, EXPLOITATION ET GEOREFERENCEMENT D'UN ENSEMBLE DE PARCS D'ECLAIRAGE PUBLIC - LOT GEOGRAPHIQUE ""NORD""",82500.0,34993000-4,Transport & véhicules,Procédure adaptée,2023-12-05,25250828800047,,67555024800057,,Besançon,Ferme et actualisable
2023-09L400,LOT No4 : BENNES DE COLLECTE DES DECHETS : CAISSON DE 13 A 15 M3 AVEC LEVE-CONTENEURS DOUBLE CHAISE AUTOMATIQUE (TREMIE HAUTE),128560.0,34144510-6,Transport & véhicules,Appel d'offres ouvert,2023-12-05,20005187800011,,77557300900047,,Molsheim,Ferme
2023270700,Location longue durée de véhicules de service pour le GHT des Pyrénées Ariégeoises Lot 7 Frigo CHAC,162120.0,34144000-8,Transport & véhicules,Appel d'offres ouvert,2023-12-05,26090023800148,,30057104900018,,Ariège,Ferme
2023202399006,Renouvellement du réseau d'eau potable rue du Donon (entre la rue du Rebberg et la rue des Carrières),98737.0,44162500-8,Matériaux de construction,Procédure adaptée,2023-12-05,21570630000302,,41390920100209,,SARREBOURG,Ferme et actualisable
2023230590100,FOURNITURE DE MATERIEL ET MATERIAUX DE MACONNERIE,80000.0,44110000-4,Matériaux de construction,Procédure adaptée,2023-12-05,21060030000011,,48765225700022,,LE CANNET,Révisable
2023270600,Location longue durée de véhicules de service pour le GHT des Pyrénées Ariégeoises Lot 6 Frigo CHIVA,118704.0,34144000-8,Transport & véhicules,Appel d'offres ouvert,2023-12-05,26090023800148,,30057104900018,,Ariège,Ferme
2023-4400,FOURNITURE DE REPAS EN LIAISON FROIDE POUR LES CANTINES SCOLAIRES,180000.0,15800000-6,Alimentaire,Procédure adaptée,2023-12-05,21740218900013,,66202519660347,,Publier,Ferme
2023000002329200,"Fourniture et transport des granulats pour les travaux de renforcement et de réfection de la chaussée de la route d?Apatou entre le PK 4,50 et le PK 38,40 - lot 1",1118600.0,44113000-5,Matériaux de construction,Appel d'offres ouvert,2023-12-05,20005267800014,,38959884800023,,Apatou,Ferme et actualisable
202324000600100,ACQUISITION ET MAINTENANCE D'UN ARC DE MATERIELS DE REPROGRAPHIE MULTIFONCTIONS,136978.9,30121100-4,Informatique & bureautique,Appel d'offres ouvert,2023-12-05,20007089400015,,32631334300062,,CCGCNSG,Révisable
2022000000508600,SIFIU - MISE EN OEUVRE D'UNE GESTION FINANCIERE UNIFIEE Y COMPRIS MAINTENANCE ET PRESTATIONS ASSOCIEE,1000000.0,48440000-4,Logiciels,Dialogue compétitif,2023-12-05,24590042800013,,34054699300668,,DUNKERQUE,Ferme
2023A0314L0200,Fournitures et livraison de denrées alimentaires pour les besoins du Département. Lot 2 SURGELES.,600000.0,15896000-5,Alimentaire,Appel d'offres ouvert,2023-12-05,22060001900016,,81217556000026,,Département Alpes Maritimes,Révisable
202301MEGEPS00,"ACCORD-CADRE A BONS DE COMMANDE : MAINTENANCE, EXPLOITATION ET GEOREFERENCEMENT D'UN ENSEMBLE DE PARCS D'ECLAIRAGE PUBLIC - LOT GEOGRAPHIQUE ""SUD""",131500.0,34993000-4,Transport & véhicules,Procédure adaptée,2023-12-05,25250828800047,,67555024800057,,Besançon,Ferme et actualisable
202340DGS0400,FOURNT ET POSE MATERIEL DE RESTAURATION,800000.0,39310000-8,Mobilier & ménager,Procédure adaptée,2023-12-05,21310557000013,,34831901300028,,TOURNEFEUILLE,Ferme
20232023T360200,Pièces détachées toutes marques pour balayeuses de voirie,360000.0,34300000-0,Transport & véhicules,Appel d'offres ouvert,2023-12-05,20006340200016,,80078012400049,,ANNECY,Révisable
2023-09L100,LOT No1 : CHASSIS 26 TONNES (ADAPTE POUR BENNE A ORDURES MENAGERES),117000.0,34144510-6,Transport & véhicules,Appel d'offres ouvert,2023-12-05,20005187800011,,44897040000025,,Molsheim,Ferme
249990382,Installation d'une cuisine dans les locaux de la chambre d'agriculture de cote d'or à Breteniere: Lot 2 : Chambre positive,10850.0,39220000-0,Mobilier & ménager,Procédure adaptée,2023-12-05,13002171000012,,39119567400034,2.0,,Unitaire
202340DGS0100,FOURNT ET POSE MATERIEL DE RESTAURATION,1200000.0,39310000-8,Mobilier & ménager,Procédure adaptée,2023-12-05,21310557000013,,33275798800040,,TOURNEFEUILLE,Ferme
2023016700,BIO-X - BIOLOGIE MOLECULAIRE - BVD EXTRACTION AMPLIFICATION,140000.0,33696500-0,Matériel médical,Appel d'offres ouvert,2023-12-05,22530001100494,,82420742700017,,MAYENNE,Révisable
249990393,Installation d'une cuisine dans les locaux de la chambre d'agriculture de cote d'or à Breteniere: Lot 3 : Hotte aspirante + plonge + panier essorage,10602.0,39220000-0,Mobilier & ménager,Procédure adaptée,2023-12-05,13002171000012,,39119567400034,2.0,,Unitaire
2024HET-Lot 300,Articles de protection à usage unique pour l'incontinence,6029967.59,33771200-7,Matériel médical,Appel d'offres ouvert,2023-12-05,13002791500011,,32515803800035,,Talence,Révisable
20232023-4400,LOT 1 : LLD ET ENTRETIEN DE VL ET DE TYPE LUDOSPACE A MOTEUR THERMIQUE,108023.0,34100000-8,Transport & véhicules,Appel d'offres ouvert,2023-12-05,21290039300019,,34911449600079,,CONCARNEAU,Ferme
20232306902PR00,AC FOURNITURE D OUTILLAGE QUINCAILLERIE ET SIGNALETIQUE - OUTILLAGE A MAIN ET QUINCAILLERIE,45000.0,44511000-5,Matériaux de construction,Procédure adaptée,2023-12-05,21830068900013,,66850296600041,,GRIMAUD,Ferme
2023MP00400,Fourniture et acheminement d'électricité pour les sites et équipements de la commune de Prémesques et prestations de services associés,179409.35,31682000-0,Matériel électrique,Procédure adaptée,2023-12-05,21590470700019,,55208131766522,,Prémesques,Ferme
2023054300,CAIH LOT 3 DEMATERIALISATION DES COURRIERS SORTANTS,159999.99,48500000-3,Logiciels,Appel d'offres ouvert,2023-12-05,20001803400013,,80985406000054,,SEINE ST DENIS,Révisable
2023VC9300,I-ACQUISITION MATERIEL INFORMATIQUE LENOVO SOCIETE ECONOM,62814.0,30200000-1,Informatique & bureautique,Procédure adaptée,2023-12-05,21030185900018,,33156643000384,,COMMUNE,Révisable
20232023T360100,BROSSES POUR BALAIS DE VOIRIE,200000.0,34300000-0,Transport & véhicules,Appel d'offres ouvert,2023-12-05,20006340200016,,2708022500017,,ANNECY,Révisable
2024066800,24M01 GAULOYS STRAGEN EURODEP,516761.24,33000000-0,Matériel médical,Appel d'offres ouvert,2023-12-05,26690025700046,,38455639500117,,Rhone,Révisable
202323CCA010000,ACHAT DE CHEQUES D ACCOMPAGNEMENT PERSONNALISE ALIMENTATION/HYGIENE,160000.0,22450000-9,Imprimés,Appel d'offres ouvert,2023-12-05,26691032200012,,64204436600242,,VILLEFRANCHE SUR SAONE CEDEX,Révisable
2024HET24Lot1000,Gants de Toilettes à Usage Unique,323727.91,33770000-8,Matériel médical,Appel d'offres ouvert,2023-12-05,13002791500011,,32515803800035,,Bègles,Ferme et actualisable
2024HET-Lot 1000,Gants de toilette à usage unique,323727.91,33770000-8,Matériel médical,Appel d'offres ouvert,2023-12-05,13002791500011,,32515803800035,,Talence,Révisable
202387200,LOT 2 - PETIT MOBILIER ET EQUIPEMENTS MEDICAUX,80000.0,33100000-1,Matériel médical,Appel d'offres ouvert,2023-12-05,22340001100076,,38747691400123,,MONTPELLIER CEDEX 4,Révisable
202323094100,DMRN EVOLUTION MAINTENANCE SOLUTION TELEPHONIE ALCATEL 1ERE PERIODE 300 000  HT,400000.0,32550000-3,Télécommunications,Appel d'offres ouvert,2023-12-05,21350288300019,,52325276500012,,SAINT MALO,Révisable
2023051223BDC00,La fourniture et livraison d d'articles de papeterie scolaire et travaux manuels,89000.0,39162110-9,Mobilier & ménager,Appel d'offres ouvert,2023-12-05,21790191700013,,30213540500124,,NIORT CEDEX,Ferme
2023VC9800,ACQUISITION LOGICIEL DE GESTION D INTERVENTIONS ET SERVICES DE LA DSI HELPDESK,72693.85,30200000-1,Informatique & bureautique,Procédure adaptée,2023-12-05,21030185900018,,42498265000014,,COMMUNE,Ferme
20242023F2800100,MATERIEL ET ACCESSOIRES DE SPECTACLES,40000.0,32342410-9,Télécommunications,Procédure adaptée,2023-12-05,21310149600015,,42212829800102,,COLOMIERS CEDEX,Révisable
202323M00120000,BORNES DE REHARGE DE VEHICULE ELECTRIQUE,53947.86,31224500-7,Matériel électrique,Procédure adaptée,2023-12-05,25390109400016,,64695005500038,,LONS LE SAUNIER,Ferme
202320230143-P00,LEPROJET CONSISTE EN ECHANGE INTER JEUNE ENGAGES ENTRE LE COSEIL MUNICIPAL DES JEUNES ET LE NATIONAL YOUTH COUNCIL DE L'ILE MAURICE,50794.47,34980000-0,Transport & véhicules,Marché négocié sans publicité ni mise en concurrence préalable,2023-12-05,20000883700011,,9413661100012,,MAMOUDZOU,Ferme
2023017000,BIO-X - BIO. MOL. - EQUINS,68000.0,33696500-0,Matériel médical,Appel d'offres ouvert,2023-12-05,22530001100494,,82420742700017,,MAYENNE,Révisable
202340DGS0200,FOURNT ET POSE MATERIEL DE RESTAURATION,320000.0,39310000-8,Mobilier & ménager,Procédure adaptée,2023-12-05,21310557000013,,82862158100036,,TOURNEFEUILLE,Ferme
2024HET24Lot4900,Produits de bien-être et de confort,101250.78,33741000-6,Matériel médical,Appel d'offres ouvert,2023-12-05,13002791500011,,34795633600015,,Bègles,Ferme et actualisable
20232306901PR00,AC FOURNITURES COURANTES SERVICES FOURNITURES OUTILLAGE QUINCAILLERIE- SIGNALETIQUE,60000.0,34928471-0,Transport & véhicules,Procédure adaptée,2023-12-05,21830068900013,,64605047600019,,GRIMAUD,Ferme et actualisable
202387101,LOT 1 - MATERIEL MEDICAL ET INSTRUMENTS DE TEST ET DE DIAGNOSTIC,340000.0,33190000-8,Matériel médical,Appel d'offres ouvert,2023-12-05,22340001100076,,38747691400123,,MONTPELLIER CEDEX 4,Révisable
2023-210000,RENOUVELLEMENT RESEAU EAU POTABLE AVENUES DE LA GONTRIE ET CIVEYRAC,105850.75,44162500-8,Matériaux de construction,Procédure adaptée,2023-12-05,21730171200063,,43998740500024,,MONTMELIAN,Ferme et actualisable
2024HET24-Lot300,Protections Adultes,6029967.59,33771200-7,Matériel médical,Appel d'offres ouvert,2023-12-05,13002791500011,,32515803800035,,Bègles,Ferme et actualisable
202324000600101,ACQUISITION ET MAINTENANCE D'UN ARC DE MATERIELS DE REPROGRAPHIE MULTIFONCTIONS,136978.9,30121100-4,Informatique & bureautique,Appel d'offres ouvert,2023-12-05,20007089400015,,32631334300062,,CCGCNSG,Révisable
20232023F0015100,Mise en place d’une solution d’affichage dynamique de diffusion de l’Information Voyageurs sur les écrans de la gare routière de Lorient,23405.0,48000000-8,Logiciels,Procédure adaptée,2023-12-05,20004217400090,,49805541700048,,(56) Morbihan,Révisable
202362700,Hp 7224/7226 et#8211; corbehem et#8211; construction de 2 batiments de 22 logements collectifs: Lot 14 : VRD,755957.0,32400000-7,Télécommunications,Procédure adaptée,2023-12-05,61682020500154,,56207750302501,,CORBEHEM,Révisable
202362600,Hp 7224/7226 et#8211; corbehem et#8211; construction de 2 batiments de 22 logements collectifs: Lot 13 : Serrurerie,177205.0,44316500-3,Matériaux de construction,Procédure adaptée,2023-12-05,61682020500154,,46350001700025,,CORBEHEM,Révisable
2023-0700,ACHAT D'UN VEHICULE 3.5 T AVEC BENNE,42867.75,34115000-6,Transport & véhicules,Procédure adaptée,2023-12-05,20006651200019,,75850037500095,,COMMUNAUTE DE COMMUNE ELAN 11 RUE GAY LUSSAC,Ferme
2023B24100,SYSTEME D INFORMATION FINANCIER UNIFIE FOURNITURE ET MISE EN OEUVRE D UNE GESTION FINANCIERE UNIFIEE Y COMPRIS MAINTENANCE ET PRESTATIONS ASSOCIEES,500000.0,48440000-4,Logiciels,Dialogue compétitif,2023-12-05,20002715900017,,34054699300668,,DUNKERQUE,Ferme
2023230960100,IMPRESSION,82000.0,22200000-2,Imprimés,Appel d'offres ouvert,2023-12-05,21350288300019,,33315830100015,,SAINT MALO,Révisable
2024ELECTRIC100,FOURNITURE ET ACHEMINEMENT ELECTRICITE,296328.0,31682000-0,Matériel électrique,Appel d'offres ouvert,2023-12-05,20007044900018,,44239544800057,,BUCHY,Ferme
20232023AO09700,"ACQUISITION, INSTALLATION ET MAINTENANCE DU DISPOSITIF DE VIDEOPROTECTION DE LA VILLE DE SAINT-TROPEZ",1200000.0,32323500-8,Télécommunications,Appel d'offres ouvert,2023-12-05,21830119000011,,39007255100018,,ST TROPEZ,Révisable
2023A23138P00,ACQUISITION DE MOBIL-HOMES D'OCCASION POUR LA MISE EN PLACE D'UN SITE D'ACCUEIL TEMPORAIRE_Lot 02 Mobil-homes 3 chambres,43500.0,34144800-6,Transport & véhicules,Procédure adaptée,2023-12-05,24490001500011,,51308310500017,,ANGERS,Ferme
2023-09L300,LOT No3 : CHASSIS 19 TONNES (ADAPTE POUR BENNE A ORDURES MENAGERES),102200.0,34144510-6,Transport & véhicules,Appel d'offres ouvert,2023-12-05,20005187800011,,44897040000025,,Molsheim,Ferme
249990404,Installation d'une cuisine dans les locaux de la chambre d'agriculture de cote d'or à Breteniere: Lot 4 : Braisière multifonction+Four Mixte,24635.0,39220000-0,Mobilier & ménager,Procédure adaptée,2023-12-05,13002171000012,,39119567400034,3.0,,Unitaire
2023RTS27D00,FOURNITURES ET SERVICES POUR LE DEPLOIEMENT DU TRI A LA SOURCE DES BIODECHETS PAR COMPOSTAGE DE PROXIMITE,300000.0,39234000-1,Mobilier & ménager,Appel d'offres ouvert,2023-12-05,24740074000095,,92253175100019,,Rumilly,Révisable
2023TCP0600,FOURNITURE SACS  POUR BIODECHETS,111000.0,18930000-7,Vêtements,Appel d'offres ouvert,2023-12-05,20009695600012,,77250060900031,,CA AGEN,Révisable
2023ELEC24-2500,Fourniture d'électricté et services associés,6000000.0,31682000-0,Matériel électrique,Appel d'offres restreint,2023-12-05,24050043900080,,81068723600010,,BRIANCON,Ferme
2023M09100,VETEMENTS ET EPI PERSONNEL MUNICIPAL - LOT 1 VETEMENTS DE TRAVAIL EPI SERVICES TECHNIQUES,140000.0,18100000-0,Vêtements,Procédure adaptée,2023-12-04,21130108000019,,33256495401043,,TARASCON,Révisable
2024066900,24M01 GAULOYS SUBSTIPHARM CSP,655426.64,33000000-0,Matériel médical,Appel d'offres ouvert,2023-12-04,26690025700046,,85720052100022,,Rhone,Révisable
202323TEC0300,FOURNITURE DE CARBURANT A LA POMPE PAR CARTES DE PAIEMENT,332560.0,30163100-0,Informatique & bureautique,Appel d'offres ouvert,2023-12-04,21740012600017,,53168044500024,,ANNEMASSE,Ferme
2024067000,24M01 GAULOYS SUN PHARMA,1576163.12,33000000-0,Matériel médical,Appel d'offres ouvert,2023-12-04,26690025700046,,31435748400117,,Rhone,Révisable
2024066100,24M01 GAULOYS PFIZER,3249474.8,33000000-0,Matériel médical,Appel d'offres ouvert,2023-12-04,26690025700046,,43362355000020,,Rhone,Révisable
20232023FS1300,Extension d'une infrastructure pour l'usage des réseaux sans fil (WIFI) de l'Ecole centrale de Lyon,250000.0,32424000-1,Télécommunications,Appel d'offres ouvert,2023-12-04,19690187000010,,44761665700055,,Ecole centrale de Lyon  campus d'Ecully et de Saint Etienne,Révisable
20232023007L100,Multifonction libre service  pour les services administratifs,90000.0,30121100-4,Informatique & bureautique,Appel d'offres ouvert,2023-12-04,21420127900012,,34331185800041,,MABLY,Révisable
2024065900,24M01 GAULOYS NORDIC PHARMA CSP,457730.44,33000000-0,Matériel médical,Appel d'offres ouvert,2023-12-04,26690025700046,,85720052100022,,Rhone,Révisable
2024064600,24M01 GAULOYS ETHYPHARM_CSP,563450.4,33000000-0,Matériel médical,Appel d'offres ouvert,2023-12-04,26690025700046,,85720052100022,,Rhone,Révisable
202323DAC04200,BIERES,80000.0,15950000-2,Alimentaire,Procédure adaptée,2023-12-04,21590359200081,,34403921900011,,LOON-PLAGE,Révisable
2024202315_L0100,FOURN ET LIVRAISON DE LIVRES IMPRIMES NEUFS NON SCOLAIRE A DESTINATION DE L ATELIER LEONARD DE VINCI ET DES BIBLIOTHEQUES MUNICIPALES DE VAULX EN VELIN - LIVRES A DESTINATION DES ADULTES ET ADOLESCENTS A PARTIR DE 11 A,78000.0,22113000-5,Imprimés,Procédure adaptée,2023-12-04,21690256900013,,95651314700192,,VAULX-EN-VELIN,Ferme
20230702,"Déploiement du dispositif ""Micro-Folie"" - Fourniture, installation et maintenance du matériel lié au musée numérique et fourniture de mobilier: Lot 2 : Mobilier",4673.0,39100000-3,Mobilier & ménager,Procédure adaptée,2023-12-04,21440212500071,,30270097600053,,VALLET,Ferme
2023A23069L0000,"FOURNITURE, INSTALLATION ET MAINTENANCE  DE MATERIELS DE VIDEO-PROTECTION URBAINE",8800000.0,32323500-8,Télécommunications,Appel d'offres ouvert,2023-12-04,21710270600017,,40986794200511,,MACON CEDEX,Révisable
2023F07100,ACQUISITIONS DE PETITS MATERIELS DE FONCTIONNEMENTS LOT 3,85000.0,39162100-6,Mobilier & ménager,Procédure adaptée,2023-12-04,26974031200013,,31083639000016,,LE PORT,Ferme
202398484400,FOURNITURES DES VETEMENTS ET DES EPI POUR LE PERSONNEL MUNICIPAL: Lot 2 : VETEMENTS DE TRAVAIL POUR TECHNICIENNES DE SURFACE ATSEM ET PERSONNEL DE CRECHE,15000.0,18100000-0,Vêtements,Procédure adaptée,2023-12-04,21130108000019,,33256495401043,,commune tarascon,Révisable
2024064900,24M01 GAULOYS FRESENIUS KABI,1010137.67,33000000-0,Matériel médical,Appel d'offres ouvert,2023-12-04,26690025700046,,41987578600032,,Rhone,Révisable
249947642,PATRIMOINE DE L'AVESNOISE - Travaux d'Entretien Courant Agences: Lot 2: Secteur FOURMIES - Cloison - Isolation - Isolation thermique,27200.0,44112300-1,Matériaux de construction,Appel d'offres ouvert,2023-12-04,44632028500013,,41190928600063,2.0,,Unitaire
2024064100,24M01 GAULOYS CHEPLAPHARM CSP,117670.79,33000000-0,Matériel médical,Appel d'offres ouvert,2023-12-04,26690025700046,,85720052100022,,Rhone,Révisable
202323014800,FABRICATION DE PIECES SUR MESURE ET FOURNITURE DE PIECES DETACHEES ADAPTABLES POUR CIRCUITS HYDRAULIQUES PNEUMATIQUES ETANCHEITE D ORGANES MECANIQUES ET TRANSMISSIONS MECANIQUES,200000.0,34300000-0,Transport & véhicules,Appel d'offres ouvert,2023-12-04,22650001500012,,57080037500091,,Hautes-Pyrénées,Ferme
20231100100,ACQUISITION ET INSTALLATION DE MATERIELS NEUFS DE CUISINE - CUISINE CENTRALE DES PYRAMIDES,60000.0,39221000-7,Mobilier & ménager,Procédure adaptée,2023-12-04,20008352500010,,41273540900044,,EVRY-COURCOURONNES,Ferme
20232302201,Fourniture de vêtements de travail: Lot 1: Vêtements de haute visibilité et de travail,107100.0,18100000-0,Vêtements,Procédure adaptée,2023-12-04,21330009800018,,41344685700034,,ARCACHON CEDEX,Ferme et actualisable
202366400,Hp 1670 et#8211; oye plage et#8211; rehabilitation de 9 logements individuels: Lot 8 : VRD,12173.0,32400000-7,Télécommunications,Procédure adaptée,2023-12-04,61682020500154,,51095619600032,,OYE PLAGE,Révisable
2024066000,24M01 GAULOYS PANPHARMA,2420509.89,33000000-0,Matériel médical,Appel d'offres ouvert,2023-12-04,26690025700046,,32829784100012,,Rhone,Révisable
2024065600,24M01 GAULOYS MEDIPHA_CSP,1527456.8,33000000-0,Matériel médical,Appel d'offres ouvert,2023-12-04,26690025700046,,85720052100022,,Rhone,Révisable
2024075000,FOURNITURE DE CONSOMMABLES DE LABORATOIRE DE BIOLOGIE MEDICALE ET D ANATOMOCYTOPATHOLOGIE ET DE TUBES ET SYSTEMES DE PRELEVEMENTS,66528000.0,33000000-0,Matériel médical,Appel d'offres ouvert,2023-12-04,26690025700046,,43510630700034,,Rhone,Révisable
232302204,"Fourniture de vêtements de travail, de chaussures et d'équipements de protection individuelle: Lot 4: Equipements de protection individuelles",36000.0,18143000-3,Vêtements,Procédure adaptée,2023-12-04,21330009800018,,39347227900016,2.0,,Unitaire
2024064000,24M01 GAULOYS BIOGARAN CSP,492088.88,33000000-0,Matériel médical,Appel d'offres ouvert,2023-12-04,26690025700046,,40511359800032,,Rhone,Révisable
2023M000400,MISSIONS HELIPORTAGE PIDA 2023 / 2024,215000.0,34711500-9,Transport & véhicules,Procédure adaptée,2023-12-04,21060073000019,,32022857000042,,ISOLA,Ferme
2024064500,24M01 GAULOYS EG LABO CSP,4414474.16,33000000-0,Matériel médical,Appel d'offres ouvert,2023-12-04,26690025700046,,40851878500022,,Rhone,Révisable
202397767600,Locations ponctuelles de cars ou minibus avec chauffeur,40000.0,34121500-6,Transport & véhicules,Procédure adaptée,2023-12-04,27920022400012,,38136818200071,,Levallois Perret,Révisable
2024067200,24M01 GAULOYS VIATRIS,4117449.32,33000000-0,Matériel médical,Appel d'offres ouvert,2023-12-04,26690025700046,,39929538500070,,Rhone,Révisable
202323059_100,Location de véhicules réfrigérés pour la livraison des repas - prestations de base 4 ans,143952.0,34130000-7,Transport & véhicules,Procédure adaptée,2023-12-04,21110069800011,,30057104900018,,CARCASSONNE,Révisable
20232302202,Fourniture de vêtements de travail: Lot 2: BlouseMontant maximum annuel : 2 700 euros HT,8100.0,18100000-0,Vêtements,Procédure adaptée,2023-12-04,21330009800018,,41344685700034,,ARCACHON CEDEX,Ferme et actualisable
2024063600,24M01 GAULOYS AGUETTANT,116904.05,33000000-0,Matériel médical,Appel d'offres ouvert,2023-12-04,26690025700046,,44780021000018,,Rhone,Révisable
202398157600,"Marché de service portant sur la fourniture, livraison, pose et entretien de mobilier urbain, de signalisation et signalétique pour la ville de Wasquehal: Lot 2: Fourniture, livraison, pose et entretien d'éléments de signalisation et de signalétique.",520000.0,34928471-0,Transport & véhicules,Appel d'offres ouvert,2023-12-04,21590646200019,,83875851400031,,Wasquehal,Révisable
2023-04000000000,2023-04 Travaux de renouvellement Canalisation d'EP Allouville-Bllefosse,726857.5,31310000-2,Matériel électrique,Procédure adaptée,2023-12-04,20004999700055,,43998740500271,,YVETOT,Ferme et actualisable
249947631,PATRIMOINE DE L'AVESNOISE - Travaux d'Entretien Courant Agences: Lot 1: Secteur FOURMIES - Chaudronnerie Serrurerie,9000.0,44316500-3,Matériaux de construction,Appel d'offres ouvert,2023-12-04,44632028500013,,81968486100027,2.0,,Unitaire
202323DAC040100,PERIODE INITIALE  TVA 20,80000.0,15982000-5,Alimentaire,Procédure adaptée,2023-12-04,21590359200081,,34403921900011,,LOON-PLAGE,Révisable
202349230100,FOURNITURE DE PNEUMATIQUES POUR VEHCIULE LEGERS,50000.0,34350000-5,Transport & véhicules,Procédure adaptée,2023-12-04,21060069800018,,38119262400017,,GRASSE,Ferme
2024067100,24M01 GAULOYS TEVA SANTE,287127.0,33000000-0,Matériel médical,Appel d'offres ouvert,2023-12-04,26690025700046,,40197247600063,,Rhone,Révisable
20232023T0004400,Déploiement de la fibre optique de Pen Al Len à Kerambris à Fouesnant - Relance,135529.2,32400000-7,Télécommunications,Procédure adaptée,2023-12-04,24290066000117,,81407455500024,,(29) Finistère,Révisable
2024064800,24M01 GAULOYS FERRING_ALLOGA,551471.44,33000000-0,Matériel médical,Appel d'offres ouvert,2023-12-04,26690025700046,,58211867500054,,Rhone,Révisable
2024064400,24M01 GAULOYS DELBERT_CSP,3302390.0,33000000-0,Matériel médical,Appel d'offres ouvert,2023-12-04,26690025700046,,44396057000036,,Rhone,Révisable
202323A02400,FOURNITURE DE MATERIELS POUR LA SPECIALITE MONTAGNE ET MILIEUX PERILLEUX (MMP),120000.0,18823000-4,Vêtements,Appel d'offres ouvert,2023-12-04,28310001400028,,62201254000010,,COLOMIERS,Révisable
20232300046200,"Lot no4 : Fournitures de  Documents, ouvrages et revues d?archéologie, d?histoire et d?histoire de l?art de niveau universitaire, y compris en langue étrangères, pour le Musée de la Romanité",80000.0,22113000-5,Imprimés,Appel d'offres ouvert,2023-12-04,21300189400012,,38536959000018,,NIMES CEDEX,Ferme
20232316600,Fre et liv. pièces p/véhicules RVI,520000.0,34913000-0,Transport & véhicules,Appel d'offres ouvert,2023-12-04,22720002900014,,32684201000026,,SARTHE,Révisable
2023F240101100,FOURNITURE D EPI LOT 5 TEE SHIRTS POLOS SWEATS - VETEMENTS DE TRAVAIL AVEC MATIERES RECYCLEES,47800.0,18100000-0,Vêtements,Appel d'offres ouvert,2023-12-04,44078435300011,,33990152200047,,METZ,Révisable
2024066700,24M01 GAULOYS STRAGEN ALLOGA,357992.98,33000000-0,Matériel médical,Appel d'offres ouvert,2023-12-04,26690025700046,,58211867500054,,Rhone,Révisable
2024LOG23-02_500,FOURNITURES CONSOMMABLES ET PETITS MATERIELS 2024 LOT 5 (FILTRATION),110000.0,38900000-4,Instruments de mesure,Procédure adaptée,2023-12-04,43123345100019,,34027592400017,,Perpignan,Ferme
2499477714,PATRIMOINE DE L'AVESNOISE - Travaux d'Entretien Courant Agences: Lot 14: Secteur CAUDRY - Chaudronnerie Serrurerie,1600.0,44316500-3,Matériaux de construction,Appel d'offres ouvert,2023-12-04,44632028500013,,89953659300010,1.0,,Unitaire
2023005000,Achat de fournitures et matériels pour l'approvisionnement du magasin de l'OPH de la Meuse - relance du lot 6 (procédure négociée),250000.0,44411100-5,Matériaux de construction,Procédure avec négociation,2023-12-04,43486367600087,,77561613900025,,COMMERCY,Révisable
2024066500,24M01 GAULOYS SANOFI PASTEUR,669758.53,33000000-0,Matériel médical,Appel d'offres ouvert,2023-12-04,26690025700046,,82117742500021,,Rhone,Révisable
20232300046000,"Lot 3 ? Fourniture de bande dessinées, mangas et comics adulte et jeunesse",216000.0,22113000-5,Imprimés,Appel d'offres ouvert,2023-12-04,21300189400012,,81272688300018,,NIMES CEDEX,Ferme
202323A02500,FOURNITURE TEXTILE MONTAGNE LOT 3 FOURNITURE DE TEXTILE POUR LA SPECIALITE MONTAGNE ET MILIEUX PERILLEUX,80000.0,18823000-4,Vêtements,Appel d'offres ouvert,2023-12-04,28310001400028,,31862149700532,,COLOMIERS,Révisable
2023M09200,VETEMENTS ET EPI PERSONNEL MUNICIPAL - LOT 2 VETEMENTS DE TRAVAIL TECHNICIENNES SURFACE,60000.0,18100000-0,Vêtements,Procédure adaptée,2023-12-04,21130108000019,,33256495401043,,TARASCON,Ferme
2024065700,24M01 GAULOYS MITEM PHARMA_CSP,53088.0,33000000-0,Matériel médical,Appel d'offres ouvert,2023-12-04,26690025700046,,85720052100022,,Rhone,Révisable
2024063800,24M01 GAULOYS ARROW GENERIQUES,2361099.88,33000000-0,Matériel médical,Appel d'offres ouvert,2023-12-04,26690025700046,,43394448500021,,Rhone,Révisable
2024063700,24M01 GAULOYS ALLIANCE PHARMA,55767.88,33000000-0,Matériel médical,Appel d'offres ouvert,2023-12-04,26690025700046,,33101508100085,,Rhone,Révisable
2024202315_L0200,FOURNITURE ET LIVRAISON DE LIVRES IMPRIMES NEUFS NON SCOLAIRES A DESTINATION DE L ATELIER LEONARD DE VINCI ET DES BIBLIOTHEQUES MUNICIPALES DE VAULX EN VELIN LIVRE A DESTINATION DES ENFANTS JUSQU A 11 ANS,45000.0,22113000-5,Imprimés,Procédure adaptée,2023-12-04,21690256900013,,95651314700192,,VAULX-EN-VELIN,Ferme
20232023F0002800,Fourniture de matériel d'éclairage public,600000.0,34928500-3,Transport & véhicules,Appel d'offres ouvert,2023-12-04,21350360000016,,82448465304212,,(35) Ille-et-Vilaine,Révisable
202323013100,"LOCATION,TRANSPORT ET COMPACTAGE DE BENNES DE DECHETERIES",2400000.0,44613700-7,Matériaux de construction,Appel d'offres ouvert,2023-12-04,24300064300086,,31099810900055,,NIMES CEDEX 9,Révisable
20230120100,VEHICULES UTILITAIRES NEUFS,48636.34,34144700-5,Transport & véhicules,Procédure adaptée,2023-12-04,28972005400021,,34186136700033,,FORT DE FRANCE,Ferme
2024066300,24M01 GAULOYS REDDY PHARMA,513920.02,33000000-0,Matériel médical,Appel d'offres ouvert,2023-12-04,26690025700046,,58211867500054,,Rhone,Révisable
2024066600,24M01 GAULOYS SANOFI WINTHROP INDUSTRIE,1283263.31,33000000-0,Matériel médical,Appel d'offres ouvert,2023-12-04,26690025700046,,77566225700150,,Rhone,Révisable
2024065800,24M01 GAULOYS MSD FRANCE,564928.88,33000000-0,Matériel médical,Appel d'offres ouvert,2023-12-04,26690025700046,,41789058900068,,Rhone,Révisable
2499477815,PATRIMOINE DE L'AVESNOISE - Travaux d'Entretien Courant Agences: Lot 15: Secteur CAUDRY - Cloison - Isolation - Isolation thermique,3200.0,44112300-1,Matériaux de construction,Appel d'offres ouvert,2023-12-04,44632028500013,,92024753300010,2.0,,Unitaire
20232300045900,Lot 2 : Fourniture d?ouvrages de Fiction et documentaires jeunesse,300000.0,22113000-5,Imprimés,Appel d'offres ouvert,2023-12-04,21300189400012,,48094893400017,,NIMES CEDEX,Ferme
2023202344200,"Fourniture de produits surgelés (viandes, poissons, légumes,  viennoiseries, desserts)",66000.0,15896000-5,Alimentaire,Procédure adaptée,2023-12-04,21780640500015,,31680701501340,,VELIZY-VILLACOUBLAY,Révisable
2023COM0500,Réseau canalisation eaux pluviales Miolanet,120000.0,44161200-8,Matériaux de construction,Procédure adaptée,2023-12-04,21730270200014,,67682013700054,,Saint-Pierre-d'Albigny,Ferme
2023O4901A03,Travaux patrimoine secteurs 7-8 et désenfumage tous secteurs Lot 7 Serrurerie,5500000.0,44316500-3,Matériaux de construction,Appel d'offres ouvert,2023-12-04,21690123100011,,37898933900023,,A Lyon,Révisable
202304400,BLA - PRODUITS ENTRETIEN,40000.0,39812100-8,Mobilier & ménager,Procédure adaptée,2023-12-04,20006458200014,,54715039100035,,Brissac-Loire-Aubance,Ferme et actualisable
202398006800,CONSOMMABLE D'OUTILLAGE 2NDE MISE EN CONCURRENCE,424000.0,44510000-8,Matériaux de construction,Appel d'offres ouvert,2023-12-04,24871931200162,,43383001500015,,LIMOGES METROPOLE,Révisable
2023-11000000000,2023-11 Travaux de renouvellement de canalisation - Saint-Martin de l'If,518031.89,44141000-0,Matériaux de construction,Procédure adaptée,2023-12-04,20004999700030,,49154298100015,,YVETOT,Ferme et actualisable
2023AMO_1300,TRAVAUX DE CONTROLE DES MOUILLAGES PORT DE LA POINTE SAINT GILDAS ET GRAVETTE 2023,58000.0,34931100-3,Transport & véhicules,Procédure adaptée,2023-12-04,20009100700043,,82062818800048,,Saint-Nazaire,Ferme
20232300045800,Lot 1 :Fournitures d?ouvrages de fiction et documentaires adultes,600000.0,22113000-5,Imprimés,Appel d'offres ouvert,2023-12-04,21300189400012,,43138214200021,,NIMES CEDEX,Ferme
2024075001,FOURNITURE DE CONSOMMABLES DE LABORATOIRE DE BIOLOGIE MEDICALE ET D ANATOMOCYTOPATHOLOGIE ET DE TUBES ET SYSTEMES DE PRELEVEMENTS,66528000.0,33000000-0,Matériel médical,Appel d'offres ouvert,2023-12-04,26690025700046,,43510630700034,,Rhone,Révisable
2023F07000,ACQUISITIONS DE LIVRES SCOLAIRES ET NON SCOLAIRES,85000.0,22112000-8,Imprimés,Procédure adaptée,2023-12-04,26974031200013,,31083639000016,,LE PORT,Ferme
2023017900,SERO - GS 2023 - NEOSPOROSE - INNOVATIVE - LOT 7,55000.0,33696500-0,Matériel médical,Appel d'offres ouvert,2023-12-04,22530001100494,,47812321900022,,MAYENNE,Révisable
2024065000,24M01 GAULOYS GIFRER,47518.32,33000000-0,Matériel médical,Appel d'offres ouvert,2023-12-04,26690025700046,,77564575700185,,Rhone,Révisable
2024065500,24M01 GAULOYS MEDAC,79104.84,33000000-0,Matériel médical,Appel d'offres ouvert,2023-12-04,26690025700046,,53064104200037,,Rhone,Révisable
2023F858 LOT 300,MAINTENANCE DES SYSTEMES DE SECURITE INCENDIE EQUIPEMENT,52000.0,31625200-5,Matériel électrique,Appel d'offres ouvert,2023-12-04,21971113200015,,49481938600017,,LE GOSIER,Révisable
2023-CLN-0500,RENOVATION & MODERNISATION DES ECOLES ANDRE MALRAUX LOT 3 - 2023-CLN-05- COUVERTURE & ETANCHEITE,293067.9,39511100-8,Mobilier & ménager,Procédure adaptée,2023-12-04,21580088900010,,44162738700026,,Coulanges-lès-Nevers,Ferme
202398484300,FOURNITURES DES VETEMENTS ET DES EPI POUR LE PERSONNEL MUNICIPAL: Lot 1 : VETEMENTS DE TRAVAIL ET EPI SERVICES TECHNIQUES,35000.0,18100000-0,Vêtements,Procédure adaptée,2023-12-04,21130108000019,,33256495401043,,commune tarascon,Révisable
2023050000,MARCHÉ DE LOCATION ET MAINTENANCE DE MATÉRIEL DE PHOTOCOPIE,195477.33,30121000-3,Informatique & bureautique,Procédure adaptée,2023-12-04,20007131400013,,33332163600586,,CC HAUTS TOLOSANS,Révisable
2023EPI0000,FOURNITURE EQUIPEMENT DE PROTECTION INDIVIDUELLE,40000.0,18100000-0,Vêtements,Procédure adaptée,2023-12-04,25430004900023,,42482122100282,,Brioude,Ferme
2024066200,24M01 GAULOYS PIERRE FABRE,137838.29,33000000-0,Matériel médical,Appel d'offres ouvert,2023-12-04,26690025700046,,32611850200201,,Rhone,Révisable
2024065100,24M01 GAULOYS GLAXOSMITHKLINE,113961.81,33000000-0,Matériel médical,Appel d'offres ouvert,2023-12-04,26690025700046,,64204136200202,,Rhone,Révisable
2024043300,SYSTEMES DE RECUEIL SECURISE POUR PRELEVEMENT SANGUIN ET URINAIRE,1800000.0,33140000-3,Matériel médical,Appel d'offres ouvert,2023-12-04,26310012500016,,43510630700034,,Occitanie,Révisable
202398112900,"Fournitures de matériels électro-portatifs, d'outillage pour les besoins du musée du louvre-lens : Accord cadre",2179.0,44511000-5,Matériaux de construction,Marché passé sans publicité ni mise en concurrence préalable,2023-12-04,20002766200028,,34293810700030,,Musée du Louvre-Lens,Ferme
2024016901,CGA MED TECHIDA,40004.0,33600000-6,Matériel médical,Procédure adaptée,2023-12-04,26310012500016,,43360135800032,,Occitanie,Ferme
2024065200,24M01 GAULOYS HIKMA_CSP,2345119.9,33000000-0,Matériel médical,Appel d'offres ouvert,2023-12-04,26690025700046,,89999868600021,,Rhone,Révisable
2024LOG23-02_100,FOURNITURES CONSOMMABLES ET PETITS MATERIELS 2024 LOT 1 (FLACONNAGE),60000.0,38900000-4,Instruments de mesure,Appel d'offres ouvert,2023-12-04,43123345100019,,49129469000038,,Perpignan,Ferme
2023CCOURRIER100,"GESTION DES COURRIERS, MATERIELS ET PRESTATIONS ASSOCIES - Lot 1 MAA/MSP : Location des machines à affranchir et de mise sous plis, maintenance et encre incluse",60000.0,30131200-8,Informatique & bureautique,Appel d'offres ouvert,2023-12-04,80076579400022,,56204623500478,,FRANCE,Révisable
2024065200,24M01 GAULOYS HIKMA_ALLOGA,3517679.85,33000000-0,Matériel médical,Appel d'offres ouvert,2023-12-04,26690025700046,,85720052100022,,Rhone,Révisable
2024066400,24M01 GAULOYS SANDOZ,1561764.76,33000000-0,Matériel médical,Appel d'offres ouvert,2023-12-04,26690025700046,,55212334100067,,Rhone,Révisable
2023F00200010000,1A CONSOMMABLES D OUTILLAGE,424000.0,44510000-8,Matériaux de construction,Appel d'offres ouvert,2023-12-04,24871931200162,,43383001500015,,LIMOGES METROPOLE,Révisable
202398149900,Réhabilitation et modernisation des ouvrages de protection contre les inondations: Lot 1: Equipements,177000.0,31720000-9,Matériel électrique,Appel d'offres ouvert,2023-12-04,20006068900029,,30910387700051,,Ensemble d'ouvrages,Révisable
2023202344300,"Fourniture de produits dépicerie (condiments, féculents, produits sucrés,  boissons, conserves)",66000.0,15890000-3,Alimentaire,Procédure adaptée,2023-12-04,21780640500015,,38243272200033,,VELIZY-VILLACOUBLAY,Révisable
24988498,"Fourniture, installation, mise en service et maintenance des équipements de sûreté pour l'aéroport Sud de France de Perpignan",1060279.0,38546000-4,Instruments de mesure,Appel d'offres ouvert,2023-12-04,85282836700015,,83815659400015,2.0,,Forfaitaire
24995288,Mission de maîtrise d'oeuvre : Réhabilitation et modernisation des ouvrages de protection contre les inondation dans le cadre du programme PAPI Delta Aa.,177000.0,31720000-9,Matériel électrique,Appel d'offres ouvert,2023-12-04,20006068900029,,30910387700051,1.0,,Forfaitaire
2024LOGINF-00100,MAINTENANCE LOGICIELS BERGER LEVRAULT,100000.0,48900000-7,Logiciels,Marché négocié sans publicité ni mise en concurrence préalable,2023-12-03,26310524900027,,75580064600209,,Pechbonnieu,Ferme
2023R03700002200,DMSPAN 2024 _2023-R037_MS1__LOTS_32_34_36_40_50_55_64_91_92_135_138_139_140_197,500000.0,33000000-0,Matériel médical,Appel d'offres ouvert,2023-12-02,13000501000025,,37050014200051,,FRANCE,Révisable
20240200,LOT 02 - Produits pour desserts et petits déjeuners,293717.86,15893200-6,Alimentaire,Appel d'offres ouvert,2023-12-01,21290235700012,,43392733200653,,Le Relecq-Kerhuon,Révisable
202323CVD01600,Fourniture pièces détachées pour engins CLAAS Lot 01,80000.0,34300000-0,Transport & véhicules,Appel d'offres ouvert,2023-12-01,22040001400019,,48106578700030,,DIGNE LES BAINS CEDEX 9,Révisable
2023081A03000000,LOT 3 Fourniture et acheminement en électricité des bâtiments communaux et métropolitains dans le cadre d'un groupement de commandes,120095.0,31682000-0,Matériel électrique,Procédure négociée avec mise en concurrence préalable,2023-12-01,21370018000010,,44239544800057,,BALLAN MIRE,Ferme et actualisable
2023CD007200100,"Fourniture de pièces détachées d'origine pour tracteurs ""Claas et Renault"" et presta Lot 1 secteur Moulins",140000.0,34390000-7,Transport & véhicules,Procédure adaptée,2023-12-01,22030001600080,,47878084400575,,MOULINS,Révisable
23202311,Prestation de conception et fourniture de panneaux signalétiques et totems à la station de Super Besse.,51604.0,34992000-7,Transport & véhicules,Procédure adaptée,2023-12-01,21630038400015,,80239797600019,3.0,,Forfaitaire
2023SI0800,Location et maintenance de copieurs multifonctions,200000.0,30121100-4,Informatique & bureautique,Procédure adaptée,2023-12-01,24580440600107,,38524400900036,,NEVERS,Révisable
20232023AO09400,HABILLEMENT ET EQUIPEMENT DES AGENTS DE LA POLICE MUNICIPALE DE SAINT-TROPEZ - LOT 3 : GILETS PARE-BALLES,100000.0,18100000-0,Vêtements,Appel d'offres ouvert,2023-12-01,21830119000011,,54450081200026,,ST TROPEZ,Révisable
2024A2312100,FOURNITURE ET LIVRAISON DE CONTENEURS ENTERRES,53500.0,34928480-6,Transport & véhicules,Procédure adaptée,2023-12-01,24290007400038,,38858143100045,,LANRIVOARE,Ferme
20230123094200,Lot 3 : Fourniture de matériels électriques et d'éclairage,181699.68,31681410-0,Matériel électrique,Appel d'offres ouvert,2023-12-01,21100374400011,,83153600800012,,TROYES,Ferme
2023CAA23025300,LOT 3 - COLONNES AERIENNES PLASTIQUE,160000.0,34928480-6,Transport & véhicules,Appel d'offres ouvert,2023-12-01,20006899700010,,41055382000037,,ALBERTVILLE/,Révisable
2024081A02000000,LOT 2 Fourniture et acheminement en électricité des bâtiments communaux et métropolitains dans le cadre d'un groupement de commandes,243175.0,31682000-0,Matériel électrique,Procédure négociée avec mise en concurrence préalable,2023-12-01,21370018000010,,55208131766522,,BALLAN MIRE,Ferme et actualisable
20232023F0000400,Marché de fourniture et de livraison de papier et petites fournitures de bureau - Papier,390575.0,30197630-1,Informatique & bureautique,Appel d'offres ouvert,2023-12-01,19290051200018,,33044098300055,,(29) Finistère,
2023-ST-00900,EQUIPEMENTS DE CUISINE cantine des limonières,72985.0,39141000-2,Mobilier & ménager,Procédure adaptée,2023-12-01,20006683500014,,43241349000025,,Anglure,Ferme et actualisable
202420211160100,FOURNITURE ET MAINTENANCE PNEUMATIQUE,350000.0,34352200-1,Transport & véhicules,Procédure adaptée,2023-12-01,79332077100017,,84247627700046,,PERIGUEUX,Ferme
2023AO2302500300,SECTEUR G.OUEST - PNEUMATIQUES ET PRESTATIONS ASSOCIEES POUR VL ET PL DE TOUTES MARQUES,80000.0,34351100-3,Transport & véhicules,Appel d'offres ouvert,2023-12-01,28620001900045,,39252740404670,,SAINT LAURENT BLANGY,Révisable
2023R037MS001200,DMSPAN 2024 _2023-R037_MS1__LOTS_8_11_44_49_53_56_57_66_162,400000.0,33000000-0,Matériel médical,Appel d'offres ouvert,2023-12-01,13000501000025,,34201499000085,,FRANCE,Révisable
202323029100,Fourniture de composteurs en bois et matÃ©riels associÃ©s,211000.0,39234000-1,Mobilier & ménager,Procédure adaptée,2023-12-01,24350074100257,,33103561800080,,REDON,Révisable
20230992023M4300,Location pose et depose de materiel d'illuminations festives 2023,54610.0,31500000-1,Matériel électrique,Procédure adaptée,2023-12-01,21972213900017,,39044813200014,,Bourg du Lamentin Martinique,Ferme
20232023F0000500,Marché de fourniture et de livraison de papier et petites fournitures de bureau - Petites fournitures de bureau,27886.0,30192000-1,Informatique & bureautique,Appel d'offres ouvert,2023-12-01,19290051200018,,57172266900264,,(29) Finistère,
202321530800,Fourniture et livraison de matériels informatiques pour la Ville de Bouguenais marché subséquent n° 08,18732.0,30213300-8,Informatique & bureautique,Appel d'offres ouvert,2023-12-01,21440020200013,,45050268700020,,BOUGUENAIS,Ferme
202398344300,"Travaux de requalification des entrées du pôle touristique sur les communes de Baulne, Cerny, Itteville et La Ferté-Alais: Lot 2: ECLAIRAGE PUBLIC ET SIGNALISATION LUMINEUSE TRICOL",314941.0,34993000-4,Transport & véhicules,Procédure adaptée,2023-12-01,24910054600046,,40325358600024,,Cerny Beaulne Itteville La Ferté-Allais,Ferme
20240600,LOT 06 - Huiles,78764.34,15411100-3,Alimentaire,Appel d'offres ouvert,2023-12-01,21290235700012,,43392733200653,,Le Relecq-Kerhuon,Révisable
2023PA2302800100,FOURNITURE ET PRESTATIONS DE MAINTENANCE PREVENTIVE ET CURATIVE DEXTINCTEURS DINCENDIE PORTATIFS,89500.0,35111320-4,Sécurité & défense,Procédure adaptée,2023-12-01,28620001900045,,38450777800015,,SAINT LAURENT BLANGY,Révisable
202398102600,"Fourniture de vêtements de travail pour les agents de Limoges Métropole et de 8 communes membres (Boisseuil, Couzeix, Isle, Le Palais-sur-Vienne, Panazol, Saint-Gence, Saint-Just-le-Martel, Le Vigen): Lot 2: Vêtements et chaussures de cuisine",90000.0,18100000-0,Vêtements,Appel d'offres ouvert,2023-12-01,24871931200162,,90572051200169,,Limoges Métropole,Révisable
20240400,LOT 04 - Epicerie BIO,424484.13,15800000-6,Alimentaire,Appel d'offres ouvert,2023-12-01,21290235700012,,44236533400048,,Le Relecq-Kerhuon,Révisable
2023R037MS002600,DMSPAN 2024 _2023-R037_MS1__LOTS_87_121_188_189_191_193_194,200000.0,33000000-0,Matériel médical,Appel d'offres ouvert,2023-12-01,13000501000025,,34056125700049,,FRANCE,Révisable
20232023AO09200,HABILLEMENT ET EQUIPEMENT DES AGENTS DE LA POLICE MUNICIPALE DE SAINT-TROPEZ - LOT 1 : HABILLEMENT,250000.0,18100000-0,Vêtements,Appel d'offres ouvert,2023-12-01,21830119000011,,54450081200026,,ST TROPEZ,Révisable
2023231450000,ACQUISITION D'UNE MINI-PELLE SUR PNEU DE 5 A 6 TONNES,120462.13,34114000-9,Transport & véhicules,Procédure adaptée,2023-12-01,21974008100019,,44433897400017,,LA POSSESSION,Ferme
2024MA24030100,LOCATION CAR LONGUE DUREE TRANSPORT EN COMMUN,159520.0,34121000-1,Transport & véhicules,Procédure adaptée,2023-12-01,21920075500011,,87994331400036,,VANVES,Ferme
202398118100,23.D19 FRUITS ET LEGUMES SURGELES,3200000.0,15000000-8,Alimentaire,Appel d'offres ouvert,2023-12-01,25330618700035,,31680701501340,,SIVU BORDEAUX-MERIGNAC,Révisable
20232023TI200100,SOLUTIONS D'INFRASTRUCTURES INFORMATIQUES,200000.0,48822000-6,Logiciels,Procédure adaptée,2023-12-01,21310149600015,,80405493000032,,COLOMIERS CEDEX,Révisable
20232023AO09500,HABILLEMENT ET EQUIPEMENT DES AGENTS DE LA POLICE MUNICIPALE DE SAINT-TROPEZ - LOT 4 : ACCESSOIRES,100000.0,18100000-0,Vêtements,Appel d'offres ouvert,2023-12-01,21830119000011,,44448404200023,,ST TROPEZ,Révisable
20240500,LOT 05 - Aides culinaires assaisonnement sauces,113072.67,15871200-6,Alimentaire,Appel d'offres ouvert,2023-12-01,21290235700012,,38500623400418,,Le Relecq-Kerhuon,Révisable
20230150800,COMMANDE DE MOBILIER - MAISON REGIONALE DES SPORTS,49323.4,39130000-2,Mobilier & ménager,Procédure adaptée,2023-12-01,20005226400013,,42248290100085,,STRASBOURG,Ferme
202323S006900,AA - FOURNITURE ET LIVRAISON DE SANDWICHS ET PREPARATIONS INDIVIDUELLES - 2023 - 2026 (SANS CP),89700.0,15811511-1,Alimentaire,Procédure adaptée,2023-12-01,21840007500014,,34339778200016,,AVIGNON CEDEX 9,Révisable
2023F08802010000,1A VETEMENTS ET CHAUSSURES DE CUISINE LOT 2,80000.0,18100000-0,Vêtements,Appel d'offres ouvert,2023-12-01,24871931200162,,90572051200169,,LIMOGES METROPOLE,Révisable
2023TD0500,FOURNITURE ET DISTRIBUTION DE CONTENANTS DESTINES A LA COLLECTE DES DECHETS MENAGERS,1150000.0,44613800-8,Matériaux de construction,Appel d'offres ouvert,2023-12-01,24580440600107,,77815194401120,,NEVERS,Révisable
202303100,Fourniture de denrées alimentaires pour les animaux du Muséum national d'histoire naturelle: Lot 1: Produits surgelés - Poissons et produits de la mer,4000000.0,15700000-5,Alimentaire,Appel d'offres ouvert,2023-12-01,18004417400019,,33786045600017,,Muséum National d'Histoire Naturelle,Révisable
202320230690200,Livres scolaires pour les enfants de 3 à 11 ans,45600.0,39162110-9,Mobilier & ménager,Appel d'offres ouvert,2023-12-01,21580194500019,,38378758700112,,NEVERS,Révisable
20232023AO09300,HABILLEMENT ET EQUIPEMENT DES AGENTS DE LA POLICE MUNICIPALE DE SAINT-TROPEZ - LOT 2 : CHAUSSURES,100000.0,18100000-0,Vêtements,Appel d'offres ouvert,2023-12-01,21830119000011,,54450081200026,,ST TROPEZ,Révisable
2023CAA23025100,LOT 1 - CONTENEURS SEMI-ENTERRES ROND DÔME PLASTIQUE,1600000.0,34928480-6,Transport & véhicules,Appel d'offres ouvert,2023-12-01,20006899700010,,77815194401120,,ALBERTVILLE/,Révisable
20232023F0000900,"Marché de fourniture et de livraison de produits  d'épicerie, conserves et boissons - Epicerie BIO",425197.0,15890000-3,Alimentaire,Appel d'offres ouvert,2023-12-01,19290051200018,,44236533400014,,(29) Finistère,
20240100,lot 01 - Conserves et compotes,227034.22,15332400-8,Alimentaire,Appel d'offres ouvert,2023-12-01,21290235700012,,43392733200653,,Le Relecq-Kerhuon,Révisable
20232023F0000600,"Marché de fourniture et de livraison de produits  d'épicerie, conserves et boissons - Conserves et compotes",227174.0,15897200-4,Alimentaire,Appel d'offres ouvert,2023-12-01,19290051200018,,43392733200653,,(29) Finistère,
20232023F0001100,"Marché de fourniture et de livraison de produits  d'épicerie, conserves et boissons - Huiles",78808.0,15400000-2,Alimentaire,Appel d'offres ouvert,2023-12-01,19290051200018,,43392733200653,,(29) Finistère,
2023AOVEHSNVL400,MARCHE AOVEHSNVL 2023-2 LOT 4 ACQUISITION DES VEHICULES ELECTRIQUES OU HYBRIDES POUR LES BESOINS DU SINNOVAL LOT 4 : ACQUISITION ET MAINTENANCE DE VEHICULES HYBRIDES TYPES CITADINES AVEC MAINTENANCE,240000.0,34100000-8,Transport & véhicules,Appel d'offres ouvert,2023-12-01,20009583400012,,34245223200016,,TERRITOIRE SINNOVAL,Révisable
20232023F0000700,"Marché de fourniture et de livraison de produits  d'épicerie, conserves et boissons - Produits pour desserts et petits déjeuners",296788.0,15894700-8,Alimentaire,Appel d'offres ouvert,2023-12-01,19290051200018,,43392733200653,,(29) Finistère,
2023091500,"Maintenance des équipements entretenus par la société REVVITY incluant la fourniture de pièces détachées, de sous-ensembles, d?accessoires, de consommables et de réactifs captifs",800000.0,33100000-1,Matériel médical,Marché négocié sans publicité ni mise en concurrence préalable,2023-12-01,26310012500016,,69203111500235,,Occitanie,Révisable
20240700,LOT 07 - Féculents et farine,111135.61,15612000-1,Alimentaire,Appel d'offres ouvert,2023-12-01,21290235700012,,38500623400418,,Le Relecq-Kerhuon,Révisable
2024orapi00,founitures de produits et matériels d'entretien pour la commune (et le ccas),57619.34,39812100-8,Mobilier & ménager,Procédure adaptée,2023-11-30,20007554700014,,44031947300078,,Gennes-Val-de-Loire,Révisable
2024068000,FOURNITURE D?ARTICLES POUR LE GROUPEMENT DE COMMANDES ENTRETIEN HYGIENE ET ARTICLES HOTELIERS AUVERGNE RHONE ALPES,40000.0,39220000-0,Mobilier & ménager,Appel d'offres ouvert,2023-11-30,26690025700046,,30166973500062,,Rhone,Révisable
20242024-0300,REHABILITATION DE LA BOULANGERIE ET DE SON LOGEMENT MENUISERIE EXTERIEURE LOT 3,57938.31,44220000-8,Matériaux de construction,Procédure adaptée,2023-11-30,21720381900040,,42350147700016,,Voivres-lès-le-Mans,Ferme et actualisable
2024C3N10300AU00,ACQUISITION MAINTENANCE LOGICIEL ECONCEPT,40000.0,48900000-7,Logiciels,Marché négocié sans publicité ni mise en concurrence préalable,2023-11-30,26870853400014,,48425506200016,,CCAS LIMOGES,Révisable
2023011700,Mise en accessibilité au lycée Georges Baptiste à Canteleu (76) Lot 5 Serrurerie,58643.0,44316500-3,Matériaux de construction,Procédure adaptée,2023-11-30,20005340300057,,83328978800030,,lycée Georges Baptiste à Canteleu,Révisable
202323AC01300,MARCHE DE TELEPHONIE MOBILE: Lot 1 : VOIX ET INTERNET,7500.0,32250000-0,Télécommunications,Procédure adaptée,2023-11-30,28974013600030,,38012986648625,,LA REUNION,Révisable
2024067700,FOURNITURE D?ARTICLES POUR LE GROUPEMENT DE COMMANDES ENTRETIEN HYGIENE ET ARTICLES HOTELIERS AUVERGNE RHONE ALPES,520000.0,39220000-0,Mobilier & ménager,Appel d'offres ouvert,2023-11-30,26690025700046,,80385301900013,,Rhone,Révisable
202398741000,"Fourniture de pneumatiques  et prestations pour les véhicules poids lourds,  industriels et engins agricoles, d'espaces verts et de  travaux publics",52000.0,34224000-3,Transport & véhicules,Appel d'offres ouvert,2023-11-30,21440132500011,,30463605300015,,PORNICHET GARAGE,Révisable
2022GR926100,ENSEMBLE DU DÉPARTEMENT FOURNITURE ET TRANSPORT DE LIANT ANHYDRE POUR L'ENTRETIEN DES ROUTES DÉPARTEMENTALES,3200000.0,44113610-4,Matériaux de construction,Appel d'offres ouvert,2023-11-30,22090001300016,,38180184400014,,Ariège (département),Révisable
2023022900,FOURNITURE DE DENREES ALIMENTAIRES COMMERCIALISEES EN CUIRCUITS COURTS,60000.0,15100000-9,Alimentaire,Appel d'offres ouvert,2023-11-30,20005684400018,,50504980900021,,LA MANCHE,Révisable
2024068700,FOURNITURE D?ARTICLES POUR LE GROUPEMENT DE COMMANDES ENTRETIEN HYGIENE ET ARTICLES HOTELIERS AUVERGNE RHONE ALPES,40000.0,39220000-0,Mobilier & ménager,Appel d'offres ouvert,2023-11-30,26690025700046,,70205190500066,,Rhone,Révisable
202398736400,Fourniture de pneumatiques  et prestations pour les véhicules légers particuliers et  utilitaires ainsi que pour certains petits matériels,28000.0,34224000-3,Transport & véhicules,Appel d'offres ouvert,2023-11-30,21440132500011,,30463605300015,,PORNICHET GARAGE,Révisable
202318000,"Langrune sur mer et#8211; lot. ""le clos des sages"" - 11-13 rue s. Veil - construction de 10 logements intermédiaires: Lot 6 : cloisons - doublages plafonds",60035.0,44112300-1,Matériaux de construction,Procédure adaptée,2023-11-30,78070570300012,,32852642100016,,LANGRUNE SUR MER,Révisable
2024067900,FOURNITURE D?ARTICLES POUR LE GROUPEMENT DE COMMANDES ENTRETIEN HYGIENE ET ARTICLES HOTELIERS AUVERGNE RHONE ALPES,240000.0,39220000-0,Mobilier & ménager,Appel d'offres ouvert,2023-11-30,26690025700046,,70205190500066,,Rhone,Révisable
20232023F0010500,Système d’acquisition dynamique pour l’achat de véhicules neufs ou d’occasion pour le parc automobile de la Ville de Vannes et du CCAS - Catégorie 4 : Véhicules légers et fourgonnettes occasions - Véhicule léger d’occasion 1,17584.0,34100000-8,Transport & véhicules,Appel d'offres ouvert,2023-11-30,21560260800014,,48494055600018,,(56) Morbihan,Ferme
2024067500,FOURNITURE D?ARTICLES POUR LE GROUPEMENT DE COMMANDES ENTRETIEN HYGIENE ET ARTICLES HOTELIERS AUVERGNE RHONE ALPES,50000.0,39220000-0,Mobilier & ménager,Appel d'offres ouvert,2023-11-30,26690025700046,,40799550500010,,Rhone,Révisable
2023045900,FOURNITURE DE PLATS PREPARES POUR LE SELF DU PERSONNEL DU GHI LE RAINCY-MONTFERMEIL,556200.0,15894000-1,Alimentaire,Appel d'offres ouvert,2023-11-30,20001803400013,,66202519660347,,SEINE ST DENIS,Révisable
2023053302,"Mise à disposition d?une bibliothèque de logiciels multi-éditeurs et prestations associées, pour les 3 établissement du GHT-GPNE",399000.0,48000000-8,Logiciels,Appel d'offres ouvert,2023-11-30,20001803400013,,38873456800495,,SEINE ST DENIS,Révisable
2024068201,FOURNITURE D?ARTICLES POUR LE GROUPEMENT DE COMMANDES ENTRETIEN HYGIENE ET ARTICLES HOTELIERS AUVERGNE RHONE ALPES,40000.0,39220000-0,Mobilier & ménager,Appel d'offres ouvert,2023-11-30,26690025700046,,32796302100040,,Rhone,Révisable
2023M3D0113VD00,ACQUISITION DE BACS DE PRECOLLECTE DES DECHETS MENAGERS ET ASSIMILES,700000.0,34928480-6,Transport & véhicules,Procédure adaptée,2023-11-30,24340001700022,,77605646700587,,MONTPELLIER MEDITERRANEE METRO,Ferme
2023PAJ_L0300,"Conception et réalisation d'un parc d'activités comprenant le fond de forme, l'aménagement d'un skate-park en béton coulé et l'installation d'un city-stade multisports - Lot 3 Skate-park",99943.22,44114000-2,Matériaux de construction,Procédure adaptée,2023-11-30,21590466500019,,49871695000023,,Pont-à-Marcq,Révisable
2024067800,FOURNITURE D?ARTICLES POUR LE GROUPEMENT DE COMMANDES ENTRETIEN HYGIENE ET ARTICLES HOTELIERS AUVERGNE RHONE ALPES,60000.0,39220000-0,Mobilier & ménager,Appel d'offres ouvert,2023-11-30,26690025700046,,70205190500066,,Rhone,Révisable
2024067400,FOURNITURE D?ARTICLES POUR LE GROUPEMENT DE COMMANDES ENTRETIEN HYGIENE ET ARTICLES HOTELIERS AUVERGNE RHONE ALPES,222000.0,39220000-0,Mobilier & ménager,Appel d'offres ouvert,2023-11-30,26690025700046,,40799550500010,,Rhone,Révisable
2023061315MVA00,LOT 1 PIECES DETACHEES FOURNITURES OU PRESTATIONS DIVERSES POUR VEHICULES LEGERS PARTICULIERS ET UTILITAIRES,480000.0,34324000-4,Transport & véhicules,Appel d'offres ouvert,2023-11-30,24440064400013,,35301377400016,,SAINT JOACHIM,Révisable
2023C2308IN0100,DROITS UTILISATION DES FIBRES OPTIQUES NOIRES,236723.0,32562200-2,Télécommunications,Marché négocié sans publicité ni mise en concurrence préalable,2023-11-30,20003573100013,,48428780000011,,ROANNAIS AGGLOMERATION,Ferme
2023023500,FOURNITURE DE DENREES ALIMENTAIRES COMMERCIALISEES EN CUIRCUITS COURTS,168000.0,15500000-3,Alimentaire,Appel d'offres ouvert,2023-11-30,20005684400018,,49245772600015,,LA MANCHE,Révisable
2023M3D0114VD00,ACQUISITION DE COLONNES AÉRIENNES DESTINÉES A LA PRE-COLLECTE DES DÉCHETS MÉNAGERS ET ASSIMILES,1000000.0,34928480-6,Transport & véhicules,Procédure adaptée,2023-11-30,24340001700022,,77605646700587,,MONTPELLIER MEDITERRANEE METRO,Ferme
202324ELEC00,Fourniture et acheminement d'electricité,165000.0,31682000-0,Matériel électrique,Marché passé sans publicité ni mise en concurrence préalable,2023-11-30,55208131766522,,55208131766522,,Commune de Saint Pair sur Mer,Ferme et actualisable
20230701,"Déploiement du dispositif ""Micro-Folie"" - Fourniture, installation et maintenance du matériel lié au musée numérique et fourniture de mobilier: Lot 1 : Equipement numérique et accessoires",47798.0,30236000-2,Informatique & bureautique,Procédure adaptée,2023-11-30,21440212500071,,35009370400657,,VALLET,Ferme
2023B19200,ACQUISITION REMORQUE HAUTE PRESSION NEUVE,62960.0,34220000-5,Transport & véhicules,Procédure adaptée,2023-11-30,20002715900017,,49056198200094,,DUNKERQUE,Ferme
2024068500,FOURNITURE D?ARTICLES POUR LE GROUPEMENT DE COMMANDES ENTRETIEN HYGIENE ET ARTICLES HOTELIERS AUVERGNE RHONE ALPES,240000.0,39220000-0,Mobilier & ménager,Appel d'offres ouvert,2023-11-30,26690025700046,,40799550500010,,Rhone,Révisable
20242024-0300,REHABILITATION DE LA BOULANGERIE ET DE SON LOGEMENT MENUISERIE EXTERIEURE LOT 3,57938.31,44220000-8,Matériaux de construction,Procédure adaptée,2023-11-30,21720381900016,,42350147700016,,Voivres-lès-le-Mans,Ferme et actualisable
20232023-00600,Confection de repas individuels en liaison froide destinés aux personnes agées de plus de 60 ans,100000.0,15894200-3,Alimentaire,Procédure adaptée,2023-11-30,20007399700013,,79174781900070,,Maîche,Ferme
2023A23124T00,PREPARATION SAEIV DE 6 CARS VOISIN,56070.0,48627000-9,Logiciels,Appel d'offres restreint,2023-11-30,24490001500060,,30716693400033,,ANGERS,Ferme
202398083500,"Fourniture avec livraison de pneumatiques et accessoires de pneumatiques: Lot 1: Fourniture avec livraison de pneumatiques neufs ou rechapés et accessoires pour Véhicules Légers et Utilitaires de moins de 3,5 Tonnes",155852.0,34351100-3,Transport & véhicules,Appel d'offres ouvert,2023-11-30,22870851700989,,30234339700147,,Département de la Haute-Vienne,Ferme et actualisable
2023C177B200,Fourniture avec livraison de pneumatiques et accessoires de pneumatiques: Lot 2: Fourniture avec livraison de pneumatiques neufs ou rechapés et accessoires pour Poids-Lourds TP et engins agricoles et travaux publics,137126.0,34351100-3,Transport & véhicules,Appel d'offres ouvert,2023-11-30,22870851700989,,30234339700147,,Département de la Haute-Vienne,Ferme et actualisable
202323A06300,LOCATION MISE EN PLACE ET ASSISTANCE TECHNIQUE POUR MATERIEL SON LUMIERE ET VIDEO STRUCTURE DE LA VILLE,800000.0,32342410-9,Télécommunications,Procédure adaptée,2023-11-30,21920048200012,,41044414500016,,MEUDON,Ferme
2023M3B0069MG00,ACHAT DE 2 VÉHICULES UTILITAIRES D'OCCASION POUR LA MÉTROPOLE DE MONTPELLIER,58000.0,34144700-5,Transport & véhicules,Procédure adaptée,2023-11-30,24340001700022,,31810202700022,,MONTPELLIER MEDITERRANEE METRO,Ferme
2024068400,FOURNITURE D?ARTICLES POUR LE GROUPEMENT DE COMMANDES ENTRETIEN HYGIENE ET ARTICLES HOTELIERS AUVERGNE RHONE ALPES,80000.0,39220000-0,Mobilier & ménager,Appel d'offres ouvert,2023-11-30,26690025700046,,32698156000054,,Rhone,Révisable
2024067300,FOURNITURE D?ARTICLES POUR LE GROUPEMENT DE COMMANDES ENTRETIEN HYGIENE ET ARTICLES HOTELIERS AUVERGNE RHONE ALPES,100000.0,39220000-0,Mobilier & ménager,Appel d'offres ouvert,2023-11-30,26690025700046,,44030355000063,,Rhone,Révisable
20230613150100,"PIECES DÉTACHÉES, FOURNITURES OU PRESTATIONS DIVERSES POUR VÉHICULES LÉGERS PARTICULIERS ET UTILITAIRES",140000.0,34224000-3,Transport & véhicules,Appel d'offres ouvert,2023-11-30,21440132500011,,35301377400016,,PORNICHET,Révisable
202398736100,"Pièces détachées,  fournitures ou prestations diverses pour véhicules  légers particuliers et utilitaires",140000.0,34324000-4,Transport & véhicules,Appel d'offres ouvert,2023-11-30,21440132500011,,77560494500227,,PORNICHET GARAGE,Révisable
2023061315MVD00,LOT 4 FOURNITURE DE PNEUMATIQUES ET PRESTATIONS POUR LES VEHICULES POIDS LOURDS INDUSTRIELS ET ENGINS AGRICOLES  D ESPACES VERT ET DE TRAVAUX PUBLICS,240000.0,34224000-3,Transport & véhicules,Appel d'offres ouvert,2023-11-30,24440064400013,,30463605300015,,SAINT JOACHIM,Révisable
2023000000002300,FOURNITURE D'OUTILLAGE EQUIPEMENTS DIVERS ACCESSOIRES ET CONSOMMABLES,800000.0,44510000-8,Matériaux de construction,Appel d'offres ouvert,2023-11-30,24590042800013,,33527505300049,,DUNKERQUE,Ferme
202400300,FOURNITURE DE TITRES RESTAURANT,3931200.0,30199770-8,Informatique & bureautique,Appel d'offres ouvert,2023-11-30,25670124400020,,64204436600069,,Wissembourg,Ferme
20232300046300,Bons d'achat multi-enseignes pour la ville de Nîmes,2400000.0,22440000-6,Imprimés,Appel d'offres ouvert,2023-11-30,21300189400012,,82401217300046,,NIMES CEDEX,Ferme et actualisable
2023061315MVA00,LOT 1 PIECES DETACHEES FOURNITURES OU PRESTATIONS DIVERSES POUR VEHICULES LEGERS PARTICULIERS ET UTILITAIRES,900000.0,34324000-4,Transport & véhicules,Appel d'offres ouvert,2023-11-30,21440184600016,,77560494500094,,SAINT-NAZAIRE,Révisable
20232024F0000100,"Fourniture, gestion et livraison de titres restaurant dématérialisés pour le personnel de la Mairie de PENVENAN",94500.0,30199770-8,Informatique & bureautique,Procédure adaptée,2023-11-30,21220166900018,,64204436600242,,(22) Côtes-d'Armor,Ferme
2023157500,"Maintenance pour les appareils d?Immunohématologie de la société GRIFOLS, incluant la fourniture des pièces détachées, sous- ensembles et accessoires",400000.0,33000000-0,Matériel médical,Marché négocié sans publicité ni mise en concurrence préalable,2023-11-30,26310012500016,,42494220900075,,Occitanie,Ferme et actualisable
2024P2308200,FR ET LIVRAISON DENREES ALIMENTAIRES EPICERIE BIO LOT 1 EPICERIE CONVENTIONNELLE CCP,70000.0,15800000-6,Alimentaire,Procédure adaptée,2023-11-30,21590271900016,,47698032100170,,GRANDE SYNTHE,Révisable
2023B03200,FOURNITURE OUTILLAGES EQUIPEMENTS DIVERS ACCESSOIRES ET CONSOMMABLES LOT 4 OUTILS POUR LA MECANIQUE VL PL AGRICOLE,195000.0,44510000-8,Matériaux de construction,Appel d'offres ouvert,2023-11-30,20002715900017,,33527505300049,,DUNKERQUE,Ferme
2023061310400,FOURNITURE DE PNEUMATIQUES ET PRESTATIONS POUR LES VEHICULES POIDS LOURDS INDUSTRIELS ENGINS AGRICOLES EV ET TP,52000.0,34224000-3,Transport & véhicules,Appel d'offres ouvert,2023-11-30,21440132500011,,30463605300015,,PORNICHET,Révisable
2023VI202305300,ACQUISITION D'UN TRACTOPELLE,90000.0,34114000-9,Transport & véhicules,Procédure adaptée,2023-11-30,21110262900014,,48395598500013,,NARBONNE,Ferme
2024068101,FOURNITURE D?ARTICLES POUR LE GROUPEMENT DE COMMANDES ENTRETIEN HYGIENE ET ARTICLES HOTELIERS AUVERGNE RHONE ALPES,160000.0,39220000-0,Mobilier & ménager,Appel d'offres ouvert,2023-11-30,26690025700046,,43825920200036,,Rhone,Révisable
202320230690100,"Fourniture de papèterie (hors papier blanc reprographie),  fournitures pour loisirs créatifs et travaux manuels, matérie",284800.0,39162110-9,Mobilier & ménager,Appel d'offres ouvert,2023-11-30,21580194500019,,70372020100028,,NEVERS,Révisable
202398444801,Fourniture et acheminement d'électricité,165000.0,31682000-0,Matériel électrique,Procédure adaptée,2023-11-30,21500532300013,,55208131766522,,SAINT PAIR SUR MER,Ferme et actualisable
2023061315MVD00,LOT 4 FOURNITURE DE PNEUMATIQUES ET PRESTATIONS POUR LES VEHICULES POIDS LOURDS INDUSTRIELS ET ENGINS AGRICOLES  D ESPACES VERT ET DE TRAVAUX PUBLICS,350000.0,34224000-3,Transport & véhicules,Appel d'offres ouvert,2023-11-30,21440184600016,,30463605300015,,SAINT-NAZAIRE,Révisable
20232000,FOURNITURE DE MATERIEL DE PLOMBERIE ET SANITAIRE,180000.0,44115210-4,Matériaux de construction,Procédure adaptée,2023-11-30,21380421400012,,77559508500041,,SAINT MARTIN D'HERES,Révisable
2023O4995A00,"Fourniture de chauffe-eaux électriques, sanitaires et équipements Ville de Lyon et CCAS - lot 1 : chauffe-eaux électriques, résistances et pièces détachées",360000.0,39715000-7,Mobilier & ménager,Appel d'offres ouvert,2023-11-30,21690123100011,,30930461603575,,A Lyon,Révisable
2023061315MVC00,LOT 3 FOURNITURE DE PNEUMATIQUE ET PRESTATIONS POUR LES VEHICULES LEGERS PARTICULIERS ET UTILITAIRES AINSI QUE POUR CERTAINS PETITS MATERIELS,240000.0,34224000-3,Transport & véhicules,Appel d'offres ouvert,2023-11-30,24440064400013,,30463605300015,,SAINT JOACHIM,Révisable
2023VPA-23070100,Lot1-Equipement numérique et accessoires,47798.22,30236000-2,Informatique & bureautique,Procédure adaptée,2023-11-30,21440212500071,,35009370400673,,VALLET,Ferme
2023053301,"Mise à disposition d?une bibliothèque de logiciels multi-éditeurs et prestations associées, pour les 3 établissement du GHT-GPNE",399000.0,48000000-8,Logiciels,Appel d'offres ouvert,2023-11-30,20001803400013,,38873456800495,,SEINE ST DENIS,Révisable
2024068300,FOURNITURE D?ARTICLES POUR LE GROUPEMENT DE COMMANDES ENTRETIEN HYGIENE ET ARTICLES HOTELIERS AUVERGNE RHONE ALPES,100000.0,39220000-0,Mobilier & ménager,Appel d'offres ouvert,2023-11-30,26690025700046,,72262054900062,,Rhone,Révisable
249923724,RÉHABILITATION DE 63 LOGEMENTS  RUE DES LILAS A CASTRES: Lot 4: RÉHABILITATION DE 63 LOGEMENTS  RUE DES LILAS A CASTRES - lot 4 portes palières,78187.0,44221200-7,Matériaux de construction,Procédure adaptée,2023-11-30,50227332900024,,48847986600037,1.0,,Unitaire
2023GN23C10A00,Lot 1 - Fourgon funéraire transport de corps,60820.93,34144700-5,Transport & véhicules,Appel d'offres ouvert,2023-11-30,24110059300078,,37770365700017,,NARBONNE CEDEX,Ferme
202323CVD01800,Fourniture pièces détachées pour engins MERCEDES Lot 03,40000.0,34300000-0,Transport & véhicules,Appel d'offres ouvert,2023-11-30,22040001400019,,30944470100028,,DIGNE LES BAINS CEDEX 9,Révisable
202323CVD02000,Fourniture de pièces détachées pour engin NOREMAT Lot 05,140000.0,34300000-0,Transport & véhicules,Appel d'offres ouvert,2023-11-30,22040001400019,,32221367900036,,DIGNE LES BAINS CEDEX 9,Révisable
2023053300,"Mise à disposition d?une bibliothèque de logiciels multi-éditeurs et prestations associées, pour les 3 établissement du GHT-GPNE",399000.0,48000000-8,Logiciels,Appel d'offres ouvert,2023-11-30,20001803400013,,38873456800495,,SEINE ST DENIS,Révisable
2023061315MVC00,LOT 3 FOURNITURE DE PNEUMATIQUE ET PRESTATIONS POUR LES VEHICULES LEGERS PARTICULIERS ET UTILITAIRES AINSI QUE POUR CERTAINS PETITS MATERIELS,500000.0,34224000-3,Transport & véhicules,Appel d'offres ouvert,2023-11-30,21440184600016,,48500865000015,,SAINT-NAZAIRE,Révisable
2022M009-00801,NISSAN - CH VIALA - RAHABILITATION RSX ASST CO ET RENOUVELLEMENT RSX AEP,143239.57,44162500-8,Matériaux de construction,Procédure adaptée,2023-11-30,24340048800025,,30855035900027,,Maureilhan,Révisable
243173,"Fourniture de dispositifs médicaux de cicatrisation, contention et immobilisation au profit des adhérents du GCS GRAPS Grand Est lot 119",82132.0,33600000-6,Matériel médical,Appel d'offres ouvert,2023-11-29,13002682600011,,83807169400015,51.0,,Unitaire
243179,"Fourniture de dispositifs médicaux de cicatrisation, contention et immobilisation au profit des adhérents du GCS GRAPS Grand Est lots 115,116,196,203,204,205,206,218,219",76973.0,33600000-6,Matériel médical,Appel d'offres ouvert,2023-11-29,13002682600011,,33897480100049,51.0,,Unitaire
243155,"Fourniture de dispositifs médicaux de cicatrisation, contention et immobilisation au profit des adhérents du GCS GRAPS Grand Est lots 21 et 165",24280.0,33600000-6,Matériel médical,Appel d'offres ouvert,2023-11-29,13002682600011,,34517003900043,51.0,,Unitaire
243151,"Fourniture de dispositifs médicaux de cicatrisation, contention et immobilisation au profit des adhérents du GCS GRAPS Grand Est lots 67,69,71,74,75",1229641.0,33600000-6,Matériel médical,Appel d'offres ouvert,2023-11-29,13002682600011,,54207855500662,51.0,,Unitaire
20232023F0004800,"Système d'acquisition dynamique pour l'achat de véhicule neufs ou d'occasion - 2023-07-03-3 : Fourniture et livraison d’un véhicule électrique de couleur blanche (type Zoé, Peugeot e-208 ou équivalent) pour le service déchet de Haut Léon Communauté et rep",24072.34,34100000-8,Transport & véhicules,Appel d'offres ouvert,2023-11-29,20006707200013,,30896210900036,,(29) Finistère,Ferme
2023168800,Prestations de support et suivi logiciel TRAUMACAD,94049.6,48180000-3,Logiciels,Marché négocié sans publicité ni mise en concurrence préalable,2023-11-29,26310012500016,,53529682600014,,Occitanie,Révisable
2023130100,Fourniture de Repas pour le Multi Accueil et le Centre de Loisirs: Lot 1: Repas du multi accueil,17391.0,38343000-1,Instruments de mesure,Procédure adaptée,2023-11-29,21140258100014,,47718101000729,,Ville de Falaise,Ferme et actualisable
202323003600200,LOT 2 MOBILIERS AMENAGEMENT ET RANGEMENT DE CLASSE,49000.0,39120000-9,Mobilier & ménager,Procédure adaptée,2023-11-29,21260198300019,,73298019800020,,MONTELIMAR,Révisable
243160,"Fourniture de dispositifs médicaux de cicatrisation, contention et immobilisation au profit des adhérents du GCS GRAPS Grand Est lots 52,53,54,73",403775.0,33600000-6,Matériel médical,Appel d'offres ouvert,2023-11-29,13002682600011,,31820925100095,51.0,,Unitaire
243159,"Fourniture de dispositifs médicaux de cicatrisation, contention et immobilisation au profit des adhérents du GCS GRAPS Grand Est lots 30,31,32,34,35,42,46,166",422170.0,33600000-6,Matériel médical,Appel d'offres ouvert,2023-11-29,13002682600011,,31232836200040,51.0,,Unitaire
2024319000,"Fourniture de dispositifs médicaux de cicatrisation, contention et immobilisation au profit des adhérents du GCS GRAPS Grand Est lots 3,5,8,201,207,209,211",683068.0,33600000-6,Matériel médical,Appel d'offres ouvert,2023-11-29,13002682600011,,54209118600073,,GRAND EST,Révisable
202398508200,Acquisition d'une flotte de vélos: Lot 3: Vélos pour différents usages,10700.0,34144900-7,Transport & véhicules,Procédure adaptée,2023-11-29,24300068400015,,92194437700016,,Remoulins,Ferme
202317502,"2023/175 - lot 1 - Acquisition, location et entretien véhicules légers de tourisme",6000000.0,34100000-8,Transport & véhicules,Appel d'offres ouvert,2023-11-29,22192720500197,,32989236800021,,TULLE,Ferme et actualisable
2023O4997A00,"Fourniture de chauffe-eaux électriques, sanitaires et équipements Ville de Lyon et CCAS - lot 3 : accessoires et pièces détachées salle de bain et cuisines",1400000.0,44411000-4,Matériaux de construction,Appel d'offres ouvert,2023-11-29,21690123100011,,77558685200227,,A Lyon,Révisable
2023DCT05200,Travaux relatif à la requalification des espaces extérieurs du musée Dauphinois Grenoble lot 2 maçonnerie Grenoble lot 4 serrurerie,133883.0,44316500-3,Matériaux de construction,Procédure adaptée,2023-11-29,22380001200013,,33996388600017,,GRENOBLE,Révisable
202323M0048L0000,ACQUISITION DE SERVEURS INFORMATIQUES,1000000.0,48822000-6,Logiciels,Appel d'offres ouvert,2023-11-29,21060027600013,,75750102800547,,CAGNES SUR MER,Révisable
202323MA01800,FOURNITURE DE LED ET TRAVAUX DE POSE POUR LE RELAMPING SMA,46945.87,31520000-7,Matériel électrique,Marché négocié sans publicité ni mise en concurrence préalable,2023-11-29,21140366200011,,50878629000033,,LISIEUX,Ferme
2024318800,"Fourniture de dispositifs médicaux de cicatrisation, contention et immobilisation au profit des adhérents du GCS GRAPS Grand Est lots 117,118,135,136,137,138,139,146,149,150,152,153",2856522.0,33600000-6,Matériel médical,Appel d'offres ouvert,2023-11-29,13002682600011,,33893335100011,,GRAND EST,Révisable
2024318300,"Fourniture de dispositifs médicaux de cicatrisation, contention et immobilisation au profit des adhérents du GCS GRAPS Grand Est lots 61,91,114",103296.0,33600000-6,Matériel médical,Appel d'offres ouvert,2023-11-29,13002682600011,,38319747200061,,GRAND EST,Révisable
2024317801,"Fourniture de dispositifs médicaux de cicatrisation, contention et immobilisation au profit des adhérents du GCS GRAPS Grand Est lots 6,57,58,141,144",73929.0,33600000-6,Matériel médical,Appel d'offres ouvert,2023-11-29,13002682600011,,38023609100134,,GRAND EST,Révisable
202398540200,"Fourniture de dispositifs médicaux de cicatrisation, contention et immobilisation au profit des adhérents du GCS GRAPS Grand Est lots 89,90,94,96,107,110",353188.0,33600000-6,Matériel médical,Appel d'offres ouvert,2023-11-29,13002682600011,,40197247600063,,GRAND EST,Révisable
2024315900,"Fourniture de dispositifs médicaux de cicatrisation, contention et immobilisation au profit des adhérents du GCS GRAPS Grand Est lots 30,31,32,34,35,42,46,166",422170.0,33600000-6,Matériel médical,Appel d'offres ouvert,2023-11-29,13002682600011,,31232836200040,,GRAND EST,Révisable
202398540201,"Fourniture de dispositifs médicaux de cicatrisation, contention et immobilisation au profit des adhérents du GCS GRAPS Grand Est lots 89,90,94,96,107,110",353188.0,33600000-6,Matériel médical,Appel d'offres ouvert,2023-11-29,13002682600011,,40197247600063,,GRAND EST,Révisable
2024315300,"Fourniture de dispositifs médicaux de cicatrisation, contention et immobilisation au profit des adhérents du GCS GRAPS Grand Est lots 15,19,159",193870.0,33600000-6,Matériel médical,Appel d'offres ouvert,2023-11-29,13002682600011,,56205085600235,,GRAND EST,Révisable
243187,"Fourniture de dispositifs médicaux de cicatrisation, contention et immobilisation au profit des adhérents du GCS GRAPS Grand Est lots 36,37,41,44,47,63,66,86,88,95,126,143",1590142.0,33600000-6,Matériel médical,Appel d'offres ouvert,2023-11-29,13002682600011,,57715084000137,51.0,,Unitaire
202398540400,"Fourniture de dispositifs médicaux de cicatrisation, contention et immobilisation au profit des adhérents du GCS GRAPS Grand Est lots 67,69,71,74,75",1229641.0,33600000-6,Matériel médical,Appel d'offres ouvert,2023-11-29,13002682600011,,54207855500662,,GRAND EST,Révisable
2024317101,"Fourniture de dispositifs médicaux de cicatrisation, contention et immobilisation au profit des adhérents du GCS GRAPS Grand Est lots 100,195",78175.0,33600000-6,Matériel médical,Appel d'offres ouvert,2023-11-29,13002682600011,,87838775200016,,GRAND EST,Révisable
202317501,"2023/175 - lot 1 - Acquisition, location et entretien véhicules légers de tourisme",6000000.0,34100000-8,Transport & véhicules,Appel d'offres ouvert,2023-11-29,22192720500197,,33925599400024,,TULLE,Ferme et actualisable
249980753,DIVERS TRAVAUX EN FACADES ET PARTIES COMMUNES LES ARCADES - PLACE JEAN JAURES A CASTRES: Lot 3: DIVERS TRAVAUX EN FACADES ET PARTIES COMMUNES LES ARCADES - PLACE JEAN JAURES A CASTRES - lot n°03 PEINTURE,11821.0,44810000-1,Matériaux de construction,Procédure adaptée,2023-11-29,50227332900024,,38446890600027,2.0,,Unitaire
2024318500,"Fourniture de dispositifs médicaux de cicatrisation, contention et immobilisation au profit des adhérents du GCS GRAPS Grand Est lot 168",187586.0,33600000-6,Matériel médical,Appel d'offres ouvert,2023-11-29,13002682600011,,34795633600015,,GRAND EST,Révisable
2024317800,"Fourniture de dispositifs médicaux de cicatrisation, contention et immobilisation au profit des adhérents du GCS GRAPS Grand Est lots 6,57,58,141,144",73929.0,33600000-6,Matériel médical,Appel d'offres ouvert,2023-11-29,13002682600011,,38023609100134,,GRAND EST,Révisable
2024316700,"Fourniture de dispositifs médicaux de cicatrisation, contention et immobilisation au profit des adhérents du GCS GRAPS Grand Est lot 124",34174.0,33600000-6,Matériel médical,Appel d'offres ouvert,2023-11-29,13002682600011,,30606294400013,,GRAND EST,Révisable
2024315700,"Fourniture de dispositifs médicaux de cicatrisation, contention et immobilisation au profit des adhérents du GCS GRAPS Grand Est lots 4,92,97,103,108,109,122,175,176,177,181,182,183,184,185,186,187,188,189,190,194,208,216,226",1004933.0,33600000-6,Matériel médical,Appel d'offres ouvert,2023-11-29,13002682600011,,65288051900036,,GRAND EST,Révisable
2023ABF000018700,IMPRESSION DES GUIDES TERRITORIAUX,119000.0,22100000-1,Imprimés,Appel d'offres ouvert,2023-11-29,20005550700012,,34129298500056,,FORT DE FRANCE,Révisable
243172,"Fourniture de dispositifs médicaux de cicatrisation, contention et immobilisation au profit des adhérents du GCS GRAPS Grand Est lot 65",63351.0,33600000-6,Matériel médical,Appel d'offres ouvert,2023-11-29,13002682600011,,34126457000035,51.0,,Unitaire
243185,"Fourniture de dispositifs médicaux de cicatrisation, contention et immobilisation au profit des adhérents du GCS GRAPS Grand Est lot 168",187586.0,33600000-6,Matériel médical,Appel d'offres ouvert,2023-11-29,13002682600011,,34795633600015,51.0,,Unitaire
202323CVD02100,Fourniture de pièces détachées pour engin RABAUD Lot 06,50000.0,34300000-0,Transport & véhicules,Appel d'offres ouvert,2023-11-29,22040001400019,,32127840000015,,DIGNE LES BAINS CEDEX 9,Révisable
243194,"Fourniture de DM de cicatrisation, contention et immobilisation au profit des adhérents du GCS GRAPS Grand Est - Marchés Négociés - lot 99",3754.0,33600000-6,Matériel médical,Marché passé sans publicité ni mise en concurrence préalable,2023-11-29,13002682600011,,81961453800018,1.0,,Unitaire
243168,"Fourniture de dispositifs médicaux de cicatrisation, contention et immobilisation au profit des adhérents du GCS GRAPS Grand Est lots 210, 212, 214",12767.0,33600000-6,Matériel médical,Appel d'offres ouvert,2023-11-29,13002682600011,,82295102600019,51.0,,Unitaire
2024315701,"Fourniture de dispositifs médicaux de cicatrisation, contention et immobilisation au profit des adhérents du GCS GRAPS Grand Est lots 4,92,97,103,108,109,122,175,176,177,181,182,183,184,185,186,187,188,189,190,194,208,216,226",1004933.0,33600000-6,Matériel médical,Appel d'offres ouvert,2023-11-29,13002682600011,,65288051900036,,GRAND EST,Révisable
2024316901,"Fourniture de dispositifs médicaux de cicatrisation, contention et immobilisation au profit des adhérents du GCS GRAPS Grand Est lots 40,45,48,51,68,98,101,102,104,142,145,147,148,160,163,178",782223.0,33600000-6,Matériel médical,Appel d'offres ouvert,2023-11-29,13002682600011,,32515803800035,,GRAND EST,Révisable
2024315400,"Fourniture de dispositifs médicaux de cicatrisation, contention et immobilisation au profit des adhérents du GCS GRAPS Grand Est lot 23",75801.0,33600000-6,Matériel médical,Appel d'offres ouvert,2023-11-29,13002682600011,,5650171100115,,GRAND EST,Révisable
202313DSES100,MULTI ACCUEIL,80000.0,38343000-1,Instruments de mesure,Procédure adaptée,2023-11-29,21140258100014,,47718101000729,,FALAISE,Ferme et actualisable
20232023-073-100,LOT 1 - PRODUITS D'ENTRETIEN COURANT LIQUIDE NORMES ALIMENTAIRES,59500.0,39812100-8,Mobilier & ménager,Procédure adaptée,2023-11-29,21974009900011,,31984345400053,,ST ANDRE,Ferme
20232023F0004700,"Système d'acquisition dynamique pour l'achat de véhicule neufs ou d'occasion - 2023-07-03-1 Fourniture et livraison d’un véhicule électrique de couleur blanche (type Zoé, Peugeot e-208 ou équivalent) pour le service administratif de Haut Léon Communauté e",21607.97,34100000-8,Transport & véhicules,Appel d'offres ouvert,2023-11-29,20006707200013,,30896210900036,,(29) Finistère,Ferme
243181,"Fourniture de dispositifs médicaux de cicatrisation, contention et immobilisation au profit des adhérents du GCS GRAPS Grand Est lot 18",80592.0,33600000-6,Matériel médical,Appel d'offres ouvert,2023-11-29,13002682600011,,72200823200224,51.0,,Unitaire
243178,"Fourniture de dispositifs médicaux de cicatrisation, contention et immobilisation au profit des adhérents du GCS GRAPS Grand Est lots 6,57,58,141,144",73609.0,33600000-6,Matériel médical,Appel d'offres ouvert,2023-11-29,13002682600011,,38023609100134,51.0,,Unitaire
243158,"Fourniture de dispositifs médicaux de cicatrisation, contention et immobilisation au profit des adhérents du GCS GRAPS Grand Est lots 85,87,93,111",365464.0,33600000-6,Matériel médical,Appel d'offres ouvert,2023-11-29,13002682600011,,39023204900028,51.0,,Unitaire
2024318700,"Fourniture de dispositifs médicaux de cicatrisation, contention et immobilisation au profit des adhérents du GCS GRAPS Grand Est lots 36,37,41,44,47,63,66,86,88,95,126,143",1590142.0,33600000-6,Matériel médical,Appel d'offres ouvert,2023-11-29,13002682600011,,57715084000137,,GRAND EST,Révisable
2024319101,"Fourniture de dispositifs médicaux de cicatrisation, contention et immobilisation au profit des adhérents du GCS GRAPS Grand Est lots 7,12,38,39,55,56,59,60,62,169,179,180",705727.0,33600000-6,Matériel médical,Appel d'offres ouvert,2023-11-29,13002682600011,,43384204400011,,GRAND EST,Révisable
2024316300,"Fourniture de dispositifs médicaux de cicatrisation, contention et immobilisation au profit des adhérents du GCS GRAPS Grand Est lots 200 et 202",2429.0,33600000-6,Matériel médical,Appel d'offres ouvert,2023-11-29,13002682600011,,35394158600078,,GRAND EST,Révisable
2024315600,"Fourniture de dispositifs médicaux de cicatrisation, contention et immobilisation au profit des adhérents du GCS GRAPS Grand Est lots 9,11",517548.0,33600000-6,Matériel médical,Appel d'offres ouvert,2023-11-29,13002682600011,,57215630500029,,GRAND EST,Révisable
2024317600,"Fourniture de dispositifs médicaux de cicatrisation, contention et immobilisation au profit des adhérents du GCS GRAPS Grand Est lots 213,215,217",37557.0,33600000-6,Matériel médical,Appel d'offres ouvert,2023-11-29,13002682600011,,88753533400015,,GRAND EST,Révisable
243163,"Fourniture de dispositifs médicaux de cicatrisation, contention et immobilisation au profit des adhérents du GCS GRAPS Grand Est lots 200 et 202",2429.0,33600000-6,Matériel médical,Appel d'offres ouvert,2023-11-29,13002682600011,,35394158600078,51.0,,Unitaire
243150,"Fourniture de dispositifs médicaux de cicatrisation, contention et immobilisation au profit des adhérents du GCS GRAPS Grand Est lots 89,90,94,96,107,110",353188.0,33600000-6,Matériel médical,Appel d'offres ouvert,2023-11-29,13002682600011,,54207855500662,51.0,,Unitaire
202398508400,Acquisition d'une flotte de vélos: Lot 5: Vélos pour tous les jours,10600.0,34144900-7,Transport & véhicules,Procédure adaptée,2023-11-29,24300068400015,,92194437700016,,Remoulins,Ferme
2023130200,Fourniture de Repas pour le Multi Accueil et le Centre de Loisirs: Lot 2: Repas du Centre de Loisirs,47986.0,38343000-1,Instruments de mesure,Procédure adaptée,2023-11-29,21140258100014,,79366919300013,,Ville de Falaise,Ferme et actualisable
20232023F0001100,"Progiciel de gestion de la billetterie pour la programmation culturelle de la commune de Dinard (acquisition de licences, hébergement portail, fourniture de matériels, maintenance, formation des utilisateurs)",50000.0,48481000-3,Logiciels,Procédure adaptée,2023-11-29,21350093700015,,42204012100028,,(35) Ille-et-Vilaine,Révisable
2023MP018M00,MOE -MES D'UNE INFRASTRUCTURE DE POMPAGE EAU BRUTE DN 400,119780.0,44141000-0,Matériaux de construction,Procédure adaptée,2023-11-29,21973304500013,,54202182900784,,KOUROU,Ferme
249967015,Fourniture de denrées alimentaires pour la restauration scolaire de la ville de MANDUEL: Lot 5: Crèmerie et produits frais,47880.0,15550000-8,Alimentaire,Appel d'offres ouvert,2023-11-29,21300155500019,,55204499200493,5.0,,Unitaire
243174,"Fourniture de dispositifs médicaux de cicatrisation, contention et immobilisation au profit des adhérents du GCS GRAPS Grand Est lot 77",127523.0,33600000-6,Matériel médical,Appel d'offres ouvert,2023-11-29,13002682600011,,42504963200036,51.0,,Unitaire
202398102500,"Fourniture de vêtements de travail pour les agents de Limoges Métropole et de 8 communes membres (Boisseuil, Couzeix, Isle, Le Palais-sur-Vienne, Panazol, Saint-Gence, Saint-Just-le-Martel, Le Vigen): Lot 1: Vêtements de travail et chaussants",310000.0,18100000-0,Vêtements,Appel d'offres ouvert,2023-11-29,24871931200162,,39257584100029,,Limoges Métropole,Révisable
20232023640000,PROGICIEL DE GESTION DE BILLETERIE PROGRAMMATION CULTURELLE,50000.0,48481000-3,Logiciels,Procédure adaptée,2023-11-29,21350093700015,,42204012100028,,DINARD,Révisable
202323CVD02800,Fourniture pièces détachées pour engin SCHMIDT et EUROPE SERVICE Lot 13,80000.0,34300000-0,Transport & véhicules,Appel d'offres ouvert,2023-11-29,22040001400019,,38388818700028,,DIGNE LES BAINS CEDEX 9,Révisable
243193,"Fourniture de DM de cicatrisation, contention et immobilisation au profit des adhérents du GCS GRAPS Grand Est - Marchés Négociés - lot 27",5952.0,33600000-6,Matériel médical,Marché passé sans publicité ni mise en concurrence préalable,2023-11-29,13002682600011,,77570245900048,1.0,,Unitaire
202317600,"2023/176 - lot 2 - Acquisition, location et entretien véhicules légers utilitaires",2400000.0,34100000-8,Transport & véhicules,Appel d'offres ouvert,2023-11-29,22192720500197,,33925599400024,,TULLE,Ferme et actualisable
243153,"Fourniture de dispositifs médicaux de cicatrisation, contention et immobilisation au profit des adhérents du GCS GRAPS Grand Est lots 15,19,159",193870.0,33600000-6,Matériel médical,Appel d'offres ouvert,2023-11-29,13002682600011,,56205085600235,51.0,,Unitaire
243166,"Fourniture de dispositifs médicaux de cicatrisation, contention et immobilisation au profit des adhérents du GCS GRAPS Grand Est lots 112,113,157",193765.0,33600000-6,Matériel médical,Appel d'offres ouvert,2023-11-29,13002682600011,,33306171100037,51.0,,Unitaire
243152,"Fourniture de dispositifs médicaux de cicatrisation, contention et immobilisation au profit des adhérents du GCS GRAPS Grand Est lots 161,162,164",18403.0,33600000-6,Matériel médical,Appel d'offres ouvert,2023-11-29,13002682600011,,84976833800022,51.0,,Unitaire
2024319100,"Fourniture de dispositifs médicaux de cicatrisation, contention et immobilisation au profit des adhérents du GCS GRAPS Grand Est lots 7,12,38,39,55,56,59,60,62,169,179,180",705727.0,33600000-6,Matériel médical,Appel d'offres ouvert,2023-11-29,13002682600011,,43384204400011,,GRAND EST,Révisable
202398683100,"Fourniture de dispositifs médicaux de cicatrisation, contention et immobilisation au profit des adhérents du GCS GRAPS Grand Est lots 105,120,154,155,156,158",185588.0,33600000-6,Matériel médical,Appel d'offres ouvert,2023-11-29,13002682600011,,72588057900034,,GRAND EST,Révisable
202398540401,"Fourniture de dispositifs médicaux de cicatrisation, contention et immobilisation au profit des adhérents du GCS GRAPS Grand Est lots 67,69,71,74,75",1229641.0,33600000-6,Matériel médical,Appel d'offres ouvert,2023-11-29,13002682600011,,54207855500662,,GRAND EST,Révisable
2024316500,"Fourniture de dispositifs médicaux de cicatrisation, contention et immobilisation au profit des adhérents du GCS GRAPS Grand Est lots 220,223,224",24883.0,33600000-6,Matériel médical,Appel d'offres ouvert,2023-11-29,13002682600011,,94565014100027,,GRAND EST,Révisable
202323003500100,LOT 1 MOBILIERS POUR CLASSES MATERNELLES ET ELEMENTAIRES,77000.0,39110000-6,Mobilier & ménager,Procédure adaptée,2023-11-29,21260198300019,,73298019800020,,MONTELIMAR,Révisable
202398593600,"Fourniture de dispositifs médicaux de cicatrisation, contention et immobilisation au profit des adhérents du GCS GRAPS Grand Est lots 13,16,17,20",195277.0,33600000-6,Matériel médical,Appel d'offres ouvert,2023-11-29,13002682600011,,61203061900102,,GRAND EST,Révisable
2024315502,"Fourniture de dispositifs médicaux de cicatrisation, contention et immobilisation au profit des adhérents du GCS GRAPS Grand Est lots 21 et 165",24280.0,33600000-6,Matériel médical,Appel d'offres ouvert,2023-11-29,13002682600011,,34517003900043,,GRAND EST,Révisable
202323V0865-0000,SF000 ACHAT DE POINTES FREED,112000.0,18800000-7,Vêtements,Procédure adaptée,2023-11-29,21060088800015,,999999999,,NICE CEDEX 4,Révisable
2024316600,"Fourniture de dispositifs médicaux de cicatrisation, contention et immobilisation au profit des adhérents du GCS GRAPS Grand Est lots 112,113,157",193765.0,33600000-6,Matériel médical,Appel d'offres ouvert,2023-11-29,13002682600011,,33306171100037,,GRAND EST,Révisable
2024317100,"Fourniture de dispositifs médicaux de cicatrisation, contention et immobilisation au profit des adhérents du GCS GRAPS Grand Est lots 100,195",78175.0,33600000-6,Matériel médical,Appel d'offres ouvert,2023-11-29,13002682600011,,87838775200016,,GRAND EST,Révisable
202398275100,"Fourniture et Pose d'ÉQUIPEMENT SCÉNIQUE pour ""LA PASSERELLE""",162110.0,32321300-2,Télécommunications,Procédure adaptée,2023-11-29,21570221800011,,43938617800016,,FLORANGE,Ferme
243192,"Fourniture de dispositifs médicaux de cicatrisation, contention et immobilisation au profit des adhérents du GCS GRAPS Grand Est lot 80",2240.0,33600000-6,Matériel médical,Appel d'offres ouvert,2023-11-29,13002682600011,,83118443700018,51.0,,Unitaire
243189,"Fourniture de dispositifs médicaux de cicatrisation, contention et immobilisation au profit des adhérents du GCS GRAPS Grand Est lot 14",31574.0,33600000-6,Matériel médical,Appel d'offres ouvert,2023-11-29,13002682600011,,34747988300030,51.0,,Unitaire
243171,"Fourniture de dispositifs médicaux de cicatrisation, contention et immobilisation au profit des adhérents du GCS GRAPS Grand Est lots 100,195",78175.0,33600000-6,Matériel médical,Appel d'offres ouvert,2023-11-29,13002682600011,,87838775200016,51.0,,Unitaire
202323FCD0015200,LOT 2 MOBILIERS SCOLAIRES,80000.0,39160000-1,Mobilier & ménager,Procédure adaptée,2023-11-29,21310187600018,,38365393800027,,FONSORBES,Ferme
249967029,Fourniture de denrées alimentaires pour la restauration scolaire de la ville de MANDUEL: Lot 9: Boucherie,25330.0,15000000-8,Alimentaire,Appel d'offres ouvert,2023-11-29,21300155500019,,39241479300050,2.0,,Unitaire
243186,"Fourniture de dispositifs médicaux de cicatrisation, contention et immobilisation au profit des adhérents du GCS GRAPS Grand Est lots 1,2",171945.0,33600000-6,Matériel médical,Appel d'offres ouvert,2023-11-29,13002682600011,,38413785700031,51.0,,Unitaire
243184,"Fourniture de dispositifs médicaux de cicatrisation, contention et immobilisation au profit des adhérents du GCS GRAPS Grand Est lots 105,120,154,155,156,158",185588.0,33600000-6,Matériel médical,Appel d'offres ouvert,2023-11-29,13002682600011,,72588057900034,51.0,,Unitaire
243164,"Fourniture de dispositifs médicaux de cicatrisation, contention et immobilisation au profit des adhérents du GCS GRAPS Grand Est lots 24, 25, 50",19706.0,33600000-6,Matériel médical,Appel d'offres ouvert,2023-11-29,13002682600011,,54722013700012,51.0,,Unitaire
2023F08801010000,1A VETEMENTS DE TRAVAIL ET CHAUSSANTS LOT 1,800000.0,18100000-0,Vêtements,Appel d'offres ouvert,2023-11-29,24871931200162,,39257584100029,,LIMOGES METROPOLE,Révisable
2024317400,"Fourniture de dispositifs médicaux de cicatrisation, contention et immobilisation au profit des adhérents du GCS GRAPS Grand Est lot 77",127523.0,33600000-6,Matériel médical,Appel d'offres restreint,2023-11-29,13002682600011,,42504963200036,,GRAND EST,Révisable
2024318100,"Fourniture de dispositifs médicaux de cicatrisation, contention et immobilisation au profit des adhérents du GCS GRAPS Grand Est lot 18",80592.0,33600000-6,Matériel médical,Appel d'offres ouvert,2023-11-29,13002682600011,,72200823200224,,GRAND EST,Révisable
2024315801,"Fourniture de dispositifs médicaux de cicatrisation, contention et immobilisation au profit des adhérents du GCS GRAPS Grand Est lots 85,87,93,111",365464.0,33600000-6,Matériel médical,Appel d'offres ouvert,2023-11-29,13002682600011,,39023204900028,,GRAND EST,Révisable
202342L300,OUATE,120000.0,39830000-9,Mobilier & ménager,Appel d'offres ouvert,2023-11-29,21920023500014,,34821440400033,,CLAMART,Révisable
2024317901,"Fourniture de dispositifs médicaux de cicatrisation, contention et immobilisation au profit des adhérents du GCS GRAPS Grand Est lots 115,116,196,203,204,205,206,218,219",76973.0,33600000-6,Matériel médical,Appel d'offres ouvert,2023-11-29,13002682600011,,33897480100049,,GRAND EST,Révisable
202398564400,"Fourniture de dispositifs médicaux de cicatrisation, contention et immobilisation au profit des adhérents du GCS GRAPS Grand Est lots 210, 212, 214",12767.0,33600000-6,Matériel médical,Appel d'offres ouvert,2023-11-29,13002682600011,,82295102600019,,GRAND EST,Révisable
243156,"Fourniture de dispositifs médicaux de cicatrisation, contention et immobilisation au profit des adhérents du GCS GRAPS Grand Est lots 9,11",517548.0,33600000-6,Matériel médical,Appel d'offres ouvert,2023-11-29,13002682600011,,57215630500029,51.0,,Unitaire
243180,"Fourniture de dispositifs médicaux de cicatrisation, contention et immobilisation au profit des adhérents du GCS GRAPS Grand Est lot 228",2045.0,33600000-6,Matériel médical,Appel d'offres ouvert,2023-11-29,13002682600011,,40853724900034,51.0,,Unitaire
2024315200,"Fourniture de dispositifs médicaux de cicatrisation, contention et immobilisation au profit des adhérents du GCS GRAPS Grand Est lots 161,162,164",18403.0,33600000-6,Matériel médical,Appel d'offres ouvert,2023-11-29,13002682600011,,84976833800022,,GRAND EST,Révisable
2023202300041400,"Travaux d'entretien du patrimoine locatif et administratif de DOMANYS: Lot 32: Peintures, papiers peints-revêtements de sol-plâtrerie-vitrerie pour le patrimoine de l'agence d'Avallon",3600000.0,44111400-5,Matériaux de construction,Appel d'offres ouvert,2023-11-29,88333378300016,,52385974200034,,Avallon,Révisable
2023-020NEGFO00,Fourniture et pose de chapiteaux,91039.14,39522530-1,Mobilier & ménager,Marché négocié sans publicité ni mise en concurrence préalable,2023-11-29,21640129900013,,38790272900079,,billere,Ferme
2024318600,"Fourniture de dispositifs médicaux de cicatrisation, contention et immobilisation au profit des adhérents du GCS GRAPS Grand Est lots 1,2",171945.0,33600000-6,Matériel médical,Appel d'offres ouvert,2023-11-29,13002682600011,,38413785700031,,GRAND EST,Révisable
2024318701,"Fourniture de dispositifs médicaux de cicatrisation, contention et immobilisation au profit des adhérents du GCS GRAPS Grand Est lots 36,37,41,44,47,63,66,86,88,95,126,143",1590142.0,33600000-6,Matériel médical,Appel d'offres ouvert,2023-11-29,13002682600011,,57715084000137,,GRAND EST,Révisable
2024318802,"Fourniture de dispositifs médicaux de cicatrisation, contention et immobilisation au profit des adhérents du GCS GRAPS Grand Est lots 117,118,135,136,137,138,139,146,149,150,152,153",2856522.0,33600000-6,Matériel médical,Appel d'offres ouvert,2023-11-29,13002682600011,,33893335100011,,GRAND EST,Révisable
2024316601,"Fourniture de dispositifs médicaux de cicatrisation, contention et immobilisation au profit des adhérents du GCS GRAPS Grand Est lots 112,113,157",193765.0,33600000-6,Matériel médical,Appel d'offres ouvert,2023-11-29,13002682600011,,33306171100037,,GRAND EST,Révisable
2024316200,"Fourniture de dispositifs médicaux de cicatrisation, contention et immobilisation au profit des adhérents du GCS GRAPS Grand Est lot 123",7435.0,33600000-6,Matériel médical,Appel d'offres ouvert,2023-11-29,13002682600011,,37050014200051,,GRAND EST,Révisable
202398508000,Acquisition d'une flotte de vélos: Lot 1: Vélos cargo,17500.0,34144900-7,Transport & véhicules,Procédure adaptée,2023-11-29,24300068400015,,92194437700016,,Remoulins,Ferme
2023230070100,FOURNITURE DE BALLOTIN DE CHOCOLATS,30000.0,15842100-3,Alimentaire,Procédure adaptée,2023-11-29,26060031700077,,56362059000023,,LE CANNET,Ferme
2023A2402200,FOURNITURE DE PNEUS LOT 2 RENFORCES PL ET ENGINS,40000.0,34352100-0,Transport & véhicules,Procédure adaptée,2023-11-29,44078435300011,,39447903400164,,METZ,Révisable
243157,"Fourniture de dispositifs médicaux de cicatrisation, contention et immobilisation au profit des adhérents du GCS GRAPS Grand Est lots 4,92,97,103,108,109,122,175,176,177,181,182,183,184,185,186,187,188,189,190,194,208,216,226",1004933.0,33600000-6,Matériel médical,Appel d'offres ouvert,2023-11-29,13002682600011,,65288051900036,51.0,,Unitaire
243167,"Fourniture de dispositifs médicaux de cicatrisation, contention et immobilisation au profit des adhérents du GCS GRAPS Grand Est lot 124",34174.0,33600000-6,Matériel médical,Appel d'offres ouvert,2023-11-29,13002682600011,,30606294400013,51.0,,Unitaire
2023061910MVB00,MAINTENANCE LOGICIEL DE GESTION DE LA RELATION CLIENT,50000.0,32545000-5,Télécommunications,Appel d'offres ouvert,2023-11-29,21440184600016,,49657315500330,,SAINT-NAZAIRE,Révisable
202330067800,MODIFICATION ET EXTENSION DU SYSTEME DE VIDEOPROTECTION DE LA VILLE DE MANDELIEU-LA NAPOULE,2400000.0,32323500-8,Télécommunications,Appel d'offres ouvert,2023-11-29,21060079700182,,5680065901732,,COMMUNE DE MANDELIEU,Ferme
2024315500,"Fourniture de dispositifs médicaux de cicatrisation, contention et immobilisation au profit des adhérents du GCS GRAPS Grand Est lots 21 et 165",24280.0,33600000-6,Matériel médical,Appel d'offres ouvert,2023-11-29,13002682600011,,34517003900043,,GRAND EST,Révisable
202323410700,ACQUISITION VU TYPE POLY BENNE,48589.76,34100000-8,Transport & véhicules,Appel d'offres ouvert,2023-11-29,21830118200018,,49456312500033,,SAINT-RAPHAEL,Ferme
202323MP05300100,FOURNITURE DE MATERIELS ET MATERIAUX DES BATIMENTS,80000.0,44115210-4,Matériaux de construction,Appel d'offres ouvert,2023-11-29,21420187300012,,57214188502180,,ROANNE,Révisable
2023230533-12100,AC//FOURNITURE DE PIECES DETACHEES ET PRESTATIONS DE REPARATIONS DE DEPANNAGE ET D ENTRETIEN DU MATERIEL DE SERVICE HIVERNAL DU DEPARTEMENT DE L OISE,200000.0,34913000-0,Transport & véhicules,Procédure adaptée,2023-11-29,22600001600403,,38388818700028,,BEAUVAIS,Révisable
2499670310,Fourniture de denrées alimentaires pour la restauration scolaire de la ville de MANDUEL: Lot 10: Volaille,17100.0,15000000-8,Alimentaire,Appel d'offres ouvert,2023-11-29,21300155500019,,6620009800086,4.0,,Unitaire
249966981,"Fourniture de denrées alimentaires pour la restauration scolaire de la ville de MANDUEL: Lot 1: Epicerie, boisson",28500.0,15800000-6,Alimentaire,Appel d'offres ouvert,2023-11-29,21300155500019,,38500623400111,3.0,,Unitaire
243191,"Fourniture de dispositifs médicaux de cicatrisation, contention et immobilisation au profit des adhérents du GCS GRAPS Grand Est lots 7,12,38,39,55,56,59,60,62,169,179,180",705727.0,33600000-6,Matériel médical,Appel d'offres ouvert,2023-11-29,13002682600011,,43384204400011,51.0,,Unitaire
243154,"Fourniture de dispositifs médicaux de cicatrisation, contention et immobilisation au profit des adhérents du GCS GRAPS Grand Est lot 23",63168.0,33600000-6,Matériel médical,Appel d'offres ouvert,2023-11-29,13002682600011,,5650171100115,51.0,,Unitaire
2024317300,"Fourniture de dispositifs médicaux de cicatrisation, contention et immobilisation au profit des adhérents du GCS GRAPS Grand Est lot 119",82132.0,33600000-6,Matériel médical,Appel d'offres ouvert,2023-11-29,13002682600011,,83807169400015,,GRAND EST,Révisable
2023A0314L0100,Fourniture et livraison de denrées alimentaires pour les besoins du Département - lot 1 épicerie,600000.0,15894700-8,Alimentaire,Appel d'offres ouvert,2023-11-29,22060001900016,,43428546600018,,Département Alpes Maritimes,Révisable
2023O4996A00,"Fourniture de chauffe-eaux électriques, sanitaires et équipements Ville de Lyon et CCAS - lot 2 : sanitaire et équipements",640000.0,44411000-4,Matériaux de construction,Appel d'offres ouvert,2023-11-29,21690123100011,,77558685200227,,A Lyon,Révisable
249967004,Fourniture de denrées alimentaires pour la restauration scolaire de la ville de MANDUEL: Lot 4: Surgelés,43320.0,15896000-5,Alimentaire,Appel d'offres ouvert,2023-11-29,21300155500019,,55204499200493,3.0,,Unitaire
24993104,PA - FCS - Fourniture et pose de hottes de cuisines professionnelles pour le Centre Hospitalier de Saint Claude,150000.0,39221000-7,Mobilier & ménager,Procédure adaptée,2023-11-29,26390005200014,,37818678700024,14.0,,Unitaire
243176,"Fourniture de dispositifs médicaux de cicatrisation, contention et immobilisation au profit des adhérents du GCS GRAPS Grand Est lots 213,215,217",37557.0,33600000-6,Matériel médical,Appel d'offres ouvert,2023-11-29,13002682600011,,88753533400015,51.0,,Unitaire
243169,"Fourniture de dispositifs médicaux de cicatrisation, contention et immobilisation au profit des adhérents du GCS GRAPS Grand Est lots 40,45,48,51,68,98,101,102,104,142,145,147,148,160,163,178",782223.0,33600000-6,Matériel médical,Appel d'offres ouvert,2023-11-29,13002682600011,,32515803800035,51.0,,Unitaire
2023A230380100,Fourniture et installation de colonnes d'apport volontaire aériennes et enterrées Lot 1 Fourniture de colonnes aériennes,1000000.0,34928480-6,Transport & véhicules,Appel d'offres ouvert,2023-11-29,24850058900317,,77815194401120,,LA ROCHE-SUR-YON,Révisable
202398595400,"Fourniture de dispositifs médicaux de cicatrisation, contention et immobilisation au profit des adhérents du GCS GRAPS Grand Est lot 10",36057.0,33600000-6,Matériel médical,Appel d'offres ouvert,2023-11-29,13002682600011,,52299615600025,,GRAND EST,Révisable
2024315800,"Fourniture de dispositifs médicaux de cicatrisation, contention et immobilisation au profit des adhérents du GCS GRAPS Grand Est lots 85,87,93,111",365464.0,33600000-6,Matériel médical,Appel d'offres ouvert,2023-11-29,13002682600011,,39023204900028,,GRAND EST,Révisable
202300IT23-05F00,FOURNITURE ET LIVRAISON DE SEL DE DENEIGEMENT 2023-2024,500000.0,34927100-2,Transport & véhicules,Appel d'offres ouvert,2023-11-29,22050001100089,,42473175000057,,GAP,Révisable
2024319200,"Fourniture de dispositifs médicaux de cicatrisation, contention et immobilisation au profit des adhérents du GCS GRAPS Grand Est lot 80",2240.0,33600000-6,Matériel médical,Appel d'offres ouvert,2023-11-29,13002682600011,,83118443700018,,GRAND EST,Révisable
2024315301,"Fourniture de dispositifs médicaux de cicatrisation, contention et immobilisation au profit des adhérents du GCS GRAPS Grand Est lots 15,19,159",193870.0,33600000-6,Matériel médical,Appel d'offres ouvert,2023-11-29,13002682600011,,56205085600235,,GRAND EST,Révisable
202398558900,"Fourniture de dispositifs médicaux de cicatrisation, contention et immobilisation au profit des adhérents du GCS GRAPS Grand Est lots 24, 25, 50",19706.0,33600000-6,Matériel médical,Appel d'offres ouvert,2023-11-29,13002682600011,,54722013700012,,GRAND EST,Révisable
2024317000,"Fourniture de dispositifs médicaux de cicatrisation, contention et immobilisation au profit des adhérents du GCS GRAPS Grand Est lot 106",2297.0,33600000-6,Matériel médical,Appel d'offres ouvert,2023-11-29,13002682600011,,33177216000049,,GRAND EST,Révisable
2023M23-035 L700,M23-035VDC L7 SERRURERIE METALLERIE,309591.0,44316500-3,Matériaux de construction,Procédure adaptée,2023-11-29,21360044800012,,48231008300019,,CHATEAUROUX CEDEX,Révisable
202398102700,Fourniture de vêtements de travail pour les agents de Limoges Métropole et de 8 communes membres : Lot 3: Vêtements et chaussures pour le personnel ASVP et police municipale,85000.0,18100000-0,Vêtements,Appel d'offres ouvert,2023-11-29,24871931200162,,44448404200023,,Limoges Métropole,Révisable
2023019400,FOUNITURE D'ARCEAUX VELOS ANNEE 2023,270000.0,34928400-2,Transport & véhicules,Appel d'offres ouvert,2023-11-29,20005684400018,,82572049300014,,LA MANCHE,Révisable
2022M10L301,Construction d'un hangar - Aérodrome de Merville - Lestrem/ Lot n° 03 : ENVELOPPE BATIMENT,399939.2,44142000-7,Matériaux de construction,Procédure adaptée,2023-11-29,24590075800054,,33324601500015,,Lestrem,Révisable
243165,"Fourniture de dispositifs médicaux de cicatrisation, contention et immobilisation au profit des adhérents du GCS GRAPS Grand Est lots 220,223,224",24883.0,33600000-6,Matériel médical,Appel d'offres ouvert,2023-11-29,13002682600011,,94565014100027,51.0,,Unitaire
202318200,Acquisition d'aspirateurs de mucosités électriques,80000.0,33100000-1,Matériel médical,Procédure adaptée,2023-11-29,28741020300015,,79347324000034,,Annecy cedex,Ferme et actualisable
2023R037MS000500,DMSPAN 2024 _2023-R037_MS1__LOTS_48_54_96_103_160_161_165_166,500000.0,33000000-0,Matériel médical,Appel d'offres ouvert,2023-11-29,13000501000025,,38360059000038,,FRANCE,Révisable
2024316000,"Fourniture de dispositifs médicaux de cicatrisation, contention et immobilisation au profit des adhérents du GCS GRAPS Grand Est lots 52,53,54,73",403775.0,33600000-6,Matériel médical,Appel d'offres ouvert,2023-11-29,13002682600011,,31820925100095,,GRAND EST,Révisable
249966992,Fourniture de denrées alimentaires pour la restauration scolaire de la ville de MANDUEL: Lot 2: Epicerie spécifique BIO,6840.0,15800000-6,Alimentaire,Appel d'offres ouvert,2023-11-29,21300155500019,,44236533400048,1.0,,Unitaire
243177,"Fourniture de dispositifs médicaux de cicatrisation, contention et immobilisation au profit des adhérents du GCS GRAPS Grand Est lot 10",36057.0,33600000-6,Matériel médical,Appel d'offres ouvert,2023-11-29,13002682600011,,52299615600025,51.0,,Unitaire
202398690000,"Fourniture de dispositifs médicaux de cicatrisation, contention et immobilisation au profit des adhérents du GCS GRAPS Grand Est lot 14",31574.0,33600000-6,Matériel médical,Appel d'offres ouvert,2023-11-29,13002682600011,,34747988300030,,GRAND EST,Révisable
243188,"Fourniture de dispositifs médicaux de cicatrisation, contention et immobilisation au profit des adhérents du GCS GRAPS Grand Est lots 117,118,135,136,137,138,139,146,149,150,152,153",2856522.0,33600000-6,Matériel médical,Appel d'offres ouvert,2023-11-29,13002682600011,,33893335100011,51.0,,Unitaire
202320230790100,LOT N°1 - BARQUETTES ALIMENTAIRES,66000.0,39222100-5,Mobilier & ménager,Procédure adaptée,2023-11-29,25580497300030,,30166973500062,,NEVERS,Ferme
2023061910MVB00,MAINTENANCE LOGICIEL DE GESTION DE LA RELATION CLIENT,70000.0,32545000-5,Télécommunications,Appel d'offres ouvert,2023-11-29,24440064400013,,49657315500330,,SAINT JOACHIM,Révisable
2024318000,"Fourniture de dispositifs médicaux de cicatrisation, contention et immobilisation au profit des adhérents du GCS GRAPS Grand Est lot 228",2045.0,33600000-6,Matériel médical,Appel d'offres ouvert,2023-11-29,13002682600011,,40853724900034,,GRAND EST,Révisable
2024315501,"Fourniture de dispositifs médicaux de cicatrisation, contention et immobilisation au profit des adhérents du GCS GRAPS Grand Est lots 21 et 165",24280.0,33600000-6,Matériel médical,Appel d'offres ouvert,2023-11-29,13002682600011,,34517003900043,,GRAND EST,Révisable
202323003700300,LOT 3 MOBILIERS ET MATERIELS PEDAGOGIQUES,49000.0,39160000-1,Mobilier & ménager,Procédure adaptée,2023-11-29,21260198300019,,52492002200018,,MONTELIMAR,Révisable
2024316900,"Fourniture de dispositifs médicaux de cicatrisation, contention et immobilisation au profit des adhérents du GCS GRAPS Grand Est lots 40,45,48,51,68,98,101,102,104,142,145,147,148,160,163,178",782223.0,33600000-6,Matériel médical,Appel d'offres ouvert,2023-11-29,13002682600011,,32515803800035,,GRAND EST,Révisable
202323FCS0015100,LOT 1 FOURNITURES SCOLAIRES MATERIELS PEDAGOGIQUES ET JEUX SCOLAIRES,180000.0,39162110-9,Mobilier & ménager,Procédure adaptée,2023-11-29,21310187600018,,44455346500014,,FONSORBES,Ferme
202323MA01300,FOURNITURE DE MATERIEL DE PLOMBERIE,230000.0,44115210-4,Matériaux de construction,Appel d'offres ouvert,2023-11-29,21140366200011,,56382048900182,,LISIEUX,Révisable
202342L200,MATERIELS ET ACCESSOIRES D'ENTRETIEN,700000.0,39830000-9,Mobilier & ménager,Appel d'offres ouvert,2023-11-29,21920023500014,,34821440400033,,CLAMART,Révisable
243190,"Fourniture de dispositifs médicaux de cicatrisation, contention et immobilisation au profit des adhérents du GCS GRAPS Grand Est lots 3,5,8,201,207,209,211",683068.0,33600000-6,Matériel médical,Appel d'offres ouvert,2023-11-29,13002682600011,,54209118600073,51.0,,Unitaire
243175,"Fourniture de dispositifs médicaux de cicatrisation, contention et immobilisation au profit des adhérents du GCS GRAPS Grand Est lots 13,16,17,20",195277.0,33600000-6,Matériel médical,Appel d'offres ouvert,2023-11-29,13002682600011,,61203061900102,51.0,,Unitaire
2023M11800,"Travaux de mise aux normes, maintenance et gros entretien de la Piscine St Nicolas à LAVAL - lot n°3 : Serrurerie",95276.0,44316500-3,Matériaux de construction,Marché négocié sans publicité ni mise en concurrence préalable,2023-11-29,20008339200015,,40260324500018,,COMMUNE DE LAVAL,Ferme
2023F08803010000,1A VETEMENTS CHAUSSURES ASVP POLICE M LOT 3,80000.0,18100000-0,Vêtements,Appel d'offres ouvert,2023-11-29,24871931200162,,44448404200023,,LIMOGES METROPOLE,Révisable
2024316100,"Fourniture de dispositifs médicaux de cicatrisation, contention et immobilisation au profit des adhérents du GCS GRAPS Grand Est lots 225,227",12107.0,33600000-6,Matériel médical,Appel d'offres ouvert,2023-11-29,13002682600011,,39922763600020,,GRAND EST,Révisable
243183,"Fourniture de dispositifs médicaux de cicatrisation, contention et immobilisation au profit des adhérents du GCS GRAPS Grand Est lots 61,91,114",103296.0,33600000-6,Matériel médical,Appel d'offres ouvert,2023-11-29,13002682600011,,38319747200061,51.0,,Unitaire
243162,"Fourniture de dispositifs médicaux de cicatrisation, contention et immobilisation au profit des adhérents du GCS GRAPS Grand Est lot 123",7435.0,33600000-6,Matériel médical,Appel d'offres ouvert,2023-11-29,13002682600011,,37050014200051,51.0,,Unitaire
2023A0314L0500,"Fourniture et livraison de denrées alimentaires pour les besoins du Département. lot 5: beurre,?ufs,fromage,produits laitiers et avicoles.",1200000.0,15500000-3,Alimentaire,Appel d'offres ouvert,2023-11-29,22060001900016,,43428546600018,,Département Alpes Maritimes,Révisable
2499670411,Fourniture de denrées alimentaires pour la restauration scolaire de la ville de MANDUEL: Lot 11: Charcuterie Traiteur,12540.0,15000000-8,Alimentaire,Appel d'offres ouvert,2023-11-29,21300155500019,,31680701500151,2.0,,Unitaire
243182,"Fourniture de dispositifs médicaux de cicatrisation, contention et immobilisation au profit des adhérents du GCS GRAPS Grand Est lot 167",25052.0,33600000-6,Matériel médical,Appel d'offres ouvert,2023-11-29,13002682600011,,41180170700034,51.0,,Unitaire
202323MT0140100,TRAVAUX RENOVATION ENERGETIQUE DE L'ECLAIRAGE ECOLES ET BATIMENTS,97038.32,31527260-6,Matériel électrique,Procédure adaptée,2023-11-29,21780165300015,,45303427400044,,LES CLAYES SOUS BOIS,Ferme et actualisable
2024317900,"Fourniture de dispositifs médicaux de cicatrisation, contention et immobilisation au profit des adhérents du GCS GRAPS Grand Est lots 115,116,196,203,204,205,206,218,219",76973.0,33600000-6,Matériel médical,Appel d'offres ouvert,2023-11-29,13002682600011,,33897480100049,,GRAND EST,Révisable
202313DSES200,REPAS DU CENTRE DE LOISIRS,120000.0,38343000-1,Instruments de mesure,Procédure adaptée,2023-11-29,21140258100014,,79366919300013,,FALAISE,Ferme et actualisable
243170,"Fourniture de dispositifs médicaux de cicatrisation, contention et immobilisation au profit des adhérents du GCS GRAPS Grand Est lot 106",2299.0,33600000-6,Matériel médical,Appel d'offres ouvert,2023-11-29,13002682600011,,33177216000049,51.0,,Unitaire
2022M10L100,Construction d'un hangar - Aérodrome de Merville - Lestrem/ Lot n° 01 : VRD,99650.66,32400000-7,Télécommunications,Procédure adaptée,2023-11-29,24590075800054,,32933888302266,,Lestrem,Révisable
202323CVD02200,Fourniture de pièces détachées pour engin BIALLER Lot 07,40000.0,34300000-0,Transport & véhicules,Appel d'offres ouvert,2023-11-29,22040001400019,,38080313000026,,DIGNE LES BAINS CEDEX 9,Révisable
2024318200,"Fourniture de dispositifs médicaux de cicatrisation, contention et immobilisation au profit des adhérents du GCS GRAPS Grand Est lot 167",25052.0,33600000-6,Matériel médical,Appel d'offres ouvert,2023-11-29,13002682600011,,41180170700034,,GRAND EST,Révisable
2024317200,"Fourniture de dispositifs médicaux de cicatrisation, contention et immobilisation au profit des adhérents du GCS GRAPS Grand Est lot 65",63351.0,33600000-6,Matériel médical,Appel d'offres ouvert,2023-11-29,13002682600011,,34126457000035,,GRAND EST,Révisable
2024316001,"Fourniture de dispositifs médicaux de cicatrisation, contention et immobilisation au profit des adhérents du GCS GRAPS Grand Est lots 52,53,54,73",403775.0,33600000-6,Matériel médical,Appel d'offres ouvert,2023-11-29,13002682600011,,31820925100095,,GRAND EST,Révisable
249967711,"Fourniture de denrées alimentaires pour la crèche publique de la commune de Manduel: Lot 1: Produits alimentaires, dont BIO",24712.0,15800000-6,Alimentaire,Appel d'offres ouvert,2023-11-29,21300155500019,,38200681500015,2.0,,Unitaire
243161,"Fourniture de dispositifs médicaux de cicatrisation, contention et immobilisation au profit des adhérents du GCS GRAPS Grand Est lots 225,227",12107.0,33600000-6,Matériel médical,Appel d'offres ouvert,2023-11-29,13002682600011,,39922763600020,51.0,,Unitaire
2019GARA27MS3500,"ACQUISITIONS DE VEHICULES FOURGONS ""PETITS"" TOLE SECTEUR 2",58927.5,34100000-8,Transport & véhicules,Procédure adaptée,2023-11-28,20007155300016,,81426458600045,,CHALONNES SUR LOIRE,Ferme
2024SDF00,CHARPENTE BOIS COUVERTURE ZINGUERIE,284093.54,44142000-7,Matériaux de construction,Procédure adaptée,2023-11-28,21730241300018,,84958368700017,,Sainte-Hélène-sur-Isère,Révisable
2023E23082MS4000,ACQUISITION SOLUTIONS MULTI-CONSTRUCTEURS D'INFRASTRUCTURES INFORMATIQUES ET MISE EN OEUVRE DE PRESTATIONS DE SERVICE ASSOCIEES,500000.0,30230000-0,Informatique & bureautique,Appel d'offres ouvert,2023-11-28,28840002100037,,80405493000032,,DEPARTEMENT,Ferme
2023061315LOT300,FOURNITURE DE PNEUMATIQUES ET PRESTATIONS POUR LES VEHICULES LEGERS PARTICULIERS ET UTILITAIRES AINSI QUE POUR CERTAINS PETITS MATERIELS,60000.0,34224000-3,Transport & véhicules,Appel d'offres ouvert,2023-11-28,21440210900018,,30463605300015,,Trignac,Révisable
202309_23L0600,Lot 06 - Yaourt et flans,464000.0,15551000-5,Alimentaire,Appel d'offres ouvert,2023-11-28,21971128000012,,30309439500017,,STE ANNE,Révisable
202327LOL200,FOURNITURE DE PAPIER IMPRESSION NUMERIQU,80000.0,30197630-1,Informatique & bureautique,Procédure adaptée,2023-11-28,21940038900017,,33044098300055,,L'HAY LES ROSES,Ferme et actualisable
202323DGM58300,"23DGM583 Lot 32 HAMM ""Achat de pièces détachées d'origine (ou équivalent) nécessaires à la réparation et à la maintenance des engins"" - Secteur Cismonte",66000.0,34913000-0,Transport & véhicules,Appel d'offres ouvert,2023-11-28,20007695800012,,30064343400040,,AJACCIO CEDEX 1,Révisable
2023143PICBOI100,FOURNITURES DE SIGNALETIQUES SUPPORTS PEDAGOGIQUES ET MOBILIER POUR LES SENTIERS DE RANDONNEE DU TERRITOIRE - Lot 1 : Panneau d'information et signalétique directionnelle,72000.0,35261000-1,Sécurité & défense,Procédure adaptée,2023-11-28,20006665200013,,44914010200012,,Labastide-Saint-Pierre,Révisable
20232023F0003200,Fourniture et livraison de produits surgelés - Produits traiteur surgelés,120000.0,15896000-5,Alimentaire,Appel d'offres ouvert,2023-11-28,20006812000019,,31680701501340,,(29) Finistère,Révisable
20232023T1900,FOURNITURE ET INSTALLATION DE RAYONNAGES MOBILES - ARCHIVES,90963.37,39131100-0,Mobilier & ménager,Procédure adaptée,2023-11-28,20010274700017,,43824059000044,,OULLINS-PIERRE-BENITE,Ferme
2023MAS000020800,FABRICATION TECHNIQUE DE L'AGENDA 2024 DE LA CTM,63100.0,30193600-4,Informatique & bureautique,Procédure adaptée,2023-11-28,20005550700012,,72080152100025,,FORT DE FRANCE,Ferme et actualisable
2023M23391R00,M23391R - LOT 3 - FOURNITURE DE CHAUX ETEINTE,100000.0,44921200-4,Matériaux de construction,Appel d'offres ouvert,2023-11-28,24450046800065,,81602028300064,,ORLEANS CEDEX 1,Révisable
202398117700,"23.D04 LAIT, CREMERIE ET MATIERES GRASSES ANIMALES",2000000.0,15000000-8,Alimentaire,Appel d'offres ouvert,2023-11-28,25330618700035,,2582014300045,,SIVU BORDEAUX-MERIGNAC,Révisable
2023230027L200,Mobilier urbain de protection en acier inox,280000.0,34928400-2,Transport & véhicules,Appel d'offres ouvert,2023-11-28,21950018800012,,42174310500023,,ARGENTEUIL CEDEX,Ferme
202323001L0100,TRAVAUX DE RENOUVELLEMENT DE CONDUITE AEP DEPUIS LE CAPTAGE DE LA MOLE,207495.5,44161200-8,Matériaux de construction,Procédure adaptée,2023-11-28,21070029000013,,43840901300028,,BEAUMONT,Ferme et actualisable
20232305700100,Achat de pain - Lot no1 Fourniture et livraison de pain et de viennoiserie issus de l?agriculture conventionnelle,165000.0,15811100-7,Alimentaire,Procédure adaptée,2023-11-28,21110069800011,,51932876900038,,CARCASSONNE,Révisable
2023DCT05600,Misse en accessibilité du Musée Arcabas à Saint Hugues en Chartreuse,50311.46,44316500-3,Matériaux de construction,Procédure adaptée,2023-11-28,22380001200013,,44240360600035,,ST PIERRE DE CHARTREUSE,Ferme et actualisable
20232303600,Fourniture de signalisation routière verticale standard,80000.0,34992200-9,Transport & véhicules,Procédure adaptée,2023-11-28,21330009800018,,43244308300030,,ARCACHON CEDEX,Ferme et actualisable
20232306100000,COLLECTE ET TRAITEMENT DES PNEUS ET ROUES JANTEES,60000.0,44613800-8,Matériaux de construction,Procédure adaptée,2023-11-28,20006755100016,,52849637500015,,THONON LES BAINS CEDEX,Ferme
202323F031000,FOURNITURE BACS ROULANTS POUR LA COLLECTE DES OM ET ASSIMILES,2100000.0,34928480-6,Transport & véhicules,Procédure adaptée,2023-11-28,24170064000089,,77815194401120,,ROYAN,Révisable
2023230027L300,Potelets à mémoire de forme,280000.0,34928400-2,Transport & véhicules,Appel d'offres ouvert,2023-11-28,21950018800012,,50270402600025,,ARGENTEUIL CEDEX,Ferme
202306400,M2023-064- TX CONSTR QUARTIER POUDRERIE,282262.74,44220000-8,Matériaux de construction,Procédure adaptée,2023-11-28,21930046400019,,88152611500020,,LIVRY-GARGAN,Ferme
2023061315LOT100,"PIECES DETACHEES, FOURNITURES OU PRESTATIONS DIVERSES POUR VEHICULES LEGERS PARTICULIERS ET UTILITAIRES",120000.0,34324000-4,Transport & véhicules,Appel d'offres ouvert,2023-11-28,21440210900018,,35301377400016,,Trignac,Révisable
2023R037MS003300,DMSPAN 2024 _2023-R037_MS1__LOT_10,200000.0,33000000-0,Matériel médical,Appel d'offres ouvert,2023-11-28,13000501000025,,45193908600018,,FRANCE,Révisable
202323DG12000,"EMISSION, FOURNITURE ET LIVRAISON DE TITRES RESTAURANTS POUR LE PERSONNEL DE MT",140000.0,30199770-8,Informatique & bureautique,Appel d'offres ouvert,2023-11-28,20007535600010,,64204436600242,,FORT DE FRANCE,Révisable
2023230470500,AMENAGEMENT DE LA PLACE GENERAL LECLERC MOBILIER URBAIN,74892.4,34928400-2,Transport & véhicules,Procédure adaptée,2023-11-28,21060030000011,,89988941400095,,LE CANNET,Révisable
2023AO012301,"Solution de gestion des ordinateurs, de",83426.0,30237300-2,Informatique & bureautique,Appel d'offres ouvert,2023-11-28,23971001500029,,77605646700587,,GUADELOUPE,Ferme
202323V0445-0200,BC FOURNITURE ET LIVRAISON DE CONSOMMABLES VAISSELLE ET ACCESSOIRES,100000.0,39220000-0,Mobilier & ménager,Appel d'offres ouvert,2023-11-28,20003019500115,,55950054100011,,NICE CEDEX 4,Révisable
2023M23402RT00,M23402RT - FOURNITURE DE PANNEAUX SIGNALISATION DE POLICE ET DIRECTIONNELLE,2000000.0,34992200-9,Transport & véhicules,Appel d'offres ouvert,2023-11-28,24450046800040,,40906598400018,,LOIRET,Révisable
202398013900,Marché de sécurisation des logements vacants,720000.0,44421500-2,Matériaux de construction,Appel d'offres ouvert,2023-11-28,53531174000034,,41004701300090,,Ile de France,Ferme
2023M23029100,Lot 1 - Mobilier de bureau,130000.0,39130000-2,Mobilier & ménager,Appel d'offres ouvert,2023-11-28,21974011500015,,41851929400031,,SAINT-DENIS,Ferme
2023LOT1001,Rénovation et humanisation de l' EHPAD les Oyats,116578.55,44111400-5,Matériaux de construction,Procédure adaptée,2023-11-28,26850071700023,,50969470900015,,Notre-Dame-de-Monts,Ferme et actualisable
202323DGM58400,"23DGM584 Lot 33 SCHÄFER ""Achat de pièces détachées d'origine (ou équivalent) nécessaires à la réparation et à la maintenance ds engins "" - Secteur Cismonte",120000.0,34913000-0,Transport & véhicules,Appel d'offres ouvert,2023-11-28,20007695800012,,30064343400040,,AJACCIO CEDEX 1,Révisable
202327LOL100,FOURNIT. PAPIER DE REPROG. ET  ENVELOPPE,120000.0,30197630-1,Informatique & bureautique,Procédure adaptée,2023-11-28,21940038900017,,44455346500014,,L'HAY LES ROSES,Révisable
202318500,Modernisation de la salle du conseil d'administration en équipements de visioconférence,24072.0,32232000-8,Télécommunications,Procédure adaptée,2023-11-28,28741020300015,,48413064600033,,ANNECY,Ferme
20232023F0003300,Fourniture et livraison de produits surgelés - Pâtisseries et fruits surgelés,192000.0,15896000-5,Alimentaire,Appel d'offres ouvert,2023-11-28,20006812000019,,31680701501340,,(29) Finistère,Révisable
2023-025FO00,Fourniture de carburant par le biais de cartes accréditives,120000.0,30163100-0,Informatique & bureautique,Procédure adaptée,2023-11-28,21640129900013,,53168044500024,,Billère,Ferme et actualisable
202323V0445-0100,GE 100 - Fourniture et livraison de consommables à usage unique non marqués (vaisselle et accessoires),120000.0,39221110-1,Mobilier & ménager,Appel d'offres ouvert,2023-11-28,26060047300011,,34821440400033,,NICE CEDEX 4,Révisable
202323RS042400,JUS DE FRUIT SANS SUCRE AJOUTE,63663.08,15321000-4,Alimentaire,Procédure adaptée,2023-11-28,21974016400013,,40897728800013,,SAINT-PIERRE,Révisable
2023162023DL00,RÉNOVATION DE 15 SALLES DE CLASSES ÉCOLE LAZA M?ZE Lot 05 : PEINTURE,85286.0,44810000-1,Matériaux de construction,Procédure adaptée,2023-11-28,20000879500011,,88787606800016,,DZI LABATTOIR,Ferme et actualisable
202423MP16M100,AC RÉFECTION ET RÉALISATION DE CLÔTURES POUR LES BÂTIMENTS COMMUNAUX,50000.0,34928310-4,Transport & véhicules,Procédure adaptée,2023-11-28,21973304500013,,80747742700015,,KOUROU,Ferme
20232023F0006500,Système d'acquisition dynamique pour l'achat de véhicules d'occasion : véhicules particuliers et véhicules légers utilitaires - Spécifique 19 - achat en occasion de deux véhicules légers thermiques 5 places - Lot 1,9383.34,34110000-1,Transport & véhicules,Appel d'offres ouvert,2023-11-28,20006798100015,,78813992100050,,(22) Côtes-d'Armor,Ferme
202311100,Gestion des abonnements du pass sésame escales de la rmn-gp.,129000.0,48600000-4,Logiciels,Procédure adaptée,2023-11-28,69204158500583,,33244403300044,,RMNGP,Révisable
2023COMTXPE2L200,Lot 2 : Equipement sportif,195029.0,32400000-7,Télécommunications,Procédure adaptée,2023-11-28,21090032000016,,40941111300031,,Ax-les-Thermes,Révisable
20232023F0006800,Système d'acquisition dynamique pour l'achat de véhicules d'occasion : véhicules particuliers et véhicules légers utilitaires - Spécifique 20 - achat en occasion de deux véhicules légers - 1 Thermique et 1 électrique - Lot 2 -  véhicule utilitaire type fo,13014.37,34110000-1,Transport & véhicules,Appel d'offres ouvert,2023-11-28,20006798100015,,78813992100050,,(22) Côtes-d'Armor,Ferme
202309_23L1100,Lot 11 - Viande de lapin frais,76000.0,15119100-6,Alimentaire,Procédure négociée avec mise en concurrence préalable,2023-11-28,21971128000012,,44133059400017,,STE ANNE,Révisable
202309_23L0800,Lot 08 - Viande porcine fraiche,52000.0,15113000-3,Alimentaire,Marché négocié sans publicité ni mise en concurrence préalable,2023-11-28,21971128000012,,44133059400017,,STE ANNE,Révisable
2023COMTXPE2L300,Lot 3 : Couverture zinguerie,50844.8,32400000-7,Télécommunications,Procédure adaptée,2023-11-28,21090032000016,,48452633000010,,Ax-les-Thermes,Révisable
202320230091300,OP5 Construction salle motricite DOJO -2023009 LOT 13,44449.19,44112210-3,Matériaux de construction,Procédure adaptée,2023-11-28,21310165200013,,50478507200027,,Eaunes,Révisable
202323V0136-0000,CA100-ACQUISITION DE MATERIELS ET DE MATERIAUX POUR LA CONSTRUCTION,200000.0,44110000-4,Matériaux de construction,Appel d'offres ouvert,2023-11-28,26060047300011,,95480199900010,,NICE CEDEX 4,Révisable
2023022600,FOURNITURE DE DENREES ALIMENTAIRES COMMERCIALISEES EN CUIRCUITS COURTS,393200.0,15100000-9,Alimentaire,Appel d'offres ouvert,2023-11-28,20005684400018,,31922922500028,,LA MANCHE,Révisable
202323DG1200,"Emission, fourniture et livraison de titres restaurant pour le personnel de martinique transport",140000.0,30199770-8,Informatique & bureautique,Appel d'offres ouvert,2023-11-28,20007535600010,,64204436600242,,FORT DE FRANCE,Révisable
20232023F0006600,Système d'acquisition dynamique pour l'achat de véhicules d'occasion : véhicules particuliers et véhicules légers utilitaires - Spécifique 19 - achat en occasion de deux véhicules légers thermiques 5 places - Lot 2,9383.34,34110000-1,Transport & véhicules,Appel d'offres ouvert,2023-11-28,20006798100015,,78813992100050,,(22) Côtes-d'Armor,Ferme
2023202315100,FOURNITURE DE PLATS CUISINES AU FOYER PIERRE LAROQUE,105000.0,15894200-3,Alimentaire,Procédure adaptée,2023-11-28,26420083300012,,35144208200472,,RIORGES,Révisable
2023COMTXPE2L600,Lot 6 : Serrurerie,95822.4,32400000-7,Télécommunications,Procédure adaptée,2023-11-28,21090032000016,,44867266700012,,Ax-les-Thermes,Révisable
2023000001303100,FOURNITURE DE MOBILIERS POUR LES BESOINS DE LA REGION CENTRE VAL DE LOIRE ET DE SES ETABLISSEMENTS DE FORMATION,1780000.0,39100000-3,Mobilier & ménager,Appel d'offres ouvert,2023-11-28,23450002300028,,38365393800027,,CENTRE-VAL DE LOIRE,Révisable
202423051100,Travaux de courants forts et faibles et maintenance des éclairages de sécurité et des tableaux électriques,160000.0,31518200-2,Matériel électrique,Appel d'offres ouvert,2023-11-28,26060031700077,,42981128400075,,LE CANNET,Révisable
2023A2304000,ACHAT VEHICULES LEGERS TOUTE MOTORISATION,1400000.0,34114100-0,Transport & véhicules,Appel d'offres ouvert,2023-11-28,28840002100037,,38842401200010,,DEPARTEMENT,Ferme
2023061315LOT400,"FOURNITURE DE PNEUMATIQUES ET PRESTATIONS POUR LES VEHICULES POIDS LOURDS, INDUSTRIELS ET ENGINS AGRICOLES, D'ESPACES VERTS ET DE TRAVAUX PUBLICS",60000.0,34224000-3,Transport & véhicules,Appel d'offres ouvert,2023-11-28,21440210900018,,30463605300015,,Trignac,Révisable
202398117800,23.D07 OVOPRODUITS REFRIGERES ET/OU SURGELES,1000000.0,15000000-8,Alimentaire,Appel d'offres ouvert,2023-11-28,25330618700035,,2582014300045,,SIVU BORDEAUX-MERIGNAC,Révisable
202398117400,23.B02 VIANDE DE BOEUF HACHEE CRUE SURGELEE ISSUE DE L'AGRICULTURE BIOLOGIQUE,250000.0,15000000-8,Alimentaire,Appel d'offres ouvert,2023-11-28,25330618700035,,32097588100089,,SIVU BORDEAUX-MERIGNAC,Révisable
202309_23L1000,Lot 10 - viande de volaille fraiche,68000.0,15111000-9,Alimentaire,Marché négocié sans publicité ni mise en concurrence préalable,2023-11-28,21971128000012,,44133059400017,,STE ANNE,Révisable
202323V0445-0100,IA600 FOURNITURE LIVRAISON CONSOMMABLES USAGE UNIQUE NON MARQUES,240000.0,39220000-0,Mobilier & ménager,Appel d'offres ouvert,2023-11-28,21060088800015,,34821440400017,,NICE CEDEX 4,Révisable
20232023F0006700,Système d'acquisition dynamique pour l'achat de véhicules d'occasion : véhicules particuliers et véhicules légers utilitaires - Spécifique 20 - achat en occasion de deux véhicules légers - 1 Thermique et 1 électrique - Lot 1 - véhicule léger 5 places TH,9383.34,34110000-1,Transport & véhicules,Appel d'offres ouvert,2023-11-28,20006798100015,,78813992100050,,(22) Côtes-d'Armor,Ferme
2023-06MAPA0100,Lot no1 : Aménagement plateau dentaire MSP SARL CALVIGNAC,57878.05,44115800-7,Matériaux de construction,Procédure adaptée,2023-11-28,21120052200012,,38286179700019,,Capdenac-Gare,Ferme
2023230027L100,Mobilier urbain de protection et de propreté en acier galvanisé ou fonte thermolaquée,640000.0,34928400-2,Transport & véhicules,Appel d'offres ouvert,2023-11-28,21950018800012,,82572049300014,,ARGENTEUIL CEDEX,Ferme
2023230470200,AMENAGEMENT PLACE GENERAL LECLERC ECLAIRAGE PUBLIC,37966.3,34993000-4,Transport & véhicules,Procédure adaptée,2023-11-28,21060030000011,,89988941400095,,LE CANNET,Révisable
202323V0136-0000,SB100 - ACQUISITION DE MATERIELS ET MATERIAUX DE CONSTRUCTION 2023,800000.0,44110000-4,Matériaux de construction,Appel d'offres ouvert,2023-11-28,21060088800015,,95480199900010,,NICE CEDEX 4,Révisable
2023132023DL00,RÉNOVATION DE 15 SALLES DE CLASSES ÉCOLE LAZA M?ZE Lot no1 : GROS-OEUVRE / COUVERTURE / EP,91186.0,39511100-8,Mobilier & ménager,Procédure adaptée,2023-11-28,20000879500011,,88787606800016,,DZI LABATTOIR,Ferme et actualisable
2024TITRESREST00,FOURNITURE DE TITRES RESTAURANT POUR LE PERSONNEL DE LA CCVSA ANNEES 2024 - 2025 - 2026,198000.0,30199770-8,Informatique & bureautique,Procédure adaptée,2023-11-27,24850056300031,,39336513500358,,Rives-D'autise,Ferme
2023M230162701,LOT 1 : FOURNITURE DE DÉFIBRILLATEURS EXTERNE,600000.0,33182100-0,Matériel médical,Appel d'offres ouvert,2023-11-27,22660001300016,,48437609000029,,PERPIGNAN CEDEX,Révisable
2023MFO50300,FOURNITURE DE PRODUITS D'ENTRETIEN Lot 3 Fourniture de papier hygiénique et essuyage et de distribution,200000.0,39830000-9,Mobilier & ménager,Appel d'offres ouvert,2023-11-27,21650440700018,,71278064200021,,TARBES,Révisable
2023MFO50100,FOURNITURE DE PRODUITS D'ENTRETIEN lot 1 Fourniture de petit matériel d'entretien et de nettoyage,80000.0,39830000-9,Mobilier & ménager,Appel d'offres ouvert,2023-11-27,21650440700018,,34514724300025,,TARBES,Révisable
2023R037MS005100,DMSPAN 2024 _2023-R037_MS1__LOT_104,100000.0,33000000-0,Matériel médical,Appel d'offres ouvert,2023-11-27,13000501000025,,41765063700032,,FRANCE,Révisable
2023R037MS003700,DMSPAN 2024 _2023-R037_MS1__LOT_167,500000.0,33000000-0,Matériel médical,Appel d'offres ouvert,2023-11-27,13000501000025,,39459353700043,,FRANCE,Révisable
2023P0004LOT1100,LOT 11 - SERRURERIE - BARDAGE,63362.0,44316500-3,Matériaux de construction,Procédure adaptée,2023-11-27,20004921100010,,39078419700027,,Prades,Ferme et actualisable
2023023800,FOURNITURE DE DENREES ALIMENTAIRES COMMERCIALISEES EN CUIRCUITS COURTS,120000.0,15800000-6,Alimentaire,Appel d'offres ouvert,2023-11-27,20005684400018,,42272299100029,,LA MANCHE,Révisable
2023-19-LOT200,PIECES POUR CONSTRUCTION DE RESEAUX,600000.0,44190000-8,Matériaux de construction,Procédure adaptée,2023-11-27,24790064000035,,31766693100025,,Pompaire,Révisable
2023960200,PETIT MATERIEL D'ACTIVITES ARTISTIQUES & MANUELLES,320000.0,39162110-9,Mobilier & ménager,Appel d'offres ouvert,2023-11-27,21950680500015,,40149482800031,,VILLIERS-LE-BEL,Révisable
202323047M0300,FR MOBILIER VILLE - LOT 3 : CRECHES,50000.0,39100000-3,Mobilier & ménager,Appel d'offres ouvert,2023-11-27,21690286600013,,41089986800039,,RILLIEUX LA PAPE,Révisable
2023R03700006500,DMSPAN 2024 _2023-R037_MS1__LOTS_146_148_151_153_155_156_319,200000.0,33000000-0,Matériel médical,Appel d'offres ouvert,2023-11-27,13000501000025,,41124652300038,,FRANCE,Révisable
2023230000006000,Achat de véhicules services VDL - Lot 5 : 3 véhicules utilitairez,51939.51,34144700-5,Transport & véhicules,Appel d'offres ouvert,2023-11-27,21650286400012,,77563905700022,,LOURDES,Ferme
2023R037MS005900,DMSPAN 2024 _2023-R037_MS1__LOTS_17_21_22_133,500000.0,33000000-0,Matériel médical,Appel d'offres ouvert,2023-11-27,13000501000025,,35302182700087,,FRANCE,Révisable
2023R037MS004200,DMSPAN 2024 _2023-R037_MS1__LOTS_209_219_242_247_256_257_279_303,500000.0,33000000-0,Matériel médical,Appel d'offres ouvert,2023-11-27,13000501000025,,38023609100134,,FRANCE,Révisable
2023274010000,2023_2740_1_00_Alimentation petite enfance,80000.0,15800000-6,Alimentaire,Procédure adaptée,2023-11-27,22910228000018,,34795633600015,,EVRY COURCOURONNES,Révisable
2023T001400,LOT 4 SERRURERIE FERRONNERIE MENUISERIES METALLIQUES,80000.0,44316500-3,Matériaux de construction,Procédure adaptée,2023-11-27,21130063700017,,43502082100011,,MIRAMAS,Révisable
202323F08700100,TVX AMGT ETS BALNEAIRES BAUDOIN PINEDE LOT6 CHARPENTE METALLIQUE METALLERIE SERRURERIE,459926.0,44316500-3,Matériaux de construction,Appel d'offres ouvert,2023-11-27,21060004500012,,84176270100016,,ANTIBES,Révisable
2023R03700006900,DMSPAN 2024 _2023-R037_MS1__LOTS_16_81_83_94_98_102_277_283_285_288,500000.0,33000000-0,Matériel médical,Appel d'offres ouvert,2023-11-27,13000501000025,,31232836200081,,FRANCE,Révisable
202200900,Réhabilitation du réservoir de CROIX,309827.52,44162500-8,Matériaux de construction,Appel d'offres ouvert,2023-11-27,24900024100144,,56207750302584,,CROIX,Révisable
2023039-Camion00,Fourniture d'un camion à deux compartiments pour la collecte des déchets ménagers,301910.0,44613700-7,Matériaux de construction,Appel d'offres ouvert,2023-11-27,20007158700071,,38510091200059,,LOCHES,Ferme et actualisable
202398068600,"Maintenance et Acquisition d'extincteurs, Vérification des alarmes incendie, asservissements (dont portes coupe-feu et éclairages via source centrale) et des systèmes de désenfumage",100000.0,35100000-5,Sécurité & défense,Procédure adaptée,2023-11-27,20005433600017,,34059336700030,,MAUGES SUR LOIRE,Révisable
2023MFO50200,FOURNITURE DE PRODUITS D'ENTRETIEN Lot 2 : Fourniture de produits détergents de surfaces et biocides,120000.0,39830000-9,Mobilier & ménager,Appel d'offres ouvert,2023-11-27,21650440700018,,34514724300025,,TARBES,Révisable
2023B02900,FOURNITURE OUTILLAGES EQUIPEMENTS DIVERS ACCESSOIRE ET CONSOMMABLES LOT 1 OUTILLAGE ELECTRIQUES LEURS ACCESSOIRES LEURS CONSOMMABLES,520000.0,44510000-8,Matériaux de construction,Appel d'offres ouvert,2023-11-27,20002715900017,,34293810700030,,DUNKERQUE,Ferme
2023R037MS002400,DMSPAN 2024 _2023-R037_MS1__LOTS_269_270,200000.0,33000000-0,Matériel médical,Appel d'offres ouvert,2023-11-27,13000501000025,,54722013700012,,FRANCE,Révisable
2023R037MS004100,DMSPAN 2024 _2023-R037_MS1__LOTS_72_73_75_124,500000.0,33000000-0,Matériel médical,Appel d'offres ouvert,2023-11-27,13000501000025,,44796204400031,,FRANCE,Révisable
2023B03000,FOURNITURE OUTILLAGES EQUIPEMENTS DIVERS ACCESSOIRE ET CONSOMMABLES LOT 2 OUTILLAGES A MAIN PETITS EQUIPEMENTS ET CONSOMMABLES,520000.0,44512000-2,Matériaux de construction,Appel d'offres ouvert,2023-11-27,20002715900017,,34293810700030,,DUNKERQUE,Ferme
243112,"Fourniture de spécialités pharmaceutiques au profit des adhérents du GCS GRAPS Grand Est lots 96,222,273,408,440,444,630,635,641,642,643,648,700,732,765,772,787,788,789,790,822,823,834,838,929,932,979,986,990,1013,1014,1061,1066,1072,1079,1091,1111,1131,1146,1223,1240,1530,1593,1619,1779",5284443.0,33600000-6,Matériel médical,Appel d'offres ouvert,2023-11-27,13002682600011,,43362355000020,156.0,,Unitaire
2023R037MS005200,DMSPAN 2024 _2023-R037_MS1__LOT_127,300000.0,33000000-0,Matériel médical,Appel d'offres ouvert,2023-11-27,13000501000025,,38122482300041,,FRANCE,Révisable
2023R03700006700,DMSPAN 2024 _2023-R037_MS1__LOTS_289_290,500000.0,33000000-0,Matériel médical,Appel d'offres ouvert,2023-11-27,13000501000025,,43384204400011,,FRANCE,Révisable
202306300,M2023-063 TX CONSTRUCTION GS QUART POUDRERIE LOT N°6 : SERRURERIE - METALLERIE,172909.31,44316500-3,Matériaux de construction,Procédure adaptée,2023-11-27,21930046400019,,39323672400034,,LIVRY-GARGAN,Ferme
2023230000005800,Achat véhicules services VDL - Lot 3 : 1 chargeuse pelleteuse,122000.0,34130000-7,Transport & véhicules,Appel d'offres ouvert,2023-11-27,21650286400012,,33857155700036,,LOURDES,Ferme
2023023600,FOURNITURE DE DENREES ALIMENTAIRES COMMERCIALISEES EN CUIRCUITS COURTS,132000.0,15500000-3,Alimentaire,Appel d'offres ouvert,2023-11-27,20005684400018,,81435873500011,,LA MANCHE,Révisable
2023202307500,PRESTATIONS DE MAINTENANCE ET D'INTEGRATION DU RESEAU LAN ET DU SYSTEME DE TELEPHONIE DE LA CAN ET DE LA VDN,600000.0,48000000-8,Logiciels,Procédure adaptée,2023-11-27,20004131700013,,52975314700022,,NIORT CEDEX,Révisable
2023O5058A00,"Impression et livraison d'imprimés administratifs pour les services de la Ville de Lyon et le CCAS-Lot 1-Fourniture, impression et livraison de cartes de visite, cartes de correspondance et têtes de lettres",150000.0,22900000-9,Imprimés,Appel d'offres ouvert,2023-11-27,21690123100011,,52490060200029,,A Lyon,Révisable
20231101-0200,LOT 2: MISE EN CONFORMITE ET RENOVATION DES ARMOIRES DE COMMANDES D'ECLAIRAGE PUBLIC ET TELEGESTION EN CENTRE VILLE,58582.66,34993000-4,Transport & véhicules,Procédure adaptée,2023-11-27,21450224700015,,43316977800035,,Neuville-aux-Bois,Révisable
2023B03400,FOURNITURE OUTILLAGES EQUIPEMENTS DIVERS ACCESSOIRES ET CONSOMMABLES LOT 6 EQUIPEMENTS NON MOTORISES POUR LE TRAVAIL EN HAUTEUR,120000.0,44423200-3,Matériaux de construction,Appel d'offres ouvert,2023-11-27,20002715900017,,34293810700030,,DUNKERQUE,Ferme
2023000000002500,FOURNITURE D'OUTILLAGE EQUIPEMENTS DIVERS ACCESSOIRES ET CONSOMMABLES,700000.0,44423200-3,Matériaux de construction,Appel d'offres ouvert,2023-11-27,24590042800013,,34293810700030,,DUNKERQUE,Ferme
2023000000002100,FOURNITURE D'OUTILLAGE EQUIPEMENTS DIVERS ACCESSOIRES ET CONSOMMABLES,1600000.0,44512000-2,Matériaux de construction,Appel d'offres ouvert,2023-11-27,24590042800013,,34293810700030,,DUNKERQUE,Ferme
2023960300,FOURNITURE DE PAPIER,80000.0,39162110-9,Mobilier & ménager,Appel d'offres ouvert,2023-11-27,21950680500015,,38346525900059,,VILLIERS-LE-BEL,Révisable
243123,"Fourniture de spécialités pharmaceutiques au profit des adhérents du GCS GRAPS Grand Est lots 931,935,937,942,945,948,949",571439.0,33600000-6,Matériel médical,Appel d'offres ouvert,2023-11-27,13002682600011,,82117742500021,156.0,,Unitaire
2023R037MS006400,DMSPAN 2024 _2023-R037_MS1__LOTS_88_93_99_100_157,500000.0,33000000-0,Matériel médical,Appel d'offres ouvert,2023-11-27,13000501000025,,34747988300030,,FRANCE,Révisable
2023R03700005300,DMSPAN 2024 _2023-R037_MS1__LOTS_141_143,300000.0,33000000-0,Matériel médical,Appel d'offres ouvert,2023-11-27,13000501000025,,31944827000029,,FRANCE,Révisable
2023230000005600,Achat de véhicules services VDL - Lot 1 : 3 véhicules châssis benne + 1 camion plateau,176954.0,34100000-8,Transport & véhicules,Appel d'offres ouvert,2023-11-27,21650286400012,,49456312500033,,LOURDES,Ferme
202323A0254L0300,202323A0254L03 FOURNITURE MISE EN OEUVRE ET MAINTENANCE DES BORNES VAE,400000.0,34928400-2,Transport & véhicules,Procédure adaptée,2023-11-27,22060001900016,,89238003100393,,Département Alpes Maritimes,Révisable
202397984700,ACQUISITION D'UNE BALAYEUSE ASPIRATRICE ELECTRIQUE de 2m3,250000.0,34144431-8,Transport & véhicules,Appel d'offres ouvert,2023-11-27,24871931200162,,38388818700028,,Territoire de Limoges Métropole,Ferme
2023R037MS003400,DMSPAN 2024 _2023-R037_MS1__LOT_274,400000.0,33000000-0,Matériel médical,Appel d'offres ouvert,2023-11-27,13000501000025,,87838775200016,,FRANCE,Révisable
2023R037MS006000,DMSPAN 2024 _2023-R037_MS1__LOTS_272_282_293_299,500000.0,33000000-0,Matériel médical,Appel d'offres ouvert,2023-11-27,13000501000025,,57715084000137,,FRANCE,Révisable
2023230000005700,Achat véhicules services VDL - lot 2 : camion nacelle VL,73900.0,34100000-8,Transport & véhicules,Appel d'offres ouvert,2023-11-27,21650286400012,,43141899500046,,LOURDES,Ferme
2023R037MS002300,DMSPAN 2024 _2023-R037_MS1__LOTS_35_38_41_45_51_58_61,500000.0,33000000-0,Matériel médical,Appel d'offres ouvert,2023-11-27,13000501000025,,40091691200027,,FRANCE,Révisable
2023R037MS004000,DMSPAN 2024 _2023-R037_MS1__LOTS_47_63,300000.0,33000000-0,Matériel médical,Appel d'offres ouvert,2023-11-27,13000501000025,,82277494900017,,FRANCE,Révisable
202306800,M2023-061- TX CONSTRUCT GS QUARTIER POUDRERIE LOT N°11 : CHAUFFAGE - VENTILATION - PLOMBERIE - SANITAIRES,702666.11,39715200-9,Mobilier & ménager,Procédure adaptée,2023-11-27,21930046400019,,34924704900027,,LIVRY-GARGAN,Ferme
2023014400,"Acquisition de mobilier scolaire, de CDI et de Centre de Ressources des lycées de Normandie (EPLE) et prestations d'aménagement intérieur, d'installation et de montage des mobiliers: Lot 01: Mobilier scolaire",3000000.0,39160000-1,Mobilier & ménager,Appel d'offres ouvert,2023-11-27,20005340300057,,38365393800027,,Région Normandie,Révisable
202323045M0100,FR MOBILIER VILLE - LOT 1 :SCOLAIRE,380000.0,39100000-3,Mobilier & ménager,Appel d'offres ouvert,2023-11-27,21690286600013,,38365393800027,,RILLIEUX LA PAPE,Révisable
202323F12600100,ACQ POSE ET MISE EN SERVICE DU MATERIEL DE STATIONNEMENT PAYANT,600000.0,38720000-8,Instruments de mesure,Appel d'offres ouvert,2023-11-27,21060004500012,,44471927200148,,ANTIBES,Révisable
2023230105400100,LOCATION MAINTENANCE DES EQUIPEMENTS DE REPROGRAPHIE,80000.0,30121100-4,Informatique & bureautique,Appel d'offres ouvert,2023-11-27,20003573100013,,34331185800041,,ROANNE,Révisable
20232023A0070500,"2023-4 - acquisition d'un camion tp châssis-benne 6x4, 26 tonnes de ptac, prééquipé pour gravillonnage: Accord cadre",180625.0,34140000-0,Transport & véhicules,Appel d'offres ouvert,2023-11-27,22870851700989,,30327375900017,,LIMOGES,Ferme
2023R03700007000,DMSPAN 2024 _2023-R037_MS1__LOTS_2,500000.0,33000000-0,Matériel médical,Appel d'offres ouvert,2023-11-27,13000501000025,,30606294400013,,FRANCE,Révisable
2023000000002000,FOURNITURE D'OUTILLAGES EQUIPEMENTS DIVIERS ACCESSOIRES ET DE CONSEMMABLES,1600000.0,44510000-8,Matériaux de construction,Appel d'offres ouvert,2023-11-27,24590042800013,,34293810700030,,DUNKERQUE,Ferme
2023960100,FOURNITURES SCOLAIRES,360000.0,39162110-9,Mobilier & ménager,Appel d'offres ouvert,2023-11-27,21950680500015,,40149482800031,,VILLIERS-LE-BEL,Révisable
2023R03700007100,DMSPAN 2024 _2023-R037_MS1__LOTS_174_267_294_310_318,400000.0,33000000-0,Matériel médical,Appel d'offres ouvert,2023-11-27,13000501000025,,72588057900034,,FRANCE,Révisable
20230400,AMENAGEMENT DES ABORDS DE LA MEDIATHEQUE,155838.6,32424000-1,Télécommunications,Procédure adaptée,2023-11-27,21290049200142,,37766876900021,,Elliant,Révisable
2023R037MS002100,DMSPAN 2024 _2023-R037_MS1__LOT_198,400000.0,33000000-0,Matériel médical,Appel d'offres ouvert,2023-11-27,13000501000025,,85720052100022,,FRANCE,Révisable
202307200,M2023-072- TX CONSTRUCT GS QUARTIER POUDRERIE LOT N°15 : VRD - AMENAGEMENTS EXTERIEURS,185905.45,39290000-1,Mobilier & ménager,Procédure adaptée,2023-11-27,21930046400019,,31547453600143,,LIVRY-GARGAN,Ferme
202398467600,"Fourniture de services de télécommunications ""Voix"", ""Data"" et ""Internet""",384612.0,32524000-2,Télécommunications,Appel d'offres ouvert,2023-11-27,13002801200016,,39748093003498,,METZ,Ferme et actualisable
2023SSIN-003700,"MAINTENANCE, PRESTATIONS ET ACQUISITIONS COMPLEMENTAIRES DU SYSTEME D'INFORMATION ""PYTHEAS""",49000.0,48000000-8,Logiciels,Marché négocié sans publicité ni mise en concurrence préalable,2023-11-27,22050001100089,,39072748500026,,GAP,Ferme
2023R037MS001900,DMSPAN 2024 _2023-R037_MS1__LOT_108,200000.0,33000000-0,Matériel médical,Appel d'offres ouvert,2023-11-27,13000501000025,,32912046300073,,FRANCE,Révisable
2023R03700003000,DMSPAN 2024 _2023-R037_MS1__LOTS_76_109_110_113_119_120_123_202,200000.0,33000000-0,Matériel médical,Appel d'offres ouvert,2023-11-27,13000501000025,,42808111100034,,FRANCE,Révisable
20231101-0100,LOT 1 : MARCHÉ GLOBAL DE PERFORMANCE MAINTENANCE ET TRAVAUX SUPPORTS ET LUMINAIRES D'ÉCLAIRAGE PUBLIC ET INSTALLATIONS SPORTIVES,494801.25,34993000-4,Transport & véhicules,Procédure adaptée,2023-11-27,21450224700015,,43316977800035,,Neuville-aux-Bois,Révisable
2023AO2304000,FOURNITURE ET MAINTENANCE DE BACS ROULANTS,2267261.14,34928480-6,Transport & véhicules,Appel d'offres ouvert,2023-11-27,20003607700010,,77815194401120,,COGOLIN,Révisable
2023M2339900,M23399 - DISTRIBUTEURS AUTOMATIQUES DE TITRES DU RESAU TAO D'ORLEANS METROPOLE - REMPLACEMENT DES EQUIPEMENTS OBSOLETES - DISTRIBUTION DE BSC - M23A0105,712499.0,30144200-2,Informatique & bureautique,Marché négocié sans publicité ni mise en concurrence préalable,2023-11-27,24450046800040,,44471927200148,,LOIRET,Révisable
2023-19-LOT100,PIECES EN LAITONNERIE,200000.0,44190000-8,Matériaux de construction,Procédure adaptée,2023-11-27,24790064000019,,33758742201241,,Pompaire,Révisable
2023R037MS006200,DMSPAN 2024 _2023-R037_MS1__LOT_67,500000.0,33000000-0,Matériel médical,Appel d'offres ouvert,2023-11-27,13000501000025,,68200958400033,,FRANCE,Révisable
202361000,Hp 7134 et#8211; drocourt et#8211; construction de 20 logements intermediaires individuels: Lot 12 : VRD,223435.0,32400000-7,Télécommunications,Procédure adaptée,2023-11-27,61682020500154,,40321180800023,,DROCOURT,Révisable
2023R037MS006800,DMSPAN 2024 _2023-R037_MS1__LOTS_4_9_15_18_28_42_52_62_74_95_150_163_164_169_185_214_261_313,500000.0,33000000-0,Matériel médical,Appel d'offres ouvert,2023-11-27,13000501000025,,32524175000026,,FRANCE,Révisable
2023R037MS001000,DMSPAN 2024 _2023-R037_MS1__LOTS_275_286,500000.0,33000000-0,Matériel médical,Appel d'offres ouvert,2023-11-27,13000501000025,,65288051900036,,FRANCE,Révisable
2023R037MS000100,DMSPAN 2024 _2023-R037_MS1__LOTS_175_178_296_297_298_300_305_308,500000.0,33000000-0,Matériel médical,Appel d'offres ouvert,2023-11-27,13000501000025,,54207855500662,,FRANCE,Révisable
2023R037MS000700,DMSPAN 2024 _2023-R037_MS1__LOT_26,100000.0,33000000-0,Matériel médical,Appel d'offres ouvert,2023-11-27,13000501000025,,30431735700172,,FRANCE,Révisable
2023R037MS006600,DMSPAN 2024 _2023-R037_MS1__LOT_306,500000.0,33000000-0,Matériel médical,Appel d'offres ouvert,2023-11-27,13000501000025,,81642030100052,,FRANCE,Révisable
2023R03700001800,DMSPAN 2024 _2023-R037_MS1__LOTS_273_280_284_287,500000.0,33000000-0,Matériel médical,Appel d'offres ouvert,2023-11-27,13000501000025,,31820925100095,,FRANCE,Révisable
2023R037MS002800,DMSPAN 2024 _2023-R037_MS1__LOTS_20_31_70_86_101_248_304,500000.0,33000000-0,Matériel médical,Appel d'offres ouvert,2023-11-27,13000501000025,,33306171100037,,FRANCE,Révisable
202360300,Hp 7134 et#8211; drocourt et#8211; construction de 20 logements intermediaires individuels: Lot 5 : Serrurerie,88000.0,44316500-3,Matériaux de construction,Procédure adaptée,2023-11-27,61682020500154,,80836406100024,,DROCOURT,Révisable
2023R037MS002700,DMSPAN 2024 _2023-R037_MS1__LOT_1,200000.0,33000000-0,Matériel médical,Appel d'offres ouvert,2023-11-27,13000501000025,,43902613900030,,FRANCE,Révisable
2023R037MS005700,DMSPAN 2024 _2023-R037_MS1__LOT_271,200000.0,33000000-0,Matériel médical,Appel d'offres ouvert,2023-11-27,13000501000025,,35215450400034,,FRANCE,Révisable
2023R037MS004900,DMSPAN 2024 _2023-R037_MS1__LOT_200,200000.0,33000000-0,Matériel médical,Appel d'offres ouvert,2023-11-27,13000501000025,,81879280600023,,FRANCE,Révisable
2023R037MS002200,DMSPAN 2024 _2023-R037_MS1__LOTS_32_34_36_40_50_55_64_91_92_135_138_139_140_197,500000.0,33000000-0,Matériel médical,Appel d'offres ouvert,2023-11-27,13000501000025,,37050014200051,,FRANCE,Révisable
202306700,M2023-061- TX CONSTRUCT GS QUARTIER POUDRERIE LOT N° 10 : PEINTURE - SIGNALETIQUE,86945.85,44810000-1,Matériaux de construction,Procédure adaptée,2023-11-27,21930046400019,,32633316800051,,LIVRY-GARGAN,Ferme
202306600,M2023-061- TX CONSTRUCT GS QUARTIER POUDRERIE LOT N° 9 : REVETEMENTS SOLS ET MURS,265839.25,44112200-0,Matériaux de construction,Procédure adaptée,2023-11-27,21930046400019,,32633316800051,,LIVRY-GARGAN,Ferme
2023528600,Acquisition de forfait BOAMP national et européen,200000.0,22120000-7,Imprimés,Marché négocié sans publicité ni mise en concurrence préalable,2023-11-27,21690123100011,,13000918600011,,A Lyon,Ferme et actualisable
2023022800,FOURNITURE DE DENREES ALIMENTAIRES COMMERCIALISEES EN CUIRCUITS COURTS,160000.0,15100000-9,Alimentaire,Appel d'offres ouvert,2023-11-27,20005684400018,,50851378500123,,LA MANCHE,Révisable
20232023F0005300,"Prestations et location de matériels en matière de sonorisation pour les cérémonies, discours et réunions",84000.0,32342410-9,Télécommunications,Procédure adaptée,2023-11-27,21290232400012,,39147900300033,,(29) Finistère,Révisable
20230601PF00,FOURNITURE DRAPS DE TRANSFERT A USAGE UNIQUE,312000.0,39512100-5,Mobilier & ménager,Procédure négociée avec mise en concurrence préalable,2023-11-27,28910099200030,,34896960100031,,ESSONNE,Révisable
2023169000,FOURNITURE DE DISPOSITIF DE LA TECHNOLOGIE LEXION,214999.0,33000000-0,Matériel médical,Procédure adaptée,2023-11-27,26310012500016,,50931804400039,,Occitanie,Ferme
2023AO2304000,FOURNITURE ET MAINTENANCE DE BACS ROULANTS,2267261.13,34928480-6,Transport & véhicules,Appel d'offres ouvert,2023-11-27,20003607700036,,77815194401120,,COGOLIN,Révisable
2023R037MS004700,DMSPAN 2024 _2023-R037_MS1__LOT_192,200000.0,33000000-0,Matériel médical,Appel d'offres ouvert,2023-11-27,13000501000025,,72200823200224,,FRANCE,Révisable
2023R037MS003600,DMSPAN 2024 _2023-R037_MS1__LOT_278,400000.0,33000000-0,Matériel médical,Appel d'offres ouvert,2023-11-27,13000501000025,,42504963200036,,FRANCE,Révisable
2023R037MS005000,DMSPAN 2024 _2023-R037_MS1__LOT_117,200000.0,33000000-0,Matériel médical,Appel d'offres ouvert,2023-11-27,13000501000025,,53357547800029,,FRANCE,Révisable
2023R037MS000800,DMSPAN 2024 _2023-R037_MS1__LOTS_24_25_43_65_97_130_131_134_136_137_142_144,500000.0,33000000-0,Matériel médical,Appel d'offres ouvert,2023-11-27,13000501000025,,5650171100115,,FRANCE,Révisable
20230401,AMENAGEMENT DES ABORDS DE LA MEDIATHEQUE,155838.6,32424000-1,Télécommunications,Procédure adaptée,2023-11-27,21290049200142,,37766876900021,,Elliant,Révisable
2023R037MS000600,DMSPAN 2024 _2023-R037_MS1__LOTS_69_84_268_301,400000.0,33000000-0,Matériel médical,Appel d'offres ouvert,2023-11-27,13000501000025,,84976833800022,,FRANCE,Révisable
2023R037MS002000,DMSPAN 2024 _2023-R037_MS1__LOT_201,100000.0,33000000-0,Matériel médical,Appel d'offres ouvert,2023-11-27,13000501000025,,40926154200032,,FRANCE,Révisable
202320230091700,OP5 Construction salle motricite DOJO -2023009 LOT 17,45600.0,44316500-3,Matériaux de construction,Procédure adaptée,2023-11-27,21310165200013,,51465161100014,,Eaunes,Révisable
2023R03700003900,DMSPAN 2024 _2023-R037_MS1__LOTS_39,100000.0,33000000-0,Matériel médical,Appel d'offres ouvert,2023-11-27,13000501000025,,80801398100028,,FRANCE,Révisable
2023R03700001600,DMSPAN 2024 _2023-R037_MS1__14_33_168,500000.0,33000000-0,Matériel médical,Appel d'offres ouvert,2023-11-27,13000501000025,,34333530300057,,FRANCE,Révisable
2023R037MS002500,DMSPAN 2024 _2023-R037_MS1__LOT_80,200000.0,33000000-0,Matériel médical,Appel d'offres ouvert,2023-11-27,13000501000025,,94565014100027,,FRANCE,Révisable
2023R037MS001500,DMSPAN 2024 _2023-R037_MS1__LOT_85,200000.0,33000000-0,Matériel médical,Appel d'offres ouvert,2023-11-27,13000501000025,,39023204900028,,FRANCE,Révisable
2023023400,FOURNITURE DE DENREES ALIMENTAIRES COMMERCIALISEES EN CUIRCUITS COURTS,68000.0,15300000-1,Alimentaire,Appel d'offres ouvert,2023-11-27,20005684400018,,83387128800019,,LA MANCHE,Révisable
2023F13200000000,ACQUISITION D UNE BALAYEUSE ASPIRATRICE ELECTRIQUE DE 2M3,250000.0,34144431-8,Transport & véhicules,Appel d'offres ouvert,2023-11-27,24871931200162,,38388818700028,,LIMOGES METROPOLE,Ferme
2023T03100200,"Lot no2 : Serrurerie -Travaux de mise en accessibilité des ouvrages de type ERP du Département de la Charente - Sites ""centre de loisirs"" au Chambon et ""Cassinomagus"" à Chassenon",86620.0,44316500-3,Matériaux de construction,Procédure adaptée,2023-11-27,22160001800016,,82240671600016,,ANGOULEME,Révisable
2023M2339901,M23399 - DISTRIBUTEURS AUTOMATIQUES DE TITRES DU RESAU TAO D'ORLEANS METROPOLE - REMPLACEMENT DES EQUIPEMENTS OBSOLETES - DISTRIBUTION DE BSC - M23A0105,712499.0,30144200-2,Informatique & bureautique,Marché négocié sans publicité ni mise en concurrence préalable,2023-11-27,24450046800040,,44471927200148,,LOIRET,Révisable
2023R037MS003100,DMSPAN 2024 _2023-R037_MS1__LOTS_173_176_186_216_221_222_263_292_309_311_314_320_321,400000.0,33000000-0,Matériel médical,Appel d'offres ouvert,2023-11-27,13000501000025,,32515803800035,,FRANCE,Révisable
2023R037MS003500,DMSPAN 2024 _2023-R037_MS1__LOTS_27_29_46,400000.0,33000000-0,Matériel médical,Appel d'offres ouvert,2023-11-27,13000501000025,,81947057600011,,FRANCE,Révisable
2023R037MS000300,DMSPAN 2024 _2023-R037_MS1__LOT_149,100000.0,33000000-0,Matériel médical,Appel d'offres ouvert,2023-11-27,13000501000025,,34886045300045,,FRANCE,Révisable
2023202307901,INSTALLATION D'UNE GESTION TECHNIQUE CENTRALISEE AU MUSEE D'AGESCI,276928.31,44111520-2,Matériaux de construction,Procédure adaptée,2023-11-27,20004131700013,,62722004900365,,NIORT CEDEX,Révisable
2023000400,Fourniture et la livraison de titres restaurant dématérialisés pour le personnel de l'AD Normandie,99970.0,30199770-8,Informatique & bureautique,Procédure adaptée,2023-11-27,20000650000025,,39336513500358,,COLOMBELLES,Ferme
202323MA2500,Acquisition d'un bateau de servitude portuaire,78259.4,34520000-8,Transport & véhicules,Procédure adaptée,2023-11-27,21971123100072,,75333845800015,,SAINT-BARTHELEMY,Ferme
2023M230162801,LOT 2 :  FOURNITURE DE COFFRETS DE REMISAGE ET DE PROTECTION POUR DÉFIBRILLATEURS,120000.0,33182100-0,Matériel médical,Appel d'offres ouvert,2023-11-27,22660001300016,,75103857100038,,PERPIGNAN CEDEX,Révisable
2023B03100,FOURNITURE OUTILLAGES EQUIPEMENTS DIVERS ACCESSOIRE ET CONSOMMABLES LOT 2 OUTILS DE JARDIN ET DE TERRASSEMENT MATERIELS POUR L ARROSAGE PETITS EQUIPEMENTS DIVERS ET PIECES DETACHEES,520000.0,44510000-8,Matériaux de construction,Appel d'offres ouvert,2023-11-27,20002715900017,,34293810700030,,DUNKERQUE,Ferme
2023M230162800,LOT 2 :  FOURNITURE DE COFFRETS DE REMISAGE ET DE PROTECTION POUR DÉFIBRILLATEURS,120000.0,33182100-0,Matériel médical,Appel d'offres ouvert,2023-11-27,22660001300016,,75103857100038,,PERPIGNAN CEDEX,Révisable
2023022700,FOURNITURE DE DENREES ALIMENTAIRES COMMERCIALISEES EN CUIRCUITS COURTS,256000.0,15100000-9,Alimentaire,Appel d'offres ouvert,2023-11-27,20005684400018,,50851378500123,,LA MANCHE,Révisable
20231127L1000,réhabilitation de 165 logements à Saint Claude: Lot 10: échafaudage,386816.0,44212310-5,Matériaux de construction,Appel d'offres ouvert,2023-11-27,62548019900011,,75120387800028,,SAINT CLAUDE,Ferme
2023R037MS004600,DMSPAN 2024 _2023-R037_MS1__LOTS_68_79_106_170_171_172_177_180_181_182_183_196_203_204_205_207_208_210_212_213_215_220_223_225_228_229_230_232_233_235_236_238_239_240_241_243_245_246_249_250_2,500000.0,33000000-0,Matériel médical,Appel d'offres ouvert,2023-11-27,13000501000025,,40853724900034,,FRANCE,Révisable
2023R037MS001400,DMSPAN 2024 _2023-R037_MS1__LOTS_187_190,200000.0,33000000-0,Matériel médical,Appel d'offres ouvert,2023-11-27,13000501000025,,37970922300042,,FRANCE,Révisable
2023R037MS002900,DMSPAN 2024 _2023-R037_MS1__LOTS_145_147,200000.0,33000000-0,Matériel médical,Appel d'offres ouvert,2023-11-27,13000501000025,,61205149000037,,FRANCE,Révisable
2023014500,"Acquisition de mobilier scolaire, de CDI et de Centre de Ressources des lycées de Normandie (EPLE) et prestations d'aménagement intérieur, d'installation et de montage des mobiliers: Lot 02: Mobilier de CDI et de centres de ressources",1000000.0,39160000-1,Mobilier & ménager,Appel d'offres ouvert,2023-11-27,20005340300057,,38365393800027,,Région Normandie,Révisable
2023P0004LOT0600,LOT 06 - Cloisons - Doublages - Faux plafonds,53095.1,44112300-1,Matériaux de construction,Procédure adaptée,2023-11-27,20004921100010,,84384884700011,,Prades,Ferme et actualisable
2023R037MS005600,DMSPAN 2024 _2023-R037_MS1__LOTS_128,100000.0,33000000-0,Matériel médical,Appel d'offres ouvert,2023-11-27,13000501000025,,30263848100127,,FRANCE,Révisable
2023R037MS001700,DMSPAN 2024 _2023-R037_MS1__LOT_71,100000.0,33000000-0,Matériel médical,Appel d'offres ouvert,2023-11-27,13000501000025,,47964043500042,,FRANCE,Révisable
2023R037MS003800,DMSPAN 2024 _2023-R037_MS1__LOT_307,100000.0,33000000-0,Matériel médical,Appel d'offres ouvert,2023-11-27,13000501000025,,61203061900102,,FRANCE,Révisable
2023R037MS001300,DMSPAN 2024 _2023-R037_MS1__LOTS_12_13_78_199,300000.0,33000000-0,Matériel médical,Appel d'offres ouvert,2023-11-27,13000501000025,,81236560900039,,FRANCE,Révisable
2023R037MS000400,DMSPAN 2024 _2023-R037_MS1__LOT_116,200000.0,33000000-0,Matériel médical,Appel d'offres ouvert,2023-11-27,13000501000025,,42248516900037,,FRANCE,Révisable
